rainfall_intensity_mmh,rainfall_24h_mm,rainfall_72h_mm,antecedent_precip_index,soil_moisture_vwc,pore_water_pressure_kpa,slope_deg,elevation_m,lithology_weakness,historical_density,distance_to_road_cut_m,distance_to_drainage_m,sensor_anomaly_score,risk_score,landslide_occurred
3.2,22.33,46.88,68.32,35.63,0.0,23.5,1125.2,3,1.08,307.0,50.0,11.14,40.0,0
15.36,112.46,275.0,192.06,88.0,48.0,41.76,2266.9,4,2.75,76.9,22.9,2.0,99.1,1
6.48,58.9,128.87,104.36,52.13,14.8,50.82,1643.9,4,1.86,91.1,111.0,6.53,99.5,1
6.79,37.05,56.2,71.37,35.76,2.31,40.5,2058.7,5,1.04,4.7,92.7,0.66,95.3,1
3.06,18.98,31.51,47.17,24.54,0.0,50.66,1602.8,4,0.54,276.6,202.0,4.62,49.6,0
1.65,7.26,12.39,46.29,18.79,0.0,42.75,964.7,2,1.31,36.5,33.6,4.4,31.4,0
1.17,13.75,24.21,63.99,24.76,0.0,42.01,1846.9,1,1.56,460.3,148.6,3.86,27.0,0
15.75,83.11,182.13,128.63,70.28,35.96,31.6,783.5,3,1.79,27.1,212.8,0.43,97.3,1
7.32,34.9,73.47,84.69,40.78,7.7,38.43,1552.9,4,1.67,35.1,63.9,0.7,89.5,1
10.36,49.55,83.46,69.62,48.87,11.06,35.75,1145.0,2,1.73,79.5,272.6,7.33,89.6,1
0.74,3.21,4.8,26.77,18.35,0.0,35.46,614.8,4,1.16,129.6,101.8,47.27,46.1,0
27.17,133.22,218.49,148.5,82.36,48.0,33.84,1167.8,3,1.49,69.7,31.9,14.57,100.0,1
16.77,70.56,196.01,138.52,75.59,42.24,37.92,951.6,4,0.61,52.0,39.0,1.96,100.0,1
2.44,17.88,36.77,43.29,26.64,0.0,24.98,535.7,2,0.31,93.2,58.9,1.28,12.5,0
1.65,9.97,26.07,37.33,27.74,0.0,42.9,2030.0,2,1.68,381.3,31.0,0.03,34.5,0
0.85,10.27,26.58,62.76,33.46,0.0,28.54,1347.0,2,0.09,392.3,149.0,3.99,18.2,0
1.08,13.32,28.18,56.7,29.01,0.0,33.87,1027.3,3,0.12,47.7,536.2,0.19,26.9,0
3.73,30.87,73.76,96.69,42.01,6.73,38.81,1360.4,2,0.51,136.8,407.5,0.05,68.3,1
2.74,28.19,47.07,62.56,28.95,0.0,28.12,1884.6,4,0.39,153.6,70.4,44.23,65.6,1
3.1,24.92,58.9,54.16,48.3,7.42,19.29,338.4,3,0.84,127.2,360.0,5.22,50.2,0
4.75,43.13,76.82,69.68,37.62,8.21,32.74,1448.2,4,0.84,14.4,554.3,4.15,87.1,1
1.0,11.79,30.24,39.05,18.46,0.0,23.84,1306.2,5,0.22,93.0,62.7,0.02,19.3,0
6.19,26.39,40.04,45.72,36.37,0.0,42.05,2175.4,3,0.51,172.9,424.2,9.29,51.3,0
2.18,26.76,66.42,78.46,37.91,0.0,26.2,1467.5,2,0.01,26.9,1073.4,12.49,49.7,0
7.23,35.27,54.31,64.18,33.39,0.0,48.62,588.4,4,0.78,51.4,287.6,3.21,78.1,1
6.54,61.74,162.61,128.04,62.26,22.63,35.95,1116.2,1,2.87,27.3,89.0,19.32,97.1,1
2.75,11.68,21.33,25.57,37.2,0.0,36.5,1604.2,2,0.56,261.6,168.8,3.49,19.6,0
6.04,26.06,60.37,45.23,39.03,10.44,19.16,396.5,3,1.86,234.7,81.5,8.38,55.3,1
8.09,42.3,88.1,72.11,47.97,8.33,37.23,2157.8,2,0.19,22.2,992.1,2.24,85.6,1
0.68,3.48,6.66,14.17,22.84,0.0,35.32,442.3,3,0.02,171.5,12.6,25.1,21.3,0
3.02,37.28,85.87,96.16,45.67,14.34,24.96,364.2,3,1.24,54.3,402.4,6.64,89.5,1
3.6,14.53,39.62,35.81,39.48,3.99,36.74,304.2,3,1.11,139.1,13.9,2.65,44.8,0
2.48,10.82,15.77,47.84,22.91,0.0,32.62,1735.9,2,0.38,81.6,7.8,25.19,25.5,0
26.26,113.09,303.8,219.82,88.0,48.0,34.16,1257.4,3,0.61,76.6,506.2,2.46,99.0,1
23.14,120.47,271.38,184.7,88.0,48.0,36.22,515.9,2,0.06,255.7,363.5,9.19,98.0,1
8.81,63.53,160.74,146.05,67.99,32.52,31.99,2098.0,2,2.88,121.6,80.8,1.41,100.0,1
5.1,21.97,42.57,58.75,32.57,0.0,38.09,725.7,3,0.65,32.3,568.6,0.45,47.6,0
2.35,18.14,37.39,39.91,33.29,0.34,35.26,985.3,3,0.45,14.1,356.3,3.05,52.8,0
9.0,51.26,134.12,132.44,55.33,18.86,40.02,673.2,3,2.94,325.1,418.1,14.26,97.9,1
3.31,34.14,67.63,51.0,39.06,3.75,31.51,2246.2,2,0.07,20.0,162.7,10.81,58.3,1
3.78,15.99,34.35,36.41,28.83,0.0,26.95,1891.9,5,0.6,158.9,572.0,6.47,31.9,0
3.41,32.8,46.85,69.29,29.57,0.0,29.97,1820.3,2,0.55,82.2,298.5,1.44,36.5,0
0.49,4.11,6.66,41.25,29.0,0.0,48.26,392.4,4,0.55,18.1,506.3,0.84,61.8,0
16.44,94.02,216.08,158.47,72.03,43.22,44.13,1397.7,1,0.02,179.9,59.5,15.85,97.8,1
4.16,19.83,47.67,38.78,47.51,5.85,46.31,1508.5,4,4.91,281.8,136.7,34.82,96.4,1
8.72,47.06,104.26,111.38,54.46,19.79,46.9,1103.3,3,3.59,15.5,364.0,3.86,96.5,1
2.44,20.42,32.69,40.36,18.48,0.0,32.04,975.7,3,0.96,8.3,156.0,26.14,63.0,0
2.7,33.62,68.04,58.03,37.71,6.13,38.51,2089.1,2,1.06,227.5,290.7,10.17,60.1,1
6.83,32.71,62.05,68.56,36.36,1.33,36.64,348.3,3,1.34,83.4,650.8,7.29,72.6,1
3.7,14.94,31.29,66.3,31.11,0.0,41.61,1613.2,4,1.17,134.7,293.9,0.09,55.4,0
27.26,125.21,327.86,220.07,88.0,48.0,33.54,1127.9,4,2.72,69.9,68.2,0.0,100.0,1
10.18,64.31,159.88,143.38,64.96,32.24,36.79,1698.5,2,1.21,63.8,22.7,15.0,100.0,1
23.59,100.96,153.22,130.36,62.18,34.73,36.61,715.6,3,0.38,42.7,57.3,21.35,98.2,1
11.99,80.1,211.98,161.93,74.93,40.17,40.52,801.2,1,0.22,99.3,195.7,7.65,100.0,1
6.5,38.43,79.19,89.95,36.91,1.38,41.57,1532.4,1,4.51,20.9,2.0,9.5,93.1,1
15.97,99.1,241.96,205.73,88.0,48.0,36.8,2357.9,2,0.09,151.6,37.9,1.69,97.2,1
1.53,9.81,15.66,25.49,14.2,0.0,37.05,2346.8,2,4.1,95.7,71.3,9.34,37.9,0
2.5,11.79,27.57,29.38,30.59,0.0,37.92,822.9,4,2.11,225.7,374.6,4.94,48.3,0
1.69,9.99,17.3,57.32,29.63,0.0,50.0,514.9,3,0.93,304.6,9.4,6.67,49.6,0
2.54,18.98,38.22,59.94,29.39,0.0,21.3,1539.7,4,0.37,277.0,9.2,33.33,46.5,0
3.87,31.22,44.44,53.6,32.76,0.0,27.76,1182.0,4,0.67,110.3,144.4,10.59,50.6,0
2.15,24.92,40.18,56.91,38.23,2.4,41.73,1899.5,3,1.36,46.1,35.2,3.08,69.1,1
12.41,69.3,105.95,107.42,45.44,17.85,38.29,1408.8,3,1.93,53.0,49.9,8.1,96.8,1
2.42,20.36,35.34,62.76,26.29,0.0,38.23,1372.2,5,2.12,126.9,36.7,0.27,62.3,1
2.38,22.6,34.8,69.02,26.77,0.0,41.67,1657.6,3,1.07,149.4,156.8,11.0,56.2,1
5.34,27.93,66.17,67.22,45.52,9.94,37.82,565.5,3,0.84,21.1,10.3,12.1,87.4,1
2.44,12.44,17.92,29.85,32.77,0.0,31.25,1722.0,4,2.63,742.8,506.4,15.77,47.9,0
12.84,61.76,139.88,124.71,50.79,15.23,41.34,1325.9,1,4.67,13.6,23.7,9.02,100.0,1
2.74,16.52,26.38,40.86,33.42,0.0,36.18,2022.3,4,4.43,112.1,545.1,6.69,74.4,0
35.23,151.88,413.59,300.59,88.0,48.0,32.2,591.3,2,1.44,90.9,271.0,5.99,95.9,1
14.37,60.07,162.58,129.58,74.84,38.85,41.87,931.6,4,0.15,107.3,316.9,10.18,100.0,1
4.1,18.86,32.36,32.92,31.37,0.0,41.53,2295.5,4,0.14,91.6,34.1,1.89,42.5,0
1.4,7.47,16.88,37.1,24.46,0.0,37.83,1461.5,3,0.93,7.2,199.4,5.45,47.6,0
7.95,60.43,86.97,92.62,51.22,16.43,50.6,2251.5,4,2.38,660.4,305.8,3.32,89.2,1
14.22,57.54,155.6,142.11,67.76,32.32,47.28,1747.0,4,1.24,477.4,147.0,0.24,98.3,1
6.77,53.47,114.0,101.3,65.39,29.56,44.52,2245.5,3,1.78,89.2,144.2,14.05,96.9,1
6.96,60.85,88.87,70.2,50.63,17.18,57.81,967.4,5,3.34,28.0,31.3,26.2,100.0,1
0.97,6.24,11.73,31.29,24.21,0.0,34.76,490.1,3,0.07,24.2,96.3,6.71,29.1,0
2.04,22.79,34.36,62.71,22.58,0.0,32.05,1984.7,4,4.63,7.0,29.4,5.89,89.9,1
2.65,10.75,20.96,37.2,22.38,0.0,43.31,1989.4,3,0.72,113.6,649.2,14.58,34.3,0
12.73,70.72,165.34,143.82,57.68,25.68,33.85,1599.5,3,0.09,78.1,207.8,16.1,100.0,1
6.25,35.76,73.59,75.66,39.32,2.37,36.1,1517.1,1,3.25,64.6,8.9,2.43,78.7,1
5.1,26.63,51.58,49.38,40.0,6.02,27.62,2221.3,2,4.9,89.4,116.6,14.61,83.4,1
0.97,5.9,9.24,46.83,22.56,0.0,41.16,670.6,4,2.63,247.5,182.9,27.27,63.8,1
1.36,15.96,27.82,26.87,33.92,0.0,23.5,1594.7,3,2.94,8.8,18.1,9.79,68.5,1
3.93,21.34,32.87,49.98,31.23,0.0,35.18,404.5,3,3.69,94.3,196.8,13.0,76.8,0
11.56,57.31,145.01,108.66,58.19,22.82,35.87,595.8,3,1.33,144.9,35.1,0.04,99.5,1
5.5,36.45,57.93,45.67,36.75,3.66,32.29,1218.3,2,2.05,423.6,94.3,28.85,71.1,1
17.75,85.03,189.92,151.08,76.01,43.92,21.06,2024.5,3,0.61,161.5,176.8,2.67,100.0,1
2.86,24.16,45.41,57.0,33.55,0.0,21.0,1839.6,3,0.52,95.3,81.8,0.72,28.0,0
0.59,5.0,8.59,42.39,23.31,0.0,29.66,2345.5,5,1.69,174.7,86.3,11.79,39.1,0
4.78,44.51,102.16,104.92,43.99,10.25,40.58,394.2,3,2.39,699.4,334.0,1.55,91.3,1
8.96,62.58,127.64,120.72,53.14,20.95,38.46,1100.8,4,0.91,263.5,66.6,24.53,94.6,1
6.86,30.61,59.99,62.43,50.35,13.57,35.86,633.5,4,0.92,11.2,191.7,0.28,93.2,1
11.54,52.26,116.55,109.18,60.0,21.53,28.48,377.6,2,5.55,102.6,340.5,5.97,100.0,1
4.41,30.4,63.46,72.21,28.93,0.0,38.9,855.2,4,1.32,185.3,29.8,1.2,63.3,1
6.94,38.55,70.35,69.7,25.5,0.0,20.71,813.4,1,7.72,133.7,8.5,2.67,86.0,1
4.75,23.46,51.2,65.16,34.79,0.0,15.63,1182.1,3,3.58,64.7,314.3,7.87,58.4,1
0.87,7.23,16.89,58.61,30.09,0.0,33.93,594.2,2,1.84,46.7,144.2,14.45,46.2,0
0.5,4.59,6.6,17.97,18.73,0.0,31.36,1326.0,3,0.02,118.3,316.5,1.52,8.1,0
1.93,7.85,16.12,56.24,30.64,0.0,44.61,2232.2,3,0.63,63.8,43.1,24.2,57.5,0
8.15,44.07,65.26,49.83,38.63,4.95,37.34,1871.2,4,0.97,59.7,321.8,0.62,77.4,1
5.37,21.77,36.16,42.38,29.15,0.0,50.03,2068.6,5,1.9,217.5,18.0,0.58,76.2,0
4.1,29.85,65.22,60.36,42.8,6.84,31.34,1989.9,4,0.91,45.5,386.5,30.4,88.2,1
17.57,88.08,230.12,182.76,81.24,48.0,40.14,1118.2,3,3.17,124.3,311.2,9.79,97.1,1
1.37,11.64,30.67,30.84,26.87,0.0,33.86,1788.8,3,1.96,248.0,150.8,6.62,29.1,0
2.98,23.99,35.94,68.07,34.08,0.0,47.74,1883.9,4,0.77,116.7,168.7,13.69,71.6,1
8.48,50.8,100.92,107.89,48.07,18.17,34.27,731.9,2,2.76,81.5,76.4,0.0,100.0,1
2.77,20.59,45.64,64.01,44.23,7.41,43.26,2106.6,2,0.65,4.3,40.5,21.13,84.5,1
1.88,17.3,27.78,43.68,31.94,0.0,26.84,1261.3,2,0.12,137.3,109.4,5.95,18.6,0
3.31,26.53,65.56,89.6,42.13,4.39,32.47,334.4,3,0.34,720.2,192.8,0.45,51.1,0
1.65,19.13,46.71,72.75,32.78,0.0,35.29,1651.1,4,0.0,198.3,1166.2,7.86,41.0,0
20.36,101.94,271.62,204.02,88.0,48.0,46.74,1721.2,4,3.21,120.8,305.9,9.28,94.2,1
11.18,68.29,96.42,99.26,45.06,10.51,17.32,1458.7,3,1.78,76.0,102.5,8.95,91.0,1
3.78,39.4,67.11,74.14,40.49,6.36,33.17,746.1,4,1.52,30.5,244.7,6.65,85.9,1
8.87,81.26,207.88,166.58,72.71,42.84,32.88,1312.8,3,1.95,141.4,20.6,0.92,96.2,1
6.22,63.81,149.25,116.91,68.03,37.32,18.35,1140.3,3,1.91,23.4,96.5,0.7,96.6,1
2.66,14.46,38.34,50.72,32.48,0.0,32.06,2346.8,2,1.5,261.7,99.6,1.92,27.6,0
8.59,89.45,132.38,94.56,68.96,41.22,22.9,2031.8,3,3.33,52.4,1214.2,21.38,96.6,1
6.53,31.36,70.11,66.65,53.98,16.81,16.19,1900.0,3,1.05,61.3,89.3,1.18,72.8,1
5.21,62.43,137.13,125.45,62.98,24.3,33.77,680.3,4,2.94,29.2,15.7,0.12,100.0,1
11.4,93.12,135.02,135.66,58.22,29.43,33.48,995.2,4,2.78,78.9,12.5,4.75,97.5,1
3.3,14.24,30.17,67.95,22.77,0.0,33.92,1097.4,2,0.4,136.9,215.7,1.1,15.4,0
2.3,11.37,25.61,46.65,32.6,0.0,38.15,1334.5,1,1.09,43.3,61.4,15.18,38.6,0
2.1,22.75,37.94,56.96,31.88,0.0,28.53,363.5,4,3.24,145.2,365.7,14.27,69.7,0
6.29,28.65,51.08,46.56,37.53,0.0,51.22,1545.3,3,3.2,116.3,118.7,19.88,84.8,1
11.11,67.83,155.77,137.54,73.99,34.57,35.72,1051.5,2,0.04,55.9,72.2,8.75,96.1,1
16.29,72.74,149.53,105.38,56.92,25.23,46.93,1479.5,2,0.45,45.0,256.2,8.36,100.0,1
0.98,5.39,14.03,26.93,18.38,0.0,21.72,318.9,1,0.99,237.1,97.3,16.99,7.9,0
7.41,37.8,71.04,81.25,38.47,2.82,28.91,975.0,3,0.09,1.4,240.7,0.04,81.6,1
6.79,27.3,48.41,50.43,38.48,3.5,41.83,1914.2,3,0.54,151.0,225.4,33.39,72.8,1
1.97,16.51,45.88,37.07,36.18,0.0,34.07,1352.3,4,0.54,64.8,231.2,1.26,41.4,0
1.11,5.96,15.95,52.8,19.09,0.0,26.88,1956.7,5,0.43,151.8,350.2,0.79,22.6,0
2.32,14.66,21.12,32.69,30.45,0.0,20.37,1767.8,2,0.91,85.0,339.6,9.64,14.0,0
9.94,114.66,284.26,192.61,88.0,48.0,42.23,2095.3,2,3.02,10.5,196.6,0.51,100.0,1
1.59,19.32,30.03,27.88,23.38,0.0,41.54,315.6,3,0.5,482.4,566.2,20.96,30.6,0
3.47,34.65,49.84,48.73,33.26,2.45,38.07,848.8,3,1.57,10.8,3.8,1.43,80.7,1
8.32,43.69,77.9,63.65,38.49,5.27,31.78,1452.5,4,1.47,20.7,479.8,5.01,87.2,1
4.6,26.07,46.32,69.95,38.31,0.0,26.54,2276.1,3,3.07,65.4,28.9,10.23,73.5,1
24.17,138.86,353.69,249.37,88.0,48.0,35.55,1727.6,2,0.9,347.2,42.8,0.03,100.0,1
10.55,123.51,295.79,233.47,88.0,48.0,24.82,1258.8,4,0.46,41.6,306.1,0.07,99.4,1
1.92,12.04,33.41,34.54,27.87,0.0,29.61,573.3,4,4.0,100.9,92.1,0.02,58.9,1
7.78,32.79,78.58,78.26,41.27,7.82,46.72,1335.8,2,3.22,88.4,99.7,12.16,92.7,1
3.55,24.02,47.7,66.97,40.62,3.19,20.27,1226.3,2,1.75,48.1,54.5,7.62,58.4,1
3.32,17.83,42.41,61.91,31.33,0.0,41.76,1934.7,3,0.18,143.0,45.8,4.83,42.0,0
3.09,14.51,40.63,58.46,40.34,0.0,48.7,1168.0,2,0.03,83.5,20.2,22.75,50.5,0
9.1,42.65,102.11,112.99,51.83,14.2,42.94,969.6,3,0.36,103.6,39.4,0.51,90.3,1
6.38,37.94,93.57,76.1,32.08,3.62,39.38,488.4,4,0.39,28.3,150.6,2.28,78.3,1
2.53,11.2,30.4,46.98,35.58,0.0,32.06,397.7,2,0.26,313.3,220.7,13.94,21.3,0
1.96,13.4,20.89,58.36,31.33,0.0,30.51,1222.2,4,0.55,14.1,241.7,7.84,54.8,0
20.39,88.26,210.64,145.42,84.69,48.0,16.89,1028.4,4,0.74,140.6,83.2,6.45,94.7,1
1.52,12.61,32.68,28.76,17.68,0.0,36.31,1466.2,2,2.53,260.5,459.1,9.04,26.9,0
2.44,19.11,52.29,49.49,30.66,0.0,32.58,1795.0,3,2.23,10.5,71.7,17.96,69.0,1
3.11,34.94,59.23,71.98,33.05,0.0,30.07,384.0,3,0.2,3.5,21.2,11.12,83.3,1
34.16,158.69,334.12,233.87,88.0,48.0,35.83,1342.1,2,6.8,48.6,522.8,7.66,98.7,1
2.14,14.21,33.44,35.3,39.82,4.84,36.53,2110.1,2,2.51,187.2,140.0,19.91,64.0,0
4.97,41.79,72.99,73.09,40.37,10.56,30.6,1255.8,3,0.32,151.6,639.6,5.18,69.7,1
7.35,61.53,137.87,122.23,58.39,24.84,49.71,1394.6,4,0.24,207.2,90.1,0.1,98.6,1
3.87,16.61,29.24,35.19,31.5,0.0,42.21,1322.3,3,0.16,60.8,254.9,2.84,38.7,0
10.86,48.98,91.44,77.97,49.02,11.93,43.62,1118.6,1,2.37,609.2,21.0,0.75,95.2,1
4.4,25.3,51.05,65.8,14.29,0.0,35.12,531.3,5,0.49,54.7,346.4,4.98,54.0,0
6.58,35.62,76.26,97.13,37.48,5.62,40.35,565.3,4,0.14,196.4,33.7,0.85,73.8,1
6.43,40.03,81.22,88.16,34.26,2.67,28.39,676.1,3,0.99,51.8,12.8,14.71,76.0,1
4.97,33.89,70.84,86.28,42.24,6.78,41.66,1964.4,3,2.22,29.6,18.5,37.4,92.6,1
1.3,5.53,10.06,28.04,21.08,0.0,34.26,878.2,3,0.65,49.3,146.7,12.24,25.8,0
7.9,77.9,126.39,99.41,55.48,25.27,27.31,2291.1,5,1.19,25.7,62.1,1.2,100.0,1
2.52,16.67,24.45,41.33,14.37,0.0,35.81,2001.4,2,0.39,16.6,583.7,0.27,29.4,0
1.27,9.18,15.37,51.31,22.44,0.0,33.52,1737.5,4,1.01,54.3,344.7,11.54,42.2,0
0.74,4.51,9.99,32.03,29.49,0.0,55.75,1812.8,3,0.8,19.1,292.7,1.63,55.9,1
6.76,42.82,107.07,112.7,58.44,22.91,39.7,400.0,4,1.02,83.7,298.6,6.54,94.1,1
7.74,46.0,75.3,98.44,45.4,6.48,49.43,1493.6,4,1.13,4.3,398.4,0.12,97.1,1
0.94,9.07,14.07,17.39,15.93,0.0,45.62,2276.2,3,0.17,67.7,360.7,29.41,32.5,0
4.25,25.43,62.28,47.53,45.0,9.87,36.32,382.1,5,0.18,380.4,474.1,2.86,67.1,1
1.15,9.51,17.37,23.02,29.21,0.0,32.23,911.1,5,0.54,53.3,490.3,2.23,30.0,0
4.78,42.95,117.35,98.57,52.15,15.52,21.21,408.2,1,0.22,17.8,63.8,0.63,85.1,1
1.73,18.96,45.5,40.47,20.59,0.0,28.6,1496.5,2,0.52,43.7,44.6,1.82,19.7,0
11.4,54.38,101.0,109.83,54.0,20.76,41.63,544.0,4,0.04,188.0,185.5,0.04,100.0,1
2.81,18.41,33.24,27.65,25.76,0.0,33.43,1306.4,5,0.78,45.2,23.7,2.52,43.4,0
19.53,104.69,223.32,164.37,84.61,48.0,39.19,1811.9,3,0.43,58.0,42.7,30.51,99.6,1
3.84,18.88,28.52,31.85,28.4,0.0,18.74,645.3,1,4.01,186.6,266.9,0.2,25.5,0
3.99,20.42,31.95,67.69,38.18,0.0,39.85,1886.3,3,3.52,36.2,188.6,7.57,85.4,1
2.67,16.66,27.42,52.95,26.93,0.0,45.32,426.4,2,0.64,78.1,189.4,0.21,41.5,0
13.5,92.52,229.88,195.46,84.28,48.0,20.91,614.2,3,1.16,7.8,541.5,0.21,100.0,1
12.59,87.47,185.39,169.26,81.38,47.89,39.16,888.2,3,5.61,22.9,198.3,21.85,100.0,1
4.1,21.71,30.72,47.34,24.65,0.0,47.42,1971.8,3,1.34,28.2,101.4,0.02,58.3,1
8.51,51.88,121.54,94.55,58.92,19.34,50.28,2085.3,5,3.4,74.7,59.2,14.1,98.0,1
15.62,69.63,138.79,103.93,57.67,24.36,31.72,762.8,3,3.15,206.4,74.4,0.08,99.3,1
7.73,33.81,71.51,61.51,34.01,2.77,42.63,501.1,1,5.1,52.5,58.6,13.75,89.0,1
4.41,40.47,68.79,81.6,39.27,9.23,48.15,2080.7,3,0.66,57.5,6.4,45.97,97.4,1
1.43,13.82,30.03,26.34,32.56,3.07,39.41,1663.7,3,0.08,43.0,54.6,28.56,50.7,0
1.57,8.4,23.28,22.45,34.64,1.78,46.92,631.5,4,0.2,46.4,324.7,9.73,44.3,0
11.83,90.14,135.47,120.42,66.78,32.69,35.7,1471.2,3,1.52,62.0,234.5,0.07,98.5,1
7.67,92.22,165.76,141.64,64.64,33.55,39.35,2132.0,4,1.36,275.6,175.0,2.85,94.8,1
11.33,49.03,85.33,90.4,37.97,5.56,30.72,446.0,5,0.64,3.0,418.5,1.5,92.7,1
2.08,17.56,30.7,41.69,26.68,0.0,34.6,475.8,3,0.51,117.6,55.2,0.05,28.0,0
6.43,27.0,52.12,75.15,27.51,0.0,39.69,874.6,5,2.22,262.4,155.2,11.16,82.4,0
11.39,56.38,143.52,122.3,58.88,31.73,30.08,1669.8,2,0.75,64.7,5.7,16.28,92.1,1
16.89,80.55,215.71,149.96,78.35,41.43,34.1,673.8,3,1.67,126.3,400.6,15.73,99.4,1
9.39,82.15,138.26,130.74,63.08,29.8,42.47,2014.4,1,2.24,105.7,106.9,0.0,100.0,1
6.86,57.22,123.59,128.22,41.37,14.68,53.45,1875.9,2,1.01,49.6,35.3,11.46,92.8,1
6.83,40.52,92.87,68.06,41.6,5.59,18.58,1478.1,3,0.39,17.7,49.2,1.17,68.2,1
1.95,17.82,37.97,47.29,26.28,0.0,52.8,543.7,1,3.55,29.8,339.4,2.52,65.7,0
2.09,15.81,31.75,47.57,36.01,2.09,33.79,2375.3,2,0.18,7.1,20.7,36.02,67.7,0
12.23,90.85,151.61,110.14,55.77,28.49,44.2,1329.1,2,3.18,173.6,466.7,32.03,100.0,1
5.07,47.29,98.52,108.09,48.95,15.27,45.87,1249.4,3,3.26,91.3,84.2,0.08,99.0,1
0.69,5.98,11.73,25.41,22.52,0.0,49.3,2390.7,1,1.52,184.8,52.0,30.23,31.0,0
3.38,15.77,39.65,66.01,37.36,0.0,29.81,2114.1,3,1.79,41.1,72.6,8.37,62.0,1
4.84,44.64,110.21,106.83,54.44,17.48,34.09,1258.4,3,0.8,196.0,94.7,0.6,89.9,1
1.12,13.22,20.99,45.55,26.6,0.0,35.54,1179.5,3,3.32,44.4,143.0,0.01,62.6,0
1.65,8.85,13.48,22.41,20.45,0.0,32.96,501.4,1,0.55,15.5,159.1,12.13,20.0,0
10.34,42.06,112.37,87.97,40.35,10.86,47.21,2245.7,3,1.48,91.6,106.9,2.34,90.6,1
6.06,44.49,95.64,69.29,48.26,14.6,35.35,2071.9,3,0.0,348.7,106.4,52.36,93.3,1
4.19,41.83,108.81,86.56,53.65,18.34,22.24,951.0,3,5.06,64.2,60.5,21.64,99.7,1
3.58,20.23,29.97,40.03,18.94,0.0,30.62,1882.0,4,5.33,86.9,87.2,25.92,85.4,1
11.59,49.5,105.78,111.25,42.22,5.45,22.58,1901.7,2,2.23,72.0,113.3,0.0,85.9,1
3.97,18.6,40.09,47.55,32.74,0.0,34.06,778.6,4,0.99,73.4,163.9,37.38,68.7,1
3.8,20.45,53.26,73.58,36.95,2.89,41.72,1588.7,2,0.35,29.0,25.2,2.36,59.6,1
7.9,59.17,90.92,83.87,39.51,2.23,30.44,835.6,3,1.22,65.9,259.9,0.07,82.1,1
6.91,40.13,69.69,85.62,36.07,5.04,32.57,1958.8,1,2.82,82.4,205.4,10.07,79.7,1
6.41,67.1,132.12,134.81,45.97,14.06,33.66,623.0,4,1.67,163.9,63.9,9.43,100.0,1
8.21,42.01,109.74,87.13,58.99,21.77,37.2,1704.7,3,1.35,18.1,110.7,3.78,99.2,1
7.42,36.52,99.12,108.23,39.95,6.2,40.39,984.6,5,3.41,101.7,528.5,31.32,95.9,1
1.46,5.96,16.64,43.79,27.91,0.0,42.86,376.0,5,0.68,130.2,3.7,23.82,51.2,0
2.66,21.37,58.61,79.87,36.2,0.0,55.17,559.8,5,3.54,57.9,300.2,0.44,96.1,1
1.4,16.79,23.64,49.69,34.36,0.0,37.05,1675.3,2,1.04,95.6,129.0,10.4,44.6,0
1.84,10.65,15.62,34.23,19.62,0.0,42.25,803.8,3,0.0,148.9,173.6,20.85,26.0,0
27.06,135.18,217.19,156.44,81.18,48.0,22.51,1625.2,3,2.37,75.1,207.7,0.44,100.0,1
6.59,30.74,58.06,45.89,26.07,0.0,32.78,1171.1,3,3.78,48.7,109.6,2.38,68.7,1
9.06,80.19,205.43,162.63,65.89,33.0,33.7,1754.7,3,1.19,209.0,38.3,6.92,100.0,1
5.46,43.87,116.25,125.13,56.13,14.81,27.35,1335.2,1,1.09,539.2,432.6,5.14,86.1,1
10.93,65.4,108.67,108.85,39.72,11.85,31.44,947.9,4,2.95,29.3,242.6,23.47,100.0,1
4.19,30.74,69.69,65.03,38.14,0.0,35.09,606.2,5,3.89,264.2,147.6,6.9,95.1,1
9.19,40.62,109.04,113.1,56.6,20.0,31.71,1016.3,3,6.6,94.6,107.1,32.03,100.0,1
4.8,29.9,61.27,79.43,41.64,6.34,58.0,1633.3,3,0.76,71.3,124.5,1.67,84.8,1
3.28,15.17,23.44,32.91,22.58,0.0,40.35,1855.0,5,1.63,268.4,312.2,0.1,41.8,0
8.04,44.97,91.79,65.3,36.17,7.0,53.01,636.7,3,3.12,289.4,2.3,4.02,87.8,1
4.63,21.91,42.2,37.75,34.87,0.0,48.69,1695.0,5,1.37,38.2,360.9,27.84,85.8,1
1.47,10.78,23.81,59.96,34.72,0.0,30.57,676.5,4,1.12,53.2,8.6,2.78,44.5,0
8.16,36.87,74.26,90.91,36.82,2.66,36.32,765.8,3,1.53,229.2,172.2,3.5,70.3,1
1.56,12.35,17.58,29.71,20.1,0.0,32.3,1415.8,4,0.79,81.0,72.9,3.0,28.8,0
19.6,113.42,316.63,223.64,88.0,48.0,34.62,907.3,4,0.38,40.8,204.1,0.06,99.5,1
13.27,114.03,246.4,200.84,88.0,48.0,27.7,1689.4,3,0.12,393.0,16.1,3.37,100.0,1
15.08,93.75,193.42,172.92,81.53,48.0,32.25,2307.1,2,1.69,29.4,146.2,6.3,96.0,1
4.0,29.83,81.63,93.12,35.42,4.95,39.06,612.7,4,0.86,113.1,347.9,0.07,79.8,1
1.42,11.3,18.29,44.14,16.13,0.0,38.83,1498.1,1,3.86,67.0,122.8,10.64,43.4,0
24.68,100.97,168.12,125.2,81.11,48.0,38.15,2238.9,4,0.45,72.0,15.9,0.12,96.3,1
3.38,31.53,79.81,80.53,41.28,8.93,35.49,670.7,3,0.67,13.4,6.9,3.99,87.6,1
28.23,131.99,232.99,166.95,86.76,48.0,43.32,1070.4,2,6.34,35.7,174.7,7.51,97.6,1
30.38,122.83,309.41,242.48,88.0,48.0,33.82,559.6,4,1.46,21.9,13.0,19.26,100.0,1
6.19,74.24,132.15,108.31,59.94,29.79,47.83,1648.3,3,0.77,166.2,13.3,5.64,99.6,1
3.58,18.0,26.03,59.44,33.05,0.0,20.3,1705.2,3,3.55,143.6,99.7,10.59,48.6,0
3.88,31.52,66.94,65.69,40.54,6.49,41.58,1694.8,1,2.45,189.6,42.3,0.28,72.7,1
6.7,77.12,129.21,126.07,66.62,34.96,40.15,1438.5,3,1.53,144.2,41.1,3.53,100.0,1
2.17,14.59,35.9,43.34,28.09,0.0,30.27,1867.1,2,3.96,16.5,118.0,17.67,68.7,0
4.65,19.44,44.68,53.85,30.93,0.0,32.98,375.3,2,0.18,461.3,59.3,15.0,21.3,0
2.93,35.69,96.11,95.17,48.3,11.65,39.95,2310.8,2,0.9,25.1,44.6,29.13,100.0,1
17.51,97.33,242.95,166.08,88.0,48.0,43.79,766.4,1,2.99,51.8,130.0,1.22,96.6,1
8.25,49.92,82.53,101.31,44.48,12.73,21.13,555.3,3,0.88,147.3,61.9,0.1,83.1,1
8.18,35.8,90.23,89.46,37.56,1.57,41.34,2276.4,3,4.7,18.2,15.1,5.93,92.7,1
1.58,16.74,38.49,52.87,32.65,0.0,32.11,2043.9,3,0.3,22.4,206.6,2.27,40.0,0
7.14,36.47,85.21,98.16,41.61,10.01,45.56,1906.2,3,0.74,251.1,158.6,0.49,84.4,1
33.99,173.77,445.74,333.69,88.0,48.0,20.37,520.0,4,1.0,48.4,42.9,12.81,99.9,1
2.64,13.65,30.07,48.05,28.61,0.0,56.79,1995.8,1,2.09,131.4,157.1,0.04,45.6,0
6.34,26.39,54.16,81.93,29.39,0.0,28.47,1578.9,3,0.39,234.9,560.6,0.01,36.6,0
19.36,88.03,201.7,139.02,69.66,33.23,48.15,1837.0,4,0.02,434.3,564.2,2.31,96.0,1
4.79,54.94,99.83,74.99,32.26,0.0,35.41,2353.9,1,6.75,28.3,136.6,9.0,97.6,1
7.39,46.16,76.42,81.53,51.88,13.48,29.04,708.3,3,4.12,15.7,18.6,4.0,97.3,1
7.3,49.47,111.96,93.71,54.68,24.06,38.25,1359.2,3,0.64,162.0,110.3,31.98,97.2,1
3.78,28.46,49.16,57.85,33.06,0.0,44.75,1882.0,2,1.19,25.0,4.9,8.54,68.1,0
2.62,16.74,25.31,36.21,23.08,0.0,22.8,1210.7,2,1.21,104.2,96.6,0.15,17.2,0
8.85,60.9,85.3,78.66,26.63,0.0,41.96,414.8,4,3.66,91.3,432.3,8.48,97.6,1
9.22,60.08,135.28,129.95,53.51,20.07,35.9,534.0,3,1.64,98.5,113.4,2.61,97.2,1
18.51,75.1,143.21,124.79,64.39,26.79,40.9,1564.4,3,3.15,125.9,143.9,33.13,97.8,1
9.25,97.26,238.61,204.98,88.0,48.0,36.09,898.5,4,4.37,228.4,31.0,7.57,100.0,1
7.61,32.14,61.87,80.63,41.18,12.02,31.14,589.5,4,1.5,38.1,2.8,3.56,89.8,1
4.49,27.78,57.79,54.88,37.13,3.72,26.54,1013.8,3,0.61,97.2,903.3,8.16,49.5,0
10.89,58.53,115.29,91.84,60.1,25.24,41.72,722.1,3,1.24,49.3,74.3,0.58,100.0,1
9.23,41.73,96.43,82.8,45.03,12.63,41.67,350.3,4,3.43,46.1,59.0,10.05,96.9,1
7.98,56.47,107.21,112.63,56.53,20.96,41.63,618.8,3,1.58,2.5,152.5,30.86,100.0,1
9.3,60.75,167.01,114.78,64.46,27.5,39.63,2154.5,3,4.07,109.8,246.2,15.26,93.2,1
13.78,92.08,249.59,177.59,84.6,48.0,44.03,325.3,2,4.06,431.3,52.1,21.49,100.0,1
3.12,21.72,56.18,82.24,29.7,0.0,47.95,1925.1,2,0.84,171.9,133.7,1.14,50.0,0
4.55,19.17,51.54,67.29,28.04,0.0,20.05,1882.3,3,1.07,33.4,72.8,7.03,40.5,0
3.72,16.82,34.13,37.39,33.51,0.0,16.09,1484.9,5,2.04,151.1,118.0,6.93,42.3,0
3.66,37.12,79.86,66.77,37.9,0.98,50.6,737.7,4,0.21,42.3,31.7,23.58,86.6,1
1.17,11.93,29.09,62.72,21.95,0.0,24.6,2143.9,3,1.13,168.1,128.4,26.36,35.0,0
5.6,36.69,87.12,101.85,48.68,11.96,26.77,1297.7,3,0.29,231.7,8.7,1.29,79.4,0
2.72,28.13,74.47,64.93,42.82,8.61,33.56,663.7,1,3.39,48.8,329.9,0.36,79.2,1
2.46,13.27,31.88,44.64,34.7,0.0,21.94,1200.9,3,5.15,0.3,177.8,0.37,84.1,1
4.39,42.08,117.71,119.07,56.03,19.21,32.76,709.3,3,0.27,43.7,510.9,22.33,100.0,1
0.9,5.31,10.03,46.21,18.29,0.0,27.94,1089.6,3,1.98,27.7,164.8,10.49,36.2,0
0.33,4.1,10.51,48.46,23.4,0.0,34.02,1343.0,4,1.82,115.7,36.2,0.62,37.7,0
8.18,61.12,145.26,122.75,61.42,31.42,38.38,1055.8,1,2.57,41.1,119.1,0.65,92.0,1
3.11,15.96,37.79,70.58,25.07,0.0,33.08,1679.8,3,2.14,4.4,196.7,16.56,81.8,1
2.66,16.37,30.39,39.42,21.88,0.0,32.65,2265.4,3,0.44,90.9,84.4,0.82,20.2,0
6.86,27.87,69.67,57.34,35.42,0.81,38.19,1031.1,2,0.62,249.2,144.8,2.76,40.9,0
13.36,58.45,155.52,137.98,75.76,36.8,44.88,1047.1,3,0.33,72.0,32.0,24.89,100.0,1
2.48,17.6,30.02,48.78,25.93,0.0,49.63,1850.4,3,4.57,56.6,270.2,0.47,76.3,1
3.56,40.56,92.3,103.45,53.24,16.33,34.14,1414.2,4,1.33,23.6,432.5,4.09,94.9,1
0.79,3.53,6.88,13.12,19.11,0.0,51.51,1200.6,2,6.73,58.8,68.1,12.29,79.3,1
3.2,13.61,37.91,67.61,35.95,0.0,43.45,2009.0,3,1.07,48.2,283.8,1.62,53.8,0
5.86,26.68,55.25,54.11,40.88,1.81,25.53,2171.2,5,1.45,634.0,17.4,2.25,60.3,1
3.93,38.66,66.47,77.68,44.33,11.06,25.28,1540.2,4,2.8,3.7,51.0,2.38,93.1,1
12.21,48.91,94.62,68.31,48.82,13.02,31.09,688.7,4,2.87,32.8,111.5,3.16,100.0,1
6.42,51.82,119.97,110.41,61.86,25.49,48.28,1279.2,3,0.47,8.5,87.9,5.77,100.0,1
28.1,138.36,208.44,172.76,80.63,48.0,31.74,1359.2,1,0.61,233.7,174.0,2.0,100.0,1
7.63,32.57,73.13,69.13,50.76,15.9,19.91,1207.6,5,0.19,64.8,149.0,10.45,80.9,1
2.34,19.49,52.69,48.94,25.03,0.0,34.05,851.1,2,2.95,190.9,16.4,6.81,44.6,0
16.13,68.81,178.25,145.06,72.0,38.03,19.17,1291.9,5,2.84,141.4,25.4,24.92,97.9,1
3.24,24.46,36.57,66.26,31.94,0.0,27.03,1237.7,2,0.15,315.8,9.6,9.47,27.5,0
6.22,25.27,70.51,65.39,34.12,0.0,31.01,739.9,2,0.54,2.9,548.9,1.51,67.0,0
1.54,12.09,28.74,35.04,31.53,0.0,37.27,2197.2,3,1.08,27.9,186.6,1.49,42.0,0
3.58,14.8,24.09,33.21,17.8,0.0,44.71,2159.2,3,1.4,145.3,348.3,5.61,34.9,0
11.54,129.49,183.54,167.01,67.46,42.39,41.9,1895.2,4,1.33,105.6,140.3,14.89,98.2,1
14.22,70.91,116.27,96.74,40.56,12.37,25.98,1142.0,5,7.34,142.4,38.8,3.29,100.0,1
8.26,48.46,124.72,86.23,64.27,25.39,32.84,1077.7,3,2.6,102.8,177.3,0.67,94.7,1
3.64,22.59,32.3,61.17,27.66,0.0,36.65,1804.6,1,0.22,104.4,126.7,4.33,20.9,0
2.48,21.04,36.33,60.08,43.17,3.65,33.77,1577.1,3,0.63,323.6,94.4,5.17,50.6,0
1.62,8.1,19.92,23.73,30.4,0.0,33.71,1561.3,4,0.76,305.0,83.7,20.09,28.9,0
2.11,18.78,41.7,76.42,34.36,1.89,21.36,560.6,3,0.68,4.6,189.0,11.65,64.2,0
5.59,32.13,80.18,84.48,38.93,6.09,26.2,1598.4,2,2.77,64.1,173.1,13.36,81.5,1
5.92,48.07,117.51,103.92,46.63,9.61,32.58,2193.9,3,0.8,85.7,29.6,3.11,85.7,1
10.63,43.85,64.5,64.13,41.2,8.91,14.0,480.2,4,1.22,53.2,304.9,32.73,84.7,1
2.25,26.48,70.15,91.04,39.21,2.13,41.45,1012.3,3,1.37,6.1,182.0,8.51,90.3,1
12.45,109.26,187.69,137.98,64.52,35.18,24.33,1368.9,4,0.57,76.7,138.1,8.51,98.7,1
6.73,55.54,120.79,96.38,44.72,7.89,41.84,1740.6,2,0.7,446.1,248.8,9.85,85.5,1
4.44,29.53,67.97,54.69,33.28,1.63,41.09,488.2,4,2.73,9.0,30.0,3.71,88.2,1
4.24,35.43,57.96,76.84,47.16,7.31,31.38,2132.9,2,3.63,203.6,454.0,0.79,84.2,1
4.19,25.63,70.92,77.9,53.14,14.86,44.5,385.1,3,0.07,26.1,56.8,6.3,95.0,1
4.02,17.62,36.71,56.27,31.51,0.0,42.32,2101.1,3,1.67,103.2,54.9,24.12,61.2,1
3.88,19.28,28.55,33.39,28.89,0.0,33.37,358.1,4,1.81,58.7,303.6,2.99,51.2,0
9.71,54.38,147.5,130.18,59.28,23.54,32.42,622.4,2,2.41,51.5,73.2,1.51,95.1,1
0.17,1.81,4.02,42.06,15.52,0.0,45.33,1980.7,5,2.13,245.2,319.7,0.92,43.8,0
1.76,8.87,21.09,34.82,34.16,0.0,37.97,2106.3,4,3.78,435.6,71.6,9.81,64.7,1
1.75,16.15,34.48,63.47,40.9,4.09,44.88,2362.8,2,0.15,58.7,144.0,0.13,52.0,0
3.34,15.63,40.14,46.78,25.88,0.0,15.69,543.0,4,0.88,122.7,47.2,21.16,32.8,0
8.91,72.72,105.18,107.48,48.95,18.39,36.84,1405.5,4,2.74,97.5,236.7,1.28,100.0,1
7.72,51.13,90.8,65.53,42.72,8.43,22.59,462.0,4,3.37,9.6,32.9,0.28,95.8,1
5.04,36.14,74.36,78.14,38.3,0.0,35.78,628.5,5,0.55,5.0,413.4,5.84,95.6,1
0.84,3.7,5.57,52.25,28.68,0.0,42.07,666.4,4,1.58,178.2,83.6,0.49,39.7,0
3.64,35.84,85.59,104.79,36.09,4.21,50.78,433.1,3,0.36,60.2,114.8,8.13,83.5,1
6.46,36.68,71.56,64.19,42.84,6.99,28.03,2175.3,4,3.43,44.1,4.4,15.48,98.0,1
0.84,8.03,14.3,34.16,28.37,0.0,31.53,565.3,4,2.36,508.7,669.8,1.8,35.1,0
4.46,22.33,31.37,28.23,27.93,0.0,35.19,1621.6,3,0.45,10.7,302.0,16.8,57.9,1
7.53,32.2,77.54,94.7,47.07,5.68,27.72,1614.1,3,1.76,37.6,106.6,0.01,80.4,1
6.39,41.55,106.67,99.92,50.75,13.26,44.32,717.2,5,1.28,233.2,455.2,0.08,94.2,1
5.79,35.5,69.33,67.39,46.71,13.7,35.4,2396.7,3,0.54,64.3,481.4,5.82,87.6,1
1.3,5.49,12.02,17.89,14.23,0.0,37.04,1029.5,3,4.02,105.3,137.1,14.16,37.4,0
3.91,23.18,39.84,73.5,29.06,0.0,41.27,2200.7,3,0.29,6.0,47.9,4.07,74.2,0
7.3,44.8,101.75,95.0,48.06,11.76,35.39,2291.4,4,1.13,303.5,120.2,4.96,95.4,1
6.33,35.48,50.27,50.41,18.04,0.0,29.05,2292.9,3,1.57,17.7,70.7,0.0,51.0,0
16.34,82.88,172.73,133.03,61.85,29.95,35.46,1881.0,4,3.12,28.8,107.0,0.06,99.1,1
4.12,41.94,96.53,79.93,42.15,4.42,28.72,833.0,2,0.29,20.5,436.2,31.73,76.8,1
3.14,14.3,38.4,57.04,36.44,0.0,36.92,553.4,4,1.69,82.6,59.6,2.17,58.3,1
1.63,10.56,20.42,60.12,21.48,0.0,44.47,1496.8,3,0.01,203.7,328.7,1.26,27.3,0
3.88,42.08,103.99,111.14,44.21,15.26,26.01,1056.1,4,3.11,37.3,492.8,1.51,97.5,1
0.74,3.48,7.78,30.77,27.08,0.0,22.97,2045.2,3,0.48,18.4,294.3,14.63,27.1,0
6.56,45.51,122.77,122.0,44.67,10.38,36.42,1864.5,2,2.3,63.3,134.9,10.18,95.4,1
10.81,111.4,218.1,165.8,68.64,41.97,29.47,880.6,3,1.66,479.8,149.4,38.64,99.6,1
7.03,37.46,69.18,61.32,37.2,4.19,36.27,335.7,5,0.09,1.3,308.3,1.3,92.4,1
6.03,26.24,69.34,94.32,30.73,0.0,38.72,798.4,4,0.36,84.1,8.2,0.83,63.1,1
9.12,39.49,58.01,56.38,27.78,0.0,17.78,1490.9,3,0.56,132.8,239.7,0.64,30.7,0
7.19,29.61,47.11,50.19,36.63,2.2,41.86,465.9,5,3.92,197.2,135.5,0.58,85.0,1
8.65,38.03,57.63,87.0,41.39,5.94,26.06,1682.4,4,1.18,164.5,91.1,7.57,89.3,1
8.6,107.06,276.26,190.59,88.0,48.0,35.81,1710.6,3,4.41,9.3,262.2,2.6,100.0,1
4.62,31.93,45.18,68.59,39.3,2.82,30.4,655.7,3,0.09,74.4,55.7,5.11,52.7,0
26.93,122.89,320.29,255.3,88.0,48.0,31.31,1552.3,3,0.01,9.8,406.6,5.94,100.0,1
12.53,88.08,178.96,144.35,57.34,27.85,50.4,1574.6,1,5.33,116.1,209.9,31.92,100.0,1
3.5,19.21,27.0,22.66,30.26,0.0,38.71,1303.8,4,2.32,9.6,169.6,14.76,77.2,1
0.93,5.07,9.95,28.35,19.61,0.0,43.69,2301.8,2,2.75,6.0,133.3,3.37,56.1,1
1.35,9.49,15.76,20.26,19.93,0.0,37.28,527.1,3,4.45,43.8,43.1,0.61,60.8,0
1.37,5.85,13.3,32.37,27.09,0.0,41.27,1153.9,4,7.5,335.3,172.7,11.52,84.3,1
1.65,9.95,23.39,55.76,16.17,0.0,39.55,2154.1,5,0.19,148.5,232.3,8.79,37.4,0
8.26,51.94,108.16,95.05,39.78,4.34,38.16,1111.3,1,0.31,0.5,2.1,17.49,93.0,1
2.46,9.85,14.34,33.76,27.82,0.0,45.41,1191.7,3,0.38,40.2,82.1,28.09,52.8,0
4.16,25.36,58.79,68.27,39.39,2.02,37.33,1703.4,3,3.07,2.1,321.6,50.65,99.6,1
8.15,73.87,190.5,155.0,74.16,37.89,55.42,1697.7,4,0.79,41.8,180.0,3.97,99.7,1
1.0,5.96,14.34,52.86,18.74,0.0,44.16,348.1,5,1.62,138.8,171.9,5.2,51.9,0
15.53,71.11,182.18,137.29,75.47,43.26,26.31,1257.0,1,3.48,171.1,46.7,0.03,96.2,1
3.22,15.16,25.48,58.54,31.22,0.0,34.5,1000.4,3,2.07,195.6,180.0,3.69,46.4,0
1.66,7.77,20.54,43.82,26.26,0.0,39.38,1618.2,1,0.12,288.9,277.6,34.03,21.7,0
9.88,49.33,91.31,77.88,38.5,5.42,36.38,1467.0,4,1.06,54.6,92.5,20.37,89.7,1
4.76,38.61,54.78,53.89,32.79,0.0,41.84,1666.8,2,0.13,238.2,36.2,21.35,52.8,0
16.68,73.62,189.98,144.74,78.22,44.96,42.77,1672.9,4,1.17,156.1,14.5,15.33,96.6,1
13.04,56.21,152.82,132.36,70.75,33.6,24.44,835.2,2,0.45,92.6,126.8,3.27,100.0,1
7.3,64.61,149.75,112.73,59.97,26.89,46.89,817.6,4,0.0,371.2,207.3,2.47,99.1,1
1.87,18.28,31.51,66.9,27.33,0.0,31.78,1077.6,2,3.02,354.2,32.0,2.36,42.3,0
5.25,21.34,37.4,55.18,29.5,0.0,30.93,808.1,3,6.28,273.5,98.5,1.84,82.8,1
13.01,57.17,117.39,122.71,54.52,19.27,30.91,1733.9,3,5.99,27.1,151.3,12.84,100.0,1
16.35,70.5,187.31,128.84,68.96,36.65,42.87,1566.0,2,0.64,28.0,30.5,17.2,98.1,1
38.08,165.09,265.7,193.12,77.03,48.0,33.73,754.4,2,3.18,277.5,56.6,12.92,97.0,1
4.67,27.16,69.43,51.16,46.6,11.03,30.36,2156.6,2,2.04,60.9,168.8,4.76,77.6,1
5.56,29.3,52.98,51.69,45.6,9.6,32.4,1267.4,1,2.9,191.6,232.4,5.49,75.8,1
10.57,61.17,154.9,144.47,59.7,27.06,20.75,566.8,2,3.37,139.4,181.9,0.81,100.0,1
2.25,25.36,68.17,50.96,32.69,0.0,28.84,747.2,3,7.07,172.4,225.1,16.54,89.6,1
20.47,99.04,197.92,153.28,74.6,48.0,25.46,1433.7,4,0.3,3.2,156.8,5.53,96.8,1
11.58,69.81,133.4,97.0,56.23,21.56,33.71,1010.7,4,2.64,67.4,325.2,12.95,93.0,1
5.03,26.48,66.81,67.19,44.68,10.87,41.65,2087.6,1,2.38,233.5,315.5,14.74,83.7,1
9.03,54.56,116.83,118.69,53.04,16.17,40.71,1338.9,2,0.61,80.8,286.4,2.1,90.8,1
10.17,62.17,146.61,128.33,56.29,24.69,46.68,2222.1,4,0.9,140.6,154.2,5.61,96.4,1
0.82,7.47,16.97,49.18,16.84,0.0,44.79,513.8,3,0.35,169.2,924.8,5.84,23.1,0
12.23,96.0,154.94,121.42,68.58,38.86,31.51,1704.0,2,4.4,15.4,7.2,10.0,100.0,1
4.17,39.0,100.73,112.97,51.8,14.4,36.16,2160.1,3,3.81,20.3,39.2,7.48,90.4,1
7.36,65.01,108.83,107.66,56.84,24.49,35.72,915.2,2,1.71,154.7,297.9,18.97,98.8,1
4.59,18.72,50.65,56.9,28.37,0.0,17.72,584.9,1,1.29,6.7,315.1,0.8,38.6,0
9.81,92.49,161.93,129.45,76.37,48.0,25.65,1259.0,4,0.48,50.2,307.4,3.49,97.1,1
3.99,31.75,77.08,96.44,31.12,0.0,34.58,2318.8,2,2.81,300.2,371.0,15.06,76.8,1
1.27,7.03,12.65,39.16,27.8,0.0,34.53,1630.3,5,0.01,102.5,98.9,1.04,27.0,0
16.05,87.34,161.14,141.53,53.66,25.57,40.35,1652.4,4,1.12,289.6,483.4,19.4,99.8,1
1.19,11.24,20.62,37.17,21.03,0.0,39.94,1710.2,4,3.55,44.4,42.2,0.43,63.4,1
5.11,23.78,58.19,52.89,45.66,8.08,20.95,383.5,3,1.73,121.5,497.5,5.02,55.3,1
23.27,109.0,237.56,191.98,88.0,48.0,40.41,1235.9,2,1.81,40.5,146.4,0.13,100.0,1
14.0,116.33,306.65,231.67,88.0,48.0,37.52,462.9,3,0.13,14.1,32.2,9.85,99.7,1
3.95,30.59,56.0,63.96,32.57,0.0,41.3,963.3,3,0.61,561.3,239.8,21.95,61.6,1
8.55,35.71,84.6,88.07,44.29,3.78,45.07,2025.4,5,2.02,23.3,63.1,0.23,100.0,1
5.87,26.62,65.33,56.84,41.38,1.58,34.79,1678.2,2,0.09,25.1,44.8,6.55,54.4,0
3.47,17.45,28.13,59.01,35.39,5.91,46.59,2390.7,4,0.72,221.4,34.0,0.57,65.2,1
1.76,18.68,36.63,71.48,27.52,0.0,28.44,661.5,3,0.79,194.5,5.4,0.99,28.7,0
7.02,46.44,96.4,107.76,37.32,7.54,27.96,1133.8,4,1.24,457.1,260.4,1.61,86.2,1
9.4,53.67,101.85,85.67,49.46,15.85,39.64,2000.2,3,0.81,8.9,120.0,0.15,93.7,1
6.46,57.77,106.93,92.78,47.2,17.06,32.87,753.0,3,1.09,11.9,693.1,5.42,97.7,1
9.25,59.2,139.77,132.23,51.33,13.21,38.22,622.8,5,1.43,71.5,104.1,1.06,97.2,1
3.27,17.97,30.59,51.66,30.35,0.0,52.94,1198.0,1,0.25,107.5,333.7,3.97,36.8,0
4.07,30.04,71.89,76.38,38.85,1.07,39.34,1105.8,2,0.36,4.7,620.1,22.67,82.9,1
1.86,8.75,23.69,62.1,28.47,0.0,37.8,2358.4,3,3.22,20.7,4.1,7.46,74.4,1
8.15,36.56,80.11,81.19,37.06,4.5,28.61,1258.1,3,1.11,145.8,20.0,1.0,65.0,1
4.74,35.14,79.28,79.7,45.12,10.57,21.55,2108.0,2,0.79,132.5,77.0,1.09,64.5,1
17.84,80.16,119.95,84.86,45.68,17.11,35.38,2164.7,1,1.02,11.3,367.4,0.53,92.0,1
2.47,25.35,66.16,51.13,33.56,0.0,45.07,631.5,1,0.35,322.0,327.6,4.66,29.8,0
3.36,15.1,27.17,22.99,26.15,0.0,33.26,1802.1,4,0.49,35.3,82.2,1.23,30.5,0
1.54,14.51,32.81,67.42,39.64,4.75,39.41,883.0,3,1.3,261.9,40.1,11.12,63.0,0
4.85,51.5,142.69,116.13,64.66,27.09,48.13,499.0,4,0.8,307.7,291.8,0.63,100.0,1
8.29,43.85,97.96,89.76,53.89,22.33,47.91,2136.9,3,1.16,80.8,163.5,28.02,100.0,1
0.75,4.69,11.33,50.41,31.68,0.0,39.64,914.1,4,0.29,63.7,5.8,13.41,43.2,0
2.82,12.02,24.32,48.22,48.43,8.98,37.45,1025.3,3,0.31,39.1,293.5,7.06,63.4,1
7.56,53.35,79.19,83.9,42.42,14.67,23.09,980.4,3,0.87,197.6,566.2,19.68,86.0,1
0.75,5.81,14.62,27.85,32.62,0.0,30.64,720.6,3,0.86,26.3,7.7,1.54,30.8,0
12.06,73.01,105.79,111.29,55.7,27.45,33.61,1212.5,1,3.87,116.8,60.6,0.02,96.7,1
6.82,43.33,103.17,79.52,54.86,25.06,28.76,1199.4,5,0.06,100.5,308.1,0.28,95.2,1
2.17,15.63,22.38,21.94,36.91,0.23,38.11,1158.4,4,8.89,34.3,158.2,7.28,97.0,1
1.98,10.01,26.09,30.58,24.79,0.0,52.25,2224.2,3,5.64,489.3,817.7,2.0,71.8,1
32.27,154.3,250.08,179.6,87.03,48.0,48.9,1013.5,5,1.41,224.7,444.8,15.95,100.0,1
4.14,18.42,39.04,43.08,32.85,0.6,38.07,363.8,3,2.28,2.5,35.3,6.26,90.0,1
7.49,30.51,68.21,79.51,38.0,6.71,42.63,674.7,3,4.93,65.8,201.8,27.34,100.0,1
7.49,59.74,121.89,94.03,56.04,26.94,29.81,1815.1,4,0.52,53.4,190.7,0.72,100.0,1
21.38,105.96,198.9,164.73,85.07,48.0,48.44,1540.8,3,0.68,257.3,21.1,0.28,100.0,1
22.73,154.62,317.74,215.63,88.0,48.0,22.72,2298.6,3,0.21,36.9,16.9,1.09,95.6,1
11.37,58.3,107.04,81.2,48.14,15.52,43.76,1758.3,3,1.49,776.4,151.7,3.04,96.2,1
3.97,24.69,49.72,60.21,34.97,0.0,40.21,707.9,3,0.31,26.8,92.8,1.6,65.6,1
1.23,4.94,9.39,52.59,21.26,0.0,29.58,553.4,2,4.81,33.5,141.9,0.19,52.0,0
11.6,56.89,124.74,124.76,43.44,16.36,34.23,1393.6,1,1.02,131.6,49.1,2.47,86.7,1
7.79,32.19,55.79,84.86,32.14,0.0,26.36,1697.1,5,4.54,21.1,146.4,0.17,96.0,1
5.0,22.52,62.71,75.03,41.68,1.69,26.72,647.8,3,0.41,263.6,87.0,3.75,39.9,0
20.79,89.06,187.12,157.04,81.02,48.0,22.48,1563.6,2,2.13,14.0,393.3,0.55,95.9,1
3.21,14.69,24.55,49.09,19.95,0.0,42.52,2116.6,4,1.88,491.2,65.8,8.98,50.1,0
4.27,27.01,55.85,69.33,28.68,0.0,46.25,1827.9,2,0.92,249.2,368.4,54.98,78.4,1
0.72,5.9,15.42,21.64,24.5,0.0,17.62,1694.8,2,4.12,219.7,89.0,3.41,20.8,0
4.0,28.0,40.05,55.5,18.76,0.0,51.63,1957.6,5,1.03,62.8,155.4,29.58,85.8,1
1.39,16.68,39.21,47.86,28.31,0.0,35.9,518.6,5,0.4,86.5,60.7,22.33,60.0,1
3.17,18.75,40.63,51.32,20.96,0.0,38.46,728.0,2,6.79,73.1,298.1,6.56,84.6,1
2.72,16.38,26.82,45.99,35.72,1.14,23.48,380.0,4,1.05,525.1,334.0,0.98,32.5,0
6.82,40.29,102.52,77.41,44.09,9.04,47.23,604.5,4,0.42,4.3,298.0,0.98,95.2,1
12.03,48.99,93.89,82.2,56.21,18.31,37.7,2217.7,3,0.81,57.7,183.8,0.04,100.0,1
8.32,35.4,64.12,49.53,44.63,9.44,45.68,766.5,3,1.71,414.5,65.4,2.29,83.9,1
12.75,118.62,303.59,246.42,88.0,48.0,46.38,1690.4,2,1.29,55.3,182.1,4.05,100.0,1
3.43,24.03,55.13,46.17,29.0,0.0,47.35,1752.3,2,1.81,61.0,577.2,5.79,58.3,1
3.56,23.44,62.3,57.13,36.28,1.37,30.49,1655.2,3,1.95,119.7,188.1,25.27,64.1,1
11.86,83.91,191.46,169.56,72.98,35.31,34.23,1463.2,4,0.24,285.4,563.9,5.81,96.7,1
4.65,21.53,52.47,60.83,36.77,0.0,30.8,1320.9,4,0.68,41.9,65.4,19.27,63.1,1
20.46,121.0,311.08,213.31,88.0,48.0,43.61,1181.8,2,2.49,353.9,336.7,1.84,99.2,1
1.9,10.74,15.85,32.6,28.92,0.0,38.83,2225.5,2,1.89,39.8,228.2,8.16,42.0,0
28.64,127.28,316.48,215.93,88.0,48.0,45.09,320.0,3,0.17,202.7,307.9,5.58,93.7,1
0.53,2.46,5.55,17.62,19.51,0.0,45.46,412.3,3,0.68,38.7,223.3,0.63,27.7,0
9.03,88.14,131.98,93.13,52.68,26.84,21.32,1334.3,1,4.82,9.1,117.8,12.05,98.6,1
5.32,26.4,55.76,60.97,34.5,0.0,47.48,994.1,3,3.57,200.8,208.8,0.02,85.1,1
27.67,179.63,272.21,218.24,88.0,48.0,44.08,1157.3,4,2.0,71.8,484.1,2.95,100.0,1
0.99,7.62,18.53,43.41,25.54,0.0,32.86,2395.5,2,0.14,59.5,97.3,16.48,21.7,0
3.42,38.65,83.68,86.68,43.94,7.74,38.97,1927.8,2,1.68,67.4,545.6,8.04,90.1,1
21.72,133.42,364.9,251.21,88.0,48.0,34.95,2142.6,2,0.02,113.5,9.1,2.08,100.0,1
4.28,30.48,50.48,53.29,44.73,10.91,41.24,1074.0,5,1.95,36.6,2.6,2.26,92.8,1
5.76,46.92,105.49,111.6,48.74,13.91,32.84,803.1,3,2.36,32.5,122.5,12.78,100.0,1
9.12,46.06,78.12,59.73,47.9,12.24,40.07,1912.8,3,1.24,79.3,339.7,0.24,89.1,1
5.88,27.91,63.07,84.6,39.04,2.34,36.57,1995.9,4,0.01,4.4,51.3,1.49,85.1,1
5.53,45.47,109.67,98.05,49.28,7.81,32.33,1454.8,3,1.98,123.6,212.8,6.43,90.7,1
3.64,41.12,99.14,107.12,47.05,13.01,37.62,2181.5,2,3.08,207.7,142.5,30.59,92.8,1
21.49,95.81,243.46,177.56,87.82,48.0,58.0,2331.4,4,1.59,156.0,61.8,1.2,91.2,1
0.41,5.01,12.99,28.69,25.32,0.0,30.17,1289.1,4,2.22,76.0,60.6,8.31,34.3,0
5.14,21.48,32.39,59.88,23.31,0.0,33.88,767.6,2,0.17,100.0,13.7,0.09,24.3,0
21.34,114.29,214.92,180.02,71.39,44.14,30.32,1385.9,1,2.26,3.2,138.3,0.04,100.0,1
12.27,91.07,215.09,155.14,84.15,48.0,31.21,2378.0,4,1.71,292.1,107.7,19.89,93.7,1
2.88,23.63,49.58,81.01,39.27,0.15,42.93,915.1,4,0.72,98.0,61.5,0.02,71.8,1
3.68,45.15,75.27,57.73,45.55,12.6,42.09,1597.0,1,2.08,45.6,633.8,0.04,84.4,1
2.39,19.89,43.25,36.19,33.04,0.0,35.95,1757.4,4,1.87,41.7,307.1,29.11,76.1,1
1.18,11.41,22.49,46.42,30.9,0.0,44.72,749.3,5,1.65,129.3,134.0,11.92,68.1,1
5.32,28.92,56.29,74.11,40.04,1.59,42.74,1535.8,2,0.36,105.3,132.8,0.98,53.5,0
2.19,20.27,51.34,81.61,39.1,4.06,34.62,960.5,3,0.63,25.0,38.7,0.83,66.8,1
6.69,39.36,77.56,73.64,36.56,5.09,22.96,2093.8,4,8.56,63.3,188.5,0.08,93.8,1
2.92,16.17,23.23,21.24,19.92,0.0,43.05,1801.0,2,1.02,135.3,552.8,1.34,23.8,0
17.88,136.81,202.66,163.86,74.41,46.56,37.44,2035.2,4,0.11,42.4,411.4,0.41,99.0,1
13.7,159.41,414.27,287.31,88.0,48.0,36.19,719.3,4,4.13,85.4,15.9,0.65,98.0,1
4.29,49.71,136.44,113.17,56.75,21.51,32.04,372.6,4,0.34,35.3,9.8,10.64,96.4,1
2.34,27.65,65.36,69.46,27.04,0.0,42.33,2086.1,2,0.93,8.9,585.1,0.49,74.1,1
3.38,16.46,31.43,28.33,39.13,0.0,38.96,1112.2,4,0.59,59.0,40.1,11.09,52.0,0
8.88,66.21,179.7,143.68,68.67,32.61,33.99,677.4,3,5.98,158.0,143.9,2.09,100.0,1
9.7,45.06,104.88,92.36,50.4,14.39,25.58,493.0,2,0.85,28.9,14.0,24.98,92.5,1
1.37,8.94,23.08,52.07,33.93,0.0,45.08,1384.7,2,2.22,168.5,333.6,2.37,45.6,0
14.48,92.2,227.94,182.22,69.75,35.22,41.14,615.3,5,1.64,132.9,22.6,17.99,100.0,1
10.93,65.36,126.19,95.36,52.26,19.57,38.17,1490.1,3,0.08,85.0,185.8,0.0,92.1,1
21.85,108.58,224.79,160.39,80.62,48.0,14.0,1827.3,4,0.87,426.8,10.5,18.91,96.3,1
6.61,52.24,86.74,72.68,42.27,6.65,35.68,1423.6,2,0.89,257.9,30.7,9.51,79.2,0
3.55,35.26,63.79,54.51,36.82,2.23,33.95,2197.8,4,8.26,99.4,129.2,23.11,93.9,1
5.74,32.88,81.84,87.77,51.6,13.17,30.74,626.7,2,3.01,97.9,8.4,1.8,84.8,1
14.57,107.48,284.99,235.0,88.0,48.0,42.41,1337.3,1,3.5,39.0,39.2,10.48,98.4,1
12.57,80.98,195.5,161.42,80.49,43.91,42.08,642.7,5,0.68,303.4,26.3,19.93,96.1,1
0.61,3.21,6.59,36.58,22.13,0.0,39.71,2139.4,1,0.72,271.5,7.5,35.45,23.7,0
2.06,12.57,19.13,35.88,16.96,0.0,44.82,2257.7,3,1.3,162.6,637.3,8.12,35.2,0
5.31,28.65,42.4,46.62,19.39,0.0,27.31,1140.0,4,1.79,16.4,107.7,0.64,60.9,1
12.03,69.74,134.19,133.22,48.4,18.49,32.14,942.1,4,2.35,145.9,352.5,0.51,99.5,1
31.78,154.46,316.54,254.36,88.0,48.0,36.64,886.6,3,3.09,35.0,79.8,9.48,93.2,1
3.07,15.36,34.61,49.85,29.88,0.0,30.71,2105.4,3,3.72,25.1,7.8,2.56,67.8,0
7.53,44.08,62.11,58.43,36.13,2.51,42.18,1733.1,3,0.04,170.9,214.1,11.55,71.8,1
4.97,25.44,70.87,85.72,37.63,0.0,31.56,2149.2,2,2.86,385.5,7.1,36.25,76.3,1
30.24,132.33,252.68,175.2,88.0,48.0,47.04,546.8,2,1.7,13.8,144.8,19.41,100.0,1
10.97,71.48,184.95,159.67,66.85,35.61,28.09,1299.7,3,1.37,21.5,27.0,3.22,100.0,1
10.77,71.71,154.1,142.01,68.71,37.12,54.12,1720.0,3,1.78,29.7,200.0,31.07,100.0,1
4.75,22.65,35.85,33.92,30.05,0.0,53.25,2183.9,2,3.85,395.3,401.8,8.65,73.3,0
5.07,28.34,71.32,95.31,39.6,2.13,35.19,1102.2,2,1.42,143.0,561.3,4.05,68.9,1
1.14,12.4,29.68,68.64,35.37,0.0,45.74,957.5,3,0.32,136.1,135.1,7.81,47.5,0
1.98,8.56,18.3,59.05,33.9,0.0,32.6,2217.2,3,1.03,84.4,136.9,0.64,38.4,0
6.34,74.4,157.77,129.87,62.74,33.16,44.61,399.8,3,4.65,92.6,7.0,1.3,95.0,1
13.85,66.85,101.77,82.22,53.29,25.69,34.5,1307.2,2,3.03,41.1,264.4,9.18,95.2,1
60.2,288.04,667.72,465.21,88.0,48.0,25.07,1263.1,4,0.41,20.1,563.1,1.26,98.3,1
50.75,209.7,561.09,388.61,88.0,48.0,14.0,606.7,4,2.25,181.8,103.8,3.43,95.4,1
3.59,40.3,61.68,54.36,38.5,5.12,33.72,1129.4,2,0.53,76.3,284.1,0.62,53.5,0
9.75,53.74,95.05,85.85,42.49,14.14,38.37,1817.5,2,0.77,35.5,287.4,3.01,92.4,1
15.72,102.93,274.13,213.06,88.0,48.0,47.31,1070.4,4,1.14,120.2,277.3,5.59,97.1,1
9.33,68.5,123.17,88.25,51.0,17.93,36.31,950.3,5,1.05,28.2,255.9,16.37,100.0,1
2.2,23.1,53.49,54.77,40.39,0.0,44.52,1942.0,1,0.05,80.5,43.6,19.87,53.4,0
5.07,28.88,62.06,46.14,36.81,5.01,32.14,2376.3,1,2.68,25.3,250.6,8.5,67.3,1
1.91,11.85,26.48,55.94,19.63,0.0,33.13,1936.6,2,3.37,171.1,28.1,0.03,40.9,0
10.7,109.41,216.86,174.79,76.38,45.15,44.96,2077.3,4,1.36,46.4,224.4,0.21,98.6,1
7.8,42.36,77.09,57.93,22.39,0.0,15.05,2273.0,5,0.34,69.9,0.6,3.81,44.7,0
4.54,22.11,32.45,69.51,26.12,0.0,36.11,1983.7,4,0.51,168.7,452.0,17.63,57.7,0
10.82,51.41,125.54,87.62,55.38,21.29,32.6,2358.7,3,0.24,129.3,316.2,0.22,98.8,1
10.08,43.08,105.32,100.01,48.67,13.18,47.57,1869.3,4,0.33,61.2,206.8,5.8,96.6,1
2.49,16.65,38.94,65.25,42.78,9.73,31.51,1689.2,2,3.76,8.8,17.9,1.84,91.9,1
1.43,5.9,13.59,49.29,27.25,0.0,40.39,1756.0,4,1.18,305.5,313.7,0.08,36.6,0
9.02,39.71,69.14,51.49,42.54,12.98,43.83,2190.2,3,0.21,1.0,374.5,0.0,98.3,1
3.86,29.57,42.33,73.3,21.99,0.0,23.31,1734.3,2,0.53,159.2,209.6,1.38,24.9,0
5.76,53.83,136.3,134.93,55.98,22.71,34.82,1898.5,2,5.37,348.9,670.5,23.83,100.0,1
4.56,29.6,61.8,70.43,34.38,0.0,32.33,753.6,4,1.28,44.0,17.5,0.15,66.0,1
10.78,72.69,132.99,113.14,52.52,24.47,44.04,2216.6,4,1.3,9.4,222.0,8.15,99.5,1
7.51,42.24,65.17,49.38,33.45,1.11,41.74,1239.1,3,1.34,34.4,133.9,0.19,74.5,1
6.8,37.96,56.48,67.0,24.97,0.0,34.02,638.2,1,0.21,45.1,28.3,0.13,33.5,0
17.8,85.77,161.97,128.7,57.7,25.01,27.1,1979.6,1,6.33,72.0,193.3,7.73,98.4,1
4.79,28.74,72.61,86.97,45.58,10.32,44.82,1048.4,2,0.16,89.4,289.3,0.34,73.1,1
0.66,6.72,18.06,34.91,24.2,0.0,35.42,686.7,2,2.17,155.1,32.4,2.28,18.5,0
2.72,12.06,32.03,56.58,25.93,0.0,22.24,838.1,3,0.11,277.4,283.9,0.71,11.6,0
7.08,53.37,143.47,102.82,60.14,28.3,22.97,373.4,1,1.06,75.0,17.6,2.96,96.0,1
10.66,43.48,116.13,86.47,59.52,24.03,39.72,490.3,4,4.14,164.6,161.1,15.23,97.5,1
4.78,47.73,102.06,77.62,48.6,12.3,25.16,1544.5,4,2.63,16.3,288.3,7.36,94.9,1
5.67,23.35,39.86,32.96,34.4,2.97,51.81,2119.1,3,0.73,47.8,28.4,12.97,68.1,1
0.87,9.08,22.87,44.22,21.32,0.0,28.03,1241.9,3,1.44,15.1,152.6,7.51,35.7,0
0.56,4.7,7.99,45.92,18.52,0.0,36.0,1614.7,2,0.33,141.2,99.6,3.13,9.8,0
2.56,29.07,51.57,65.99,36.56,0.0,37.35,2000.4,3,5.63,285.9,168.2,25.43,91.9,1
6.31,31.57,54.5,66.3,46.62,11.35,29.8,1049.2,4,2.22,263.8,99.4,44.65,93.9,1
6.26,27.88,59.13,74.06,45.14,11.07,16.96,1674.1,4,0.84,47.4,52.0,5.46,66.3,1
4.77,31.02,57.4,57.59,39.57,9.39,37.62,1035.9,2,0.69,32.0,52.7,6.69,70.8,1
22.51,94.62,152.89,120.67,63.72,29.96,29.6,1649.7,4,0.49,38.4,360.0,8.62,94.7,1
5.34,29.6,60.22,58.29,45.27,12.54,36.99,757.0,4,2.78,40.6,30.6,9.09,93.1,1
7.46,39.89,104.64,105.06,54.07,22.87,34.96,2353.5,3,1.03,10.3,23.6,0.97,100.0,1
12.21,54.56,119.96,90.25,39.83,1.99,38.24,460.0,4,0.72,17.2,18.4,13.5,92.4,1
3.91,30.01,78.9,56.87,35.77,2.34,49.28,1361.0,2,4.24,29.0,13.9,9.45,90.4,1
6.14,43.75,73.25,79.44,42.54,10.57,31.36,901.2,3,0.29,1.0,2.6,11.43,96.2,1
18.52,79.12,129.26,131.43,45.47,15.54,32.01,1561.8,3,0.55,5.8,31.5,2.1,100.0,1
24.82,106.44,234.79,185.04,80.36,48.0,21.84,1199.4,5,0.76,143.9,38.5,41.03,98.2,1
3.77,15.32,31.39,60.63,24.59,0.0,34.34,944.0,1,0.54,115.9,56.6,26.78,31.8,0
24.77,106.15,246.71,195.64,87.54,48.0,39.48,825.1,3,1.58,349.0,23.8,4.32,93.9,1
3.8,37.39,93.94,88.45,44.58,8.85,31.89,683.2,5,1.65,61.7,17.8,8.17,97.9,1
3.75,17.04,41.79,64.49,29.97,0.0,39.54,1944.0,2,0.1,70.5,140.4,1.29,33.9,0
3.31,22.11,60.12,81.16,41.79,10.1,34.49,766.6,4,0.28,8.4,228.3,3.68,83.3,1
35.38,142.41,278.78,196.32,88.0,48.0,24.93,1924.4,1,0.4,19.8,179.1,20.97,94.8,1
5.79,36.14,61.04,59.8,34.78,1.39,38.65,1318.6,1,0.13,141.2,146.4,14.95,43.9,0
4.26,24.47,53.14,49.61,26.78,0.0,34.25,451.7,3,0.24,32.2,104.5,0.1,40.6,0
7.14,42.01,65.33,67.81,44.44,7.04,37.04,647.4,4,0.49,178.1,180.9,35.09,93.7,1
1.41,10.44,18.84,57.07,21.24,0.0,31.18,2175.1,2,0.76,146.8,417.9,11.13,19.4,0
0.85,9.16,15.5,30.61,17.82,0.0,30.43,1565.9,3,2.82,165.0,177.7,24.01,37.9,0
2.76,11.86,23.2,36.93,27.77,0.0,37.34,687.1,2,0.44,140.8,11.3,2.25,22.8,0
4.05,18.72,29.13,62.65,23.55,0.0,34.04,1777.9,2,2.0,147.6,152.1,48.69,60.3,1
1.6,15.38,22.22,42.64,23.07,0.0,50.66,2028.8,3,0.11,95.0,133.7,6.68,39.8,0
2.1,9.91,22.98,44.03,27.98,0.0,42.79,994.4,3,1.93,136.1,108.3,4.69,46.2,0
8.15,43.72,98.57,107.8,45.64,11.12,40.63,1468.8,2,2.85,89.6,151.4,19.5,94.2,1
1.2,8.02,19.17,39.54,39.24,0.0,34.49,916.2,3,1.67,27.7,201.0,1.95,53.8,0
3.63,29.43,68.42,80.14,38.71,8.77,18.78,468.1,4,0.4,29.4,6.8,25.61,76.8,1
19.2,84.88,132.42,94.93,60.79,28.52,29.14,1139.0,2,0.72,62.4,117.8,0.47,99.5,1
5.9,29.65,53.6,47.88,23.36,0.0,30.5,1878.0,3,2.94,1.7,305.9,24.86,88.9,1
7.6,43.87,69.38,68.29,34.26,4.23,33.66,1263.2,2,1.02,264.1,136.2,1.9,56.0,1
3.1,16.86,43.49,55.54,25.66,0.0,35.72,1151.1,3,0.53,37.5,12.6,9.77,38.6,0
1.66,17.41,42.57,76.13,26.19,0.0,41.58,1068.6,4,4.86,6.3,268.6,0.33,100.0,1
1.96,12.19,20.51,62.01,28.23,0.0,38.32,1263.7,5,1.83,66.3,510.5,30.18,78.3,1
1.19,10.5,19.72,56.12,31.73,0.0,45.85,968.3,2,2.95,202.9,343.7,16.07,67.0,0
1.87,16.16,44.5,48.13,34.53,2.95,33.35,1585.6,3,0.04,60.8,81.1,11.83,42.6,0
1.67,8.7,19.41,61.0,24.08,0.0,38.19,433.5,4,0.75,36.6,137.8,2.15,46.2,0
3.07,13.08,32.99,57.47,25.45,0.0,38.92,1995.5,4,1.11,94.5,161.1,7.56,49.4,0
0.76,5.1,9.02,28.55,29.21,0.0,38.09,663.7,4,1.59,102.5,226.5,0.16,39.5,0
3.53,30.58,51.81,70.25,46.93,11.27,46.9,1630.2,3,0.38,170.8,197.4,0.78,80.6,1
4.02,21.13,52.78,40.05,35.59,0.0,42.83,1244.8,5,1.24,193.0,40.0,2.3,61.8,0
6.66,29.22,68.96,56.4,44.94,12.3,24.79,1924.3,5,2.08,147.0,333.3,5.99,86.7,1
6.47,31.24,73.51,90.12,42.64,4.46,35.03,2034.9,3,0.76,0.5,340.5,8.33,88.6,1
10.91,47.93,104.18,101.76,53.7,24.01,35.88,728.8,3,2.12,0.2,93.3,0.27,100.0,1
0.44,2.56,5.6,25.03,14.58,0.0,54.29,1722.1,4,0.89,455.0,25.3,0.96,30.8,0
13.78,66.29,161.08,132.23,62.17,31.14,33.2,698.8,3,1.14,36.8,168.8,10.4,95.4,1
4.87,46.92,83.42,99.96,45.73,7.69,27.65,560.4,4,0.26,39.8,79.6,4.89,91.9,1
0.93,6.66,12.6,41.61,30.8,0.0,39.73,2253.6,3,1.9,158.1,243.4,7.44,35.5,0
11.51,78.7,206.23,156.96,72.84,40.0,40.22,645.2,1,0.46,104.6,68.3,0.06,95.6,1
16.92,101.37,185.75,131.15,59.81,30.58,35.37,779.1,4,3.18,74.7,54.9,4.13,99.9,1
3.66,15.36,33.26,39.84,26.32,0.0,34.13,573.7,5,1.45,14.9,364.1,0.0,70.9,1
3.43,14.99,35.74,72.26,36.07,0.0,44.07,1287.6,1,1.48,10.2,172.2,6.0,64.6,1
6.76,65.69,183.93,144.23,62.0,25.59,28.74,2231.2,4,4.38,145.9,16.2,0.46,99.2,1
5.6,51.16,102.81,93.06,41.73,10.64,33.1,854.5,3,0.33,16.0,210.4,1.95,89.3,1
1.22,8.67,17.33,38.7,25.79,0.0,31.56,1437.9,3,1.36,68.7,251.5,3.93,29.4,0
2.83,21.89,56.46,81.49,35.11,0.0,45.3,1164.1,3,0.87,159.9,48.3,0.35,62.5,0
5.26,28.51,72.05,79.01,43.74,11.43,38.43,1005.6,3,6.1,308.0,617.6,3.05,93.2,1
8.08,34.59,83.84,90.71,36.1,0.0,26.95,1501.5,3,2.83,248.2,84.0,0.21,72.7,1
8.39,34.44,70.54,68.38,37.8,2.21,27.8,1473.7,4,2.55,239.4,508.1,5.95,78.4,1
5.5,28.77,53.32,40.97,42.1,4.58,51.92,1054.7,4,0.41,53.3,62.6,5.56,85.6,1
6.3,28.3,63.74,88.33,30.69,0.0,45.21,2086.2,3,0.49,314.4,169.1,8.15,62.0,0
9.02,53.3,140.01,138.72,68.07,32.0,43.15,411.7,4,0.05,138.1,131.2,26.71,100.0,1
1.1,9.51,25.07,64.01,20.61,0.0,36.1,479.0,5,1.83,261.1,872.7,26.09,59.4,1
1.95,11.55,17.93,59.12,30.12,0.0,48.82,2380.6,1,0.83,11.2,94.5,47.83,78.3,1
9.6,55.08,110.15,113.28,48.6,18.17,26.62,1870.1,3,0.67,4.8,35.6,0.0,94.6,1
18.08,87.69,179.81,152.69,63.48,32.46,42.4,1988.3,4,1.82,67.4,322.4,2.14,100.0,1
3.27,27.89,77.21,93.19,38.64,3.37,32.23,1565.7,4,3.18,211.2,7.7,9.5,79.5,1
4.19,29.41,69.08,76.93,42.61,4.39,33.88,1181.7,5,0.26,63.0,389.2,36.2,88.5,1
0.96,6.73,13.26,19.67,23.67,0.0,42.17,1621.4,1,4.52,259.2,21.1,6.78,45.5,0
5.25,21.62,31.05,42.79,35.4,3.83,34.78,494.4,4,0.06,32.1,152.8,1.48,52.8,0
5.51,35.44,77.66,99.19,50.36,8.8,32.31,1891.3,4,0.18,4.8,224.9,2.11,97.4,1
4.65,22.32,34.26,43.07,22.49,0.0,31.79,1435.6,4,3.28,171.9,73.8,0.88,53.9,0
2.33,11.24,28.87,62.82,20.55,0.0,19.12,2309.1,3,1.22,118.1,335.3,14.24,28.2,0
2.17,17.31,42.48,36.81,24.07,0.0,42.49,1638.7,1,5.04,69.6,162.1,0.07,59.1,1
1.65,9.3,19.02,32.4,19.93,0.0,27.44,618.6,3,1.11,223.9,90.5,0.92,14.6,0
6.01,25.9,51.82,54.48,41.13,8.59,51.8,1302.9,3,4.69,208.6,70.8,41.18,95.6,1
2.12,13.22,35.1,30.14,33.19,0.0,33.56,421.4,3,0.49,47.1,21.4,4.34,33.2,0
4.6,19.13,34.51,32.79,26.39,0.0,47.13,1865.4,4,1.72,218.4,184.1,0.48,51.1,0
1.56,13.41,23.45,28.93,26.5,0.0,20.62,1353.8,3,9.35,50.8,81.5,8.98,87.6,1
7.55,81.54,221.36,186.59,88.0,48.0,42.22,1076.3,2,0.85,116.7,69.6,0.03,91.0,1
7.39,31.91,80.83,60.4,54.08,18.27,44.4,2334.0,3,0.0,25.7,539.0,0.66,91.2,1
11.39,50.81,129.51,102.62,57.82,29.36,47.08,2275.3,1,0.12,36.8,57.3,30.57,99.3,1
15.89,63.87,106.87,74.92,33.97,3.87,23.01,2300.9,1,3.53,71.3,376.6,15.2,85.7,1
6.42,32.86,52.6,70.49,36.51,1.47,30.03,764.0,3,1.22,45.3,663.3,19.79,67.0,0
3.42,14.31,20.55,46.27,31.36,0.0,40.9,1830.0,4,1.38,16.6,311.4,3.03,66.1,1
8.18,37.09,64.23,75.77,39.33,4.84,37.26,2285.3,4,2.89,79.0,3.5,1.11,91.3,1
7.61,34.03,84.51,76.78,48.02,17.51,38.49,1498.8,3,3.0,85.9,365.3,8.7,90.3,1
9.4,53.17,92.31,74.38,47.99,17.72,32.94,749.7,4,1.17,20.7,43.2,24.5,90.0,1
3.14,21.67,52.45,71.51,27.28,0.0,49.18,2017.4,2,3.51,23.0,78.5,0.82,86.2,1
1.61,6.72,11.79,49.16,17.98,0.0,58.0,2147.8,5,1.14,3.6,860.0,7.07,84.4,1
3.35,21.82,42.63,38.95,30.01,0.0,36.88,1776.8,5,2.02,3.7,93.4,0.85,89.2,1
4.92,28.67,79.59,78.64,48.68,8.77,39.85,916.5,3,0.06,53.3,191.5,2.21,77.2,1
7.91,50.78,88.49,73.71,40.18,8.22,36.48,700.5,1,0.27,19.0,67.0,36.53,87.9,1
6.87,39.03,75.2,61.45,43.79,7.59,46.91,1611.0,3,3.43,301.7,83.0,1.34,85.9,1
2.91,18.17,33.09,59.56,31.09,0.0,43.05,1313.9,2,0.68,26.7,163.9,3.28,58.1,1
13.43,152.3,236.6,183.0,88.0,48.0,26.94,1704.4,3,0.73,8.2,533.2,7.68,99.1,1
10.3,44.77,93.39,75.43,45.9,11.48,30.79,534.6,2,1.96,62.1,59.7,27.37,89.7,1
2.82,18.16,35.05,41.73,19.29,0.0,27.42,585.4,3,1.62,25.7,51.2,1.96,34.1,0
2.35,13.03,30.92,68.6,32.54,0.0,58.0,1062.1,2,0.15,7.7,4.8,2.32,79.5,1
1.82,17.53,44.6,72.18,45.32,5.44,41.4,843.4,2,2.61,167.7,40.6,19.01,80.9,1
1.65,20.43,44.17,73.31,36.64,0.0,30.94,1600.6,2,1.73,97.7,54.8,5.32,52.3,0
2.27,18.65,26.95,43.22,22.82,0.0,30.26,1071.8,1,3.48,7.0,11.7,1.01,60.2,0
1.61,8.07,18.29,44.96,18.63,0.0,42.84,1736.3,4,1.38,75.7,149.3,1.48,44.3,0
2.22,22.96,33.92,44.0,23.78,0.0,43.69,1914.5,3,0.96,4.8,24.4,0.04,69.0,1
4.56,19.43,43.96,37.07,44.33,5.8,42.78,693.1,4,0.84,52.5,128.8,5.9,72.3,1
9.76,83.77,197.61,151.5,73.37,40.36,32.38,2231.6,4,0.01,54.2,37.7,6.08,98.4,1
1.44,12.53,21.02,45.39,21.91,0.0,38.6,1953.0,1,0.07,207.8,494.0,17.7,20.4,0
3.41,30.73,78.28,68.8,40.97,6.66,36.94,1616.2,3,0.25,159.5,66.0,27.99,76.8,1
2.71,32.86,87.92,100.3,42.72,6.85,28.04,2208.8,3,4.77,272.7,17.6,1.02,97.1,1
29.96,141.85,360.07,245.85,88.0,48.0,28.12,858.3,5,3.83,18.2,325.6,2.04,98.5,1
2.94,12.86,23.49,36.79,20.49,0.0,39.5,1185.6,3,1.24,91.6,92.6,8.4,30.4,0
3.73,20.25,44.98,39.86,39.68,0.0,37.67,480.2,3,0.36,2.4,308.8,2.75,72.1,1
14.87,132.8,356.0,254.62,88.0,48.0,40.7,1258.0,4,0.28,209.5,67.4,2.88,99.9,1
9.36,72.86,134.71,94.34,64.96,31.43,42.72,1363.4,4,0.53,54.8,124.8,7.39,97.1,1
10.13,62.98,160.49,121.58,74.43,37.42,48.74,1593.7,5,4.31,8.6,106.1,0.86,95.4,1
4.33,17.86,25.23,39.44,27.57,0.0,29.4,434.5,3,1.33,47.1,146.9,18.44,44.8,0
2.48,20.28,28.5,45.04,26.09,0.0,41.36,368.2,2,2.93,40.6,92.4,0.34,52.3,0
8.55,41.84,103.07,96.46,49.26,14.83,42.37,1181.8,4,1.27,174.3,123.6,0.13,93.6,1
14.69,94.93,234.09,169.53,84.98,48.0,33.35,697.2,2,1.69,16.2,204.7,13.08,100.0,1
5.21,39.86,99.84,93.43,38.01,6.07,37.04,1893.5,3,1.7,97.4,96.4,1.33,84.5,1
5.86,37.18,100.46,93.2,57.44,23.27,33.56,1704.3,3,0.06,189.5,207.6,9.6,88.1,1
2.32,25.17,39.4,44.84,32.51,0.0,53.92,984.2,4,1.06,161.4,225.5,22.15,76.4,1
11.56,53.56,92.38,102.41,38.89,5.56,36.89,396.1,4,3.59,329.7,248.8,11.87,95.7,1
2.06,16.94,45.14,58.89,20.23,0.0,39.84,683.1,2,1.21,0.1,114.6,30.95,87.6,1
3.49,17.18,28.32,38.36,13.96,0.0,33.76,1752.5,5,1.03,52.4,0.7,11.33,50.9,0
1.99,21.75,51.22,80.92,38.96,0.34,31.92,2379.3,2,1.35,55.4,252.1,11.7,61.1,1
8.49,35.05,75.1,91.84,37.31,4.81,24.93,985.6,1,0.86,4.1,431.6,1.15,77.1,1
2.1,18.62,28.24,67.57,25.18,0.0,45.35,1984.2,4,1.3,204.0,190.3,5.08,56.6,1
3.59,15.59,28.06,54.39,30.78,0.0,42.53,2120.9,5,0.26,140.1,133.8,31.5,63.3,1
8.19,37.65,80.15,74.12,39.34,5.01,33.44,401.2,3,6.19,90.1,147.6,10.16,96.0,1
4.56,18.64,48.34,49.06,36.81,0.0,28.35,2224.1,3,0.06,62.3,184.3,1.08,30.5,0
5.89,36.55,87.37,91.64,45.04,8.46,37.53,1279.0,3,1.19,270.9,1173.4,0.01,83.3,1
4.2,20.63,46.84,79.58,32.61,3.36,31.77,2324.9,1,0.42,36.9,11.5,0.42,36.1,0
3.91,27.35,57.28,70.43,26.6,0.0,34.11,1431.0,4,0.11,48.9,3.9,25.93,66.2,0
3.46,31.04,56.44,81.36,30.88,3.81,25.26,793.8,3,1.9,366.0,599.2,7.92,56.2,1
1.12,7.18,11.25,27.12,26.77,0.0,37.85,2346.8,5,7.58,8.0,104.5,1.53,94.1,1
2.47,22.83,45.04,52.59,28.52,0.0,38.01,810.9,2,2.49,182.0,170.6,6.41,51.9,0
2.18,8.84,12.72,54.05,30.8,0.0,45.31,2153.2,3,0.53,151.9,252.0,35.82,47.8,0
1.54,16.02,27.16,56.71,41.68,3.83,34.72,663.6,3,1.22,278.6,243.9,42.71,67.8,1
29.73,165.03,330.96,264.29,88.0,48.0,33.16,1717.0,3,0.09,11.4,187.5,0.02,98.8,1
5.05,27.06,53.74,74.79,44.0,9.97,22.77,1163.7,3,1.37,422.6,114.9,46.06,80.8,1
10.23,59.65,87.22,81.87,48.74,13.98,45.36,2341.2,3,0.19,3.5,154.5,0.97,94.6,1
3.88,20.13,44.79,58.01,29.34,0.0,43.59,688.0,2,2.85,49.4,235.4,1.05,61.7,1
5.35,53.65,116.4,121.18,53.79,18.17,36.24,1158.5,4,0.11,10.6,342.5,1.55,99.4,1
9.16,52.51,79.26,81.34,54.27,19.52,24.7,1643.5,3,0.02,6.3,24.5,0.86,90.6,1
5.95,46.22,125.73,98.21,52.06,15.89,25.68,2353.0,3,3.56,401.3,58.6,0.37,93.3,1
6.98,29.12,44.82,53.73,26.31,0.0,31.35,938.1,3,5.14,152.6,91.2,9.13,80.4,1
6.87,32.76,85.08,83.53,37.02,7.09,44.2,1133.4,3,0.16,84.6,197.1,4.66,75.5,1
6.17,25.17,35.25,32.26,28.56,0.0,38.47,1269.8,4,0.59,13.7,90.7,11.32,65.4,1
8.41,97.36,256.57,205.24,85.82,48.0,23.31,830.7,3,2.44,89.6,49.1,32.55,100.0,1
8.35,64.97,92.75,70.21,56.01,26.49,39.44,2016.4,2,1.4,46.3,6.1,6.85,95.1,1
13.8,121.92,300.03,218.24,88.0,48.0,28.87,493.2,3,5.37,38.0,332.7,0.94,96.7,1
0.49,6.04,11.52,48.69,29.05,0.0,31.56,1780.1,2,0.89,115.5,97.7,26.07,28.1,0
5.83,48.1,117.04,102.12,50.98,18.06,44.26,1421.3,3,0.01,187.8,71.9,6.66,91.9,1
19.36,99.08,194.45,169.28,67.6,35.2,42.51,808.0,3,0.04,70.3,136.2,10.48,98.3,1
1.59,13.34,20.0,33.39,17.74,0.0,45.29,1334.9,1,1.5,81.6,23.6,13.76,26.2,0
2.39,14.34,35.49,71.16,24.49,0.0,35.8,2042.9,4,2.51,126.5,91.2,0.78,56.7,1
11.41,49.42,74.12,62.6,42.84,14.64,43.51,1235.4,2,2.81,16.0,250.8,17.24,99.6,1
6.31,31.86,85.73,62.45,47.12,13.28,31.02,556.0,5,4.36,211.7,239.8,0.0,92.9,1
10.91,74.19,109.17,115.22,54.19,22.97,33.81,385.7,2,0.47,217.6,266.0,31.37,100.0,1
1.18,8.23,17.04,49.92,15.84,0.0,33.23,1933.4,5,2.41,93.5,113.4,0.74,48.1,0
8.97,56.98,137.44,104.78,58.48,19.51,36.2,993.9,3,3.16,24.9,82.9,18.26,95.7,1
1.14,10.38,20.25,62.48,19.51,0.0,25.06,2255.6,1,3.26,83.4,320.5,6.17,31.4,0
3.78,20.11,34.27,49.88,32.0,0.0,34.09,1596.0,1,0.95,13.4,34.3,1.67,37.8,0
2.64,18.6,45.81,77.58,35.7,5.84,48.34,1216.2,1,1.77,172.9,232.5,0.01,55.1,0
14.46,64.29,160.6,132.11,57.93,21.68,26.71,1485.4,1,1.44,44.7,394.0,18.09,100.0,1
10.04,48.13,129.57,110.45,62.09,20.87,24.7,1260.0,2,1.64,44.7,60.7,8.36,96.7,1
6.24,33.97,65.45,67.76,52.36,11.27,25.39,2202.2,3,0.6,348.2,39.7,1.91,67.4,1
3.65,25.71,54.22,55.31,40.19,6.74,58.0,1261.8,2,2.07,65.8,129.3,2.65,85.8,1
9.68,83.64,159.62,132.77,63.72,30.92,39.95,518.5,3,2.23,187.0,43.9,4.89,95.6,1
5.7,26.87,47.29,56.1,31.34,0.0,33.7,1553.9,3,0.39,121.7,368.3,0.27,37.2,0
10.31,63.35,155.31,107.61,62.23,30.69,36.58,1608.3,3,1.06,45.6,50.4,29.08,100.0,1
2.46,20.82,39.06,42.11,26.37,0.0,37.93,1907.2,2,0.99,15.9,67.8,0.14,51.2,0
2.65,23.39,46.77,44.99,34.61,0.0,30.56,2259.9,5,2.49,191.8,394.7,25.92,75.7,0
3.8,35.11,68.99,88.88,32.49,0.48,31.6,1230.5,3,1.98,172.5,41.4,2.14,72.2,1
4.47,21.1,50.58,64.83,22.82,0.0,34.66,1039.4,3,1.16,22.2,389.0,0.02,50.5,0
7.22,60.67,162.9,145.25,66.93,31.49,29.84,1330.6,1,1.9,34.4,42.4,5.01,100.0,1
6.67,39.33,91.76,107.7,45.82,11.57,32.63,2190.4,3,0.55,174.4,437.1,0.62,83.4,1
1.83,11.7,24.11,49.65,23.32,0.0,39.0,2358.0,3,0.48,493.5,68.8,2.16,23.5,0
16.21,90.82,226.22,196.26,75.65,41.54,27.52,2339.6,5,0.49,222.7,50.9,3.21,98.5,1
6.2,27.07,62.18,59.45,39.15,0.0,58.0,782.4,4,0.05,138.3,116.7,25.2,78.5,1
9.59,42.15,62.59,54.06,31.58,1.21,42.4,1343.5,3,2.11,296.4,82.9,0.02,69.3,0
15.31,97.72,149.89,120.58,61.14,35.41,25.2,844.9,4,7.66,40.3,40.6,16.84,99.8,1
3.68,44.56,64.75,68.27,48.72,14.69,14.94,1072.8,3,0.67,1.2,74.3,9.32,89.4,1
1.22,8.01,16.33,55.9,28.48,0.0,30.16,366.5,1,4.78,46.5,224.8,2.62,55.2,1
20.2,110.35,282.08,213.55,88.0,48.0,41.82,637.3,4,1.68,428.8,321.0,2.89,95.0,1
6.33,36.19,66.53,61.39,30.98,0.0,40.17,1133.9,2,0.46,256.4,309.4,1.27,40.9,0
4.96,25.98,50.35,71.15,35.01,2.22,35.06,1065.9,4,0.02,6.2,254.5,2.01,78.7,1
2.01,18.9,50.53,60.61,25.9,0.0,30.89,885.5,1,2.32,83.6,1.0,1.1,35.3,0
11.59,61.04,156.98,114.33,51.94,26.78,28.31,783.7,3,2.15,9.9,100.1,0.05,100.0,1
4.81,43.33,101.01,96.61,51.48,11.56,32.58,1872.8,3,0.47,186.7,33.3,0.5,83.7,1
6.88,33.14,58.77,84.21,38.38,4.08,27.39,918.6,3,0.73,55.9,13.7,3.43,68.7,1
11.71,85.08,133.06,129.4,59.96,26.2,32.61,1783.7,4,4.11,291.6,239.6,1.08,97.9,1
11.85,59.05,83.99,86.0,45.1,15.83,47.31,1074.1,3,0.31,6.7,283.9,1.82,100.0,1
1.52,17.19,26.64,39.28,27.07,0.0,29.44,1984.2,5,3.25,158.9,303.4,2.08,56.7,1
4.05,27.12,49.07,40.81,29.77,0.0,41.19,651.2,3,0.33,61.2,397.8,0.0,42.9,0
4.82,24.11,52.38,60.18,37.76,0.0,42.49,631.0,4,1.18,37.5,160.5,24.42,79.8,1
5.96,50.3,74.93,87.55,50.16,16.98,26.82,1727.3,4,1.24,87.4,1130.7,0.33,95.4,1
3.08,14.31,22.77,36.01,23.37,0.0,28.83,2221.3,2,1.15,79.7,119.0,7.25,22.5,0
7.6,40.59,67.12,59.22,32.67,0.0,45.09,600.3,4,0.61,51.5,387.0,19.79,87.5,1
9.73,54.1,123.61,127.26,47.8,14.2,28.13,454.8,3,0.53,125.6,21.6,0.58,96.3,1
10.41,74.29,168.05,151.2,61.85,28.99,35.51,2262.7,2,2.38,129.9,29.0,26.74,98.5,1
3.03,18.67,40.54,60.07,32.57,0.95,53.34,546.4,1,0.58,9.6,160.6,2.09,63.2,0
13.42,73.95,129.46,95.3,43.41,16.05,44.33,825.8,4,1.69,108.6,23.9,0.3,100.0,1
2.18,13.6,26.11,28.49,29.95,0.0,36.72,2251.9,2,3.37,148.8,14.1,0.01,43.4,0
15.18,76.4,117.3,85.89,56.71,31.95,43.15,1986.1,1,3.27,9.5,39.3,27.49,99.8,1
1.33,8.63,14.82,42.37,13.36,0.0,35.52,1019.8,3,0.33,129.2,278.8,3.58,13.8,0
3.26,28.51,75.75,59.44,35.33,0.0,44.65,2304.5,3,1.91,195.5,472.2,0.04,64.6,1
6.55,56.28,155.99,144.31,64.16,29.74,18.61,1492.9,4,1.66,214.0,73.0,7.32,99.6,1
0.92,11.31,26.1,66.65,26.45,0.0,34.82,451.7,2,0.6,5.1,662.2,3.92,53.2,0
2.43,18.52,49.69,53.78,37.03,0.0,18.27,1776.4,2,0.89,143.4,298.5,3.05,23.8,0
9.75,47.03,108.16,95.72,49.44,11.92,37.37,1428.3,3,0.6,191.3,46.1,2.4,93.2,1
12.23,56.9,82.31,90.53,50.64,17.83,33.99,1502.4,3,1.39,60.7,158.8,9.76,97.1,1
4.51,39.4,110.13,118.75,48.91,12.4,47.57,2387.6,4,2.93,93.9,721.1,25.58,97.8,1
12.45,51.22,78.81,96.46,36.17,8.86,42.05,620.3,3,3.78,37.0,340.0,6.19,100.0,1
5.54,33.46,78.83,58.83,35.69,3.58,31.53,1679.3,5,2.31,44.6,81.3,1.28,84.3,1
4.5,19.09,33.49,34.38,33.79,0.0,32.55,1263.4,2,1.19,83.6,65.8,2.76,25.2,0
3.29,16.46,32.07,59.8,29.16,0.0,39.24,871.0,3,5.71,19.7,307.9,7.73,89.1,1
1.47,7.27,16.75,46.89,28.49,0.0,31.13,1756.4,4,1.49,55.5,143.4,0.18,34.2,0
9.19,97.32,195.73,138.22,78.48,43.13,35.72,1703.2,4,1.17,43.0,32.1,21.68,99.0,1
4.07,34.69,60.74,67.07,24.89,0.0,47.19,2098.6,5,3.5,32.7,71.5,12.67,100.0,1
2.46,30.22,56.46,76.84,28.97,0.0,28.95,2145.6,3,0.37,79.4,195.1,5.28,48.1,0
7.4,36.69,68.9,59.63,33.17,0.0,32.19,1479.8,3,0.31,218.9,29.9,10.97,51.6,0
14.71,106.17,291.23,233.51,88.0,48.0,33.39,983.7,4,2.75,33.3,215.9,25.54,100.0,1
2.1,9.8,24.69,23.43,24.39,0.0,58.0,1412.1,2,3.68,129.4,222.8,8.23,68.4,1
5.62,40.83,83.37,94.39,49.34,13.08,41.17,1054.4,1,0.14,35.2,56.8,8.88,90.4,1
8.59,39.16,65.77,75.46,45.61,11.79,45.62,882.4,3,2.6,18.4,91.4,13.34,99.9,1
4.79,46.82,118.72,96.35,51.48,20.19,42.53,1458.3,2,0.99,344.4,493.3,3.47,92.8,1
0.9,8.18,13.26,46.06,22.2,0.0,43.1,1681.7,3,2.19,120.4,248.9,0.05,35.0,0
11.58,83.91,142.2,132.64,55.58,33.15,40.03,1540.2,5,0.26,13.3,279.0,0.19,93.1,1
14.37,96.19,183.95,166.59,72.04,47.54,39.1,2304.3,3,6.5,120.2,130.7,21.86,96.4,1
6.1,43.81,115.32,96.51,53.5,22.04,23.67,927.1,4,3.84,23.3,43.1,0.85,100.0,1
11.8,56.22,89.07,93.77,49.78,18.61,39.04,1081.9,2,0.94,262.5,161.0,6.63,90.9,1
8.87,91.97,144.49,126.04,65.25,41.28,35.08,1702.0,3,4.03,34.1,266.2,0.01,100.0,1
6.63,47.49,99.32,93.19,34.0,1.15,40.64,1560.8,2,4.06,197.3,0.7,0.65,91.1,1
1.62,7.3,13.04,53.54,22.73,0.0,35.4,303.9,3,1.11,26.7,21.7,17.37,48.2,0
3.12,34.13,74.96,53.87,49.29,11.44,42.49,955.8,2,5.28,98.1,115.7,9.26,97.0,1
10.79,44.9,91.25,77.01,42.92,6.21,43.99,832.9,4,6.78,292.1,103.5,2.69,94.8,1
6.19,24.99,50.2,61.86,40.89,4.87,14.0,2063.8,4,0.44,42.1,726.0,6.15,53.9,0
4.56,48.0,74.72,61.59,39.08,7.32,32.31,2119.1,3,0.12,10.2,17.4,9.19,90.4,1
13.01,100.46,160.49,150.17,65.99,37.76,20.21,896.2,1,0.72,96.5,70.4,0.52,100.0,1
15.14,105.65,269.35,209.22,88.0,48.0,38.03,514.3,1,1.21,22.7,303.8,8.91,100.0,1
6.45,30.42,80.32,78.72,35.9,1.47,33.44,730.9,3,0.18,156.4,170.6,0.42,51.2,0
1.89,10.45,18.06,53.4,29.41,0.0,47.52,670.8,4,0.27,107.2,148.4,0.05,43.0,0
28.26,149.12,232.45,176.38,88.0,48.0,37.76,798.6,3,6.42,51.0,243.3,1.77,100.0,1
16.43,78.69,116.05,105.58,52.65,25.33,31.87,792.8,3,2.41,146.8,7.3,8.72,99.7,1
1.7,16.97,38.22,29.96,23.34,0.0,43.98,1307.7,4,3.74,32.7,530.4,10.23,77.0,1
20.61,92.99,223.32,166.62,82.79,45.48,33.3,971.2,2,6.38,298.7,38.2,24.46,100.0,1
14.48,72.43,139.21,101.73,66.52,27.97,31.77,1475.6,3,0.86,51.1,15.4,13.58,100.0,1
4.71,26.45,62.21,76.47,47.88,16.91,39.35,1022.7,3,2.1,172.7,74.5,14.32,92.0,1
7.66,33.12,79.43,78.18,40.34,3.66,49.71,2010.8,2,0.37,35.9,218.1,14.63,83.3,1
5.28,26.53,71.89,65.31,30.17,0.0,43.26,2296.7,5,1.44,150.6,47.4,0.1,71.0,1
1.82,15.9,23.71,41.46,31.68,0.0,40.82,1148.2,3,0.42,3.8,9.2,2.7,63.2,0
3.33,21.74,36.29,38.02,28.51,0.0,58.0,403.9,1,0.31,42.0,10.6,1.19,42.2,0
11.39,69.48,103.93,114.19,54.76,25.0,29.77,803.1,2,0.19,11.7,53.4,12.74,95.8,1
0.61,6.85,17.92,19.07,26.7,0.0,29.58,513.9,3,1.56,72.0,26.2,14.49,23.2,0
6.02,24.83,62.31,84.45,32.15,1.55,37.24,1024.0,3,5.39,68.5,83.9,3.05,91.5,1
2.93,28.75,63.38,69.21,38.1,0.26,48.88,1654.7,5,0.23,53.4,34.2,0.18,82.2,1
5.88,29.59,44.89,62.03,40.42,7.7,28.0,1389.7,3,1.26,476.7,76.0,0.02,57.7,1
15.57,93.76,167.13,127.25,65.9,34.93,50.91,810.0,4,2.09,33.6,105.8,1.94,100.0,1
2.06,24.44,44.4,77.36,26.22,0.0,23.77,1911.2,2,1.23,187.9,244.2,6.23,31.3,0
3.79,15.97,34.9,40.37,20.24,0.0,34.97,576.1,2,4.37,71.2,46.4,2.06,55.2,1
11.74,52.24,92.0,91.3,41.13,3.71,37.47,779.2,3,0.33,48.9,116.0,0.21,86.2,1
4.92,29.09,43.69,78.1,29.77,0.0,28.5,1719.7,4,0.04,27.3,304.1,18.6,65.5,1
2.84,23.85,57.78,82.21,41.1,1.64,30.72,714.2,3,0.87,120.4,773.3,0.36,49.1,0
2.84,28.2,51.28,62.47,27.63,0.0,42.77,1725.4,3,1.46,48.7,146.7,19.99,74.9,1
2.49,17.55,35.69,72.77,39.32,1.21,48.25,2351.6,3,0.53,201.1,101.9,2.9,56.8,1
1.64,13.27,20.95,50.18,17.84,0.0,18.03,2045.8,3,0.33,414.8,179.7,2.68,8.5,0
6.0,36.09,91.08,73.59,59.49,26.08,37.53,636.0,2,2.94,30.9,119.9,1.0,100.0,1
6.82,27.93,61.22,63.04,47.49,6.1,35.04,1393.0,4,0.38,16.5,32.4,17.9,88.6,1
17.69,99.51,264.93,192.26,88.0,48.0,36.91,1186.9,3,1.05,45.5,110.7,5.15,97.3,1
5.07,21.92,45.88,50.3,22.96,0.0,33.31,2382.5,3,5.56,75.5,696.2,54.68,93.0,1
7.53,39.48,107.3,108.96,49.71,15.11,25.03,2325.2,3,1.71,43.0,184.1,3.9,92.3,1
7.15,44.46,117.77,107.84,50.65,19.04,49.11,566.9,2,1.24,422.7,60.0,5.5,92.9,1
1.51,6.72,14.84,16.36,16.51,0.0,45.85,2208.3,3,0.8,181.3,529.2,27.7,27.0,0
6.45,40.29,109.08,115.39,52.29,16.78,35.12,706.2,3,1.32,406.3,88.6,0.28,95.0,1
1.88,8.27,15.31,28.31,19.35,0.0,31.85,970.8,2,2.39,56.1,89.0,11.67,28.7,0
14.75,113.86,217.69,191.37,76.66,48.0,30.82,1042.2,4,3.11,43.6,172.6,12.45,95.2,1
1.91,18.74,27.42,65.76,26.46,0.0,14.02,902.3,3,1.89,62.8,151.5,3.27,32.8,0
5.02,22.29,49.59,79.56,30.44,0.0,39.01,2091.8,4,2.81,88.8,61.8,3.02,77.2,1
1.13,6.3,15.18,51.36,36.72,0.0,42.63,992.9,4,0.17,162.4,113.3,16.3,44.9,0
49.22,212.92,528.67,358.57,88.0,48.0,37.17,2015.2,3,0.03,255.5,72.8,20.56,100.0,1
6.99,29.21,47.03,59.54,35.81,0.0,35.27,2388.2,2,2.39,74.7,240.9,3.75,65.1,1
3.5,39.26,79.38,66.69,43.1,4.72,37.13,2065.6,4,0.55,41.0,23.5,14.92,86.4,1
0.8,4.87,8.02,21.9,24.36,0.0,28.75,1026.9,3,3.78,46.1,249.7,9.76,46.3,0
9.04,62.91,146.39,127.65,63.56,35.37,31.75,1793.6,3,1.38,143.3,31.6,9.9,98.6,1
3.92,21.02,34.08,28.99,34.83,0.0,34.59,1421.2,2,1.17,100.6,65.7,11.83,33.9,0
19.96,92.87,247.58,209.55,88.0,48.0,41.92,1951.7,3,2.67,80.0,73.0,0.86,92.8,1
1.81,14.14,24.36,62.17,28.17,0.0,47.72,621.5,3,2.43,27.2,836.5,3.33,77.0,1
3.29,18.84,34.06,44.28,29.89,0.0,34.05,1640.1,3,2.19,250.0,160.4,1.73,45.3,0
0.69,3.46,8.97,34.02,21.68,0.0,27.12,1924.7,5,2.11,182.3,270.6,0.29,32.6,0
2.31,22.49,45.91,55.82,27.39,0.0,36.3,1898.6,3,1.3,18.2,145.9,0.03,57.0,0
6.43,29.42,42.18,72.11,31.44,0.0,53.1,2323.5,4,4.7,54.9,735.1,16.83,95.9,1
2.05,11.18,23.39,51.19,28.0,0.0,27.86,422.7,3,3.98,93.7,35.1,29.92,63.2,1
14.27,59.12,89.77,75.86,47.55,13.31,43.53,1026.1,2,0.72,72.7,167.1,10.24,94.9,1
3.98,28.9,80.34,77.33,43.58,8.74,47.36,1300.8,4,2.94,60.9,287.4,16.89,95.7,1
2.57,26.12,58.08,62.06,34.86,2.35,32.94,950.5,3,3.99,152.3,178.3,8.34,79.1,1
4.43,26.68,46.94,78.68,32.8,0.0,30.04,950.6,4,1.73,6.7,409.0,2.21,89.3,1
2.71,28.69,62.82,53.72,34.27,0.0,40.89,669.9,3,1.46,76.5,165.3,9.25,66.6,1
8.65,35.35,53.29,43.67,36.8,4.59,39.0,2007.2,3,2.01,36.5,315.2,25.55,90.8,1
1.46,16.89,42.55,72.29,30.59,0.0,41.91,2206.9,3,0.32,10.6,34.8,8.33,69.8,1
2.19,10.52,28.37,63.79,29.03,0.0,53.63,472.9,4,0.16,75.0,54.7,3.95,58.0,1
13.79,81.46,213.77,183.18,85.86,48.0,37.42,625.3,3,3.09,22.6,105.7,16.09,94.7,1
15.84,111.06,208.62,163.6,74.16,43.37,25.87,779.8,4,1.53,35.8,343.4,0.64,96.7,1
1.78,19.52,36.23,58.23,33.72,5.6,36.57,1368.9,2,0.24,84.9,100.1,2.23,35.9,0
2.71,14.6,21.16,44.1,26.12,0.0,38.05,1961.5,4,0.97,436.6,177.7,23.82,47.3,0
8.18,45.57,105.35,76.61,61.63,29.31,46.77,450.1,3,0.64,138.3,90.7,32.61,92.1,1
3.94,30.84,66.27,74.89,37.26,7.35,34.33,1637.3,3,3.75,39.4,294.9,0.06,96.0,1
1.67,7.13,14.58,15.09,28.25,0.0,32.52,613.6,2,1.27,57.8,40.2,6.33,20.2,0
1.29,9.82,26.22,36.67,27.43,0.0,24.34,2340.1,3,1.55,62.5,162.2,7.15,22.4,0
8.93,57.06,93.29,107.59,37.79,6.99,40.65,2187.4,3,0.48,20.0,155.2,7.1,93.8,1
8.22,47.69,67.41,62.5,35.75,0.0,58.0,2294.1,2,2.89,21.0,92.9,23.62,100.0,1
0.75,7.68,11.54,54.8,28.52,0.0,34.11,522.9,4,4.79,19.3,219.8,4.99,83.2,0
3.84,16.1,27.58,34.18,25.13,0.0,39.84,1324.9,4,2.83,88.5,5.2,5.63,58.2,1
1.76,12.26,17.74,30.68,12.0,0.0,31.34,647.0,4,1.22,134.6,331.6,6.1,23.4,0
4.54,48.41,101.85,99.48,48.33,20.02,25.11,1560.7,3,3.24,107.2,77.0,0.97,95.8,1
0.89,6.08,11.18,46.54,16.58,0.0,39.69,788.8,1,0.37,456.7,283.5,34.22,18.9,0
3.42,18.78,31.04,47.74,29.48,0.0,36.24,1918.3,3,0.22,16.1,65.5,1.87,45.5,0
10.63,63.52,155.63,145.85,72.88,36.05,15.72,1652.4,3,1.04,516.4,37.5,2.26,99.1,1
2.81,14.17,23.9,22.34,31.31,0.47,49.69,1500.4,3,0.36,75.4,88.8,28.2,52.8,0
4.07,45.51,107.52,116.39,59.32,24.77,39.54,2033.0,4,0.54,29.6,287.3,0.0,100.0,1
2.99,23.27,43.96,42.41,28.94,0.0,36.63,1350.6,4,1.58,344.4,218.8,4.86,52.4,0
3.44,15.68,33.18,66.36,28.43,0.0,32.41,866.7,1,0.93,75.9,92.3,56.97,49.6,0
1.55,16.52,44.72,52.11,26.26,0.0,39.44,1603.5,4,3.62,51.2,500.1,45.18,85.4,1
12.54,55.62,80.77,94.98,38.51,12.16,39.84,2309.8,3,0.46,28.9,94.6,0.35,90.4,1
7.32,76.55,160.78,139.73,59.46,27.59,39.41,1562.4,3,10.34,37.4,77.7,16.9,100.0,1
15.41,69.45,180.3,130.11,62.64,28.65,45.08,1622.2,2,0.8,464.8,28.1,18.52,95.6,1
2.91,20.6,45.8,76.08,41.02,3.22,47.01,2263.0,3,1.3,43.5,13.1,1.04,80.5,1
8.39,45.56,81.44,68.99,30.25,3.41,53.05,1382.1,4,0.26,457.0,77.5,15.75,81.8,1
1.24,11.72,22.93,30.89,34.64,0.0,28.89,2392.4,4,1.56,48.1,17.4,0.3,40.0,0
2.36,25.87,60.84,81.19,44.51,12.06,31.13,635.3,3,5.85,31.6,111.8,2.99,96.9,1
9.85,84.36,223.32,154.92,85.53,48.0,39.07,1427.8,4,2.49,24.3,353.9,17.5,92.4,1
1.5,14.74,21.49,28.96,19.33,0.0,29.38,747.1,2,0.5,63.7,116.4,5.85,18.9,0
1.48,11.12,16.69,38.51,15.18,0.0,30.75,1252.0,4,1.05,32.4,117.9,22.99,43.1,0
2.95,17.63,32.7,63.63,25.87,0.0,40.04,658.2,3,1.0,143.3,52.6,6.49,44.9,0
1.64,9.09,15.68,21.83,28.14,0.0,43.66,767.3,4,0.19,32.9,32.7,15.98,47.2,0
1.92,8.95,15.85,39.94,24.46,0.0,46.85,742.7,3,3.91,216.5,45.3,3.51,57.5,1
6.94,36.25,61.99,77.3,31.1,0.0,34.36,972.1,2,0.86,215.5,151.1,7.52,48.0,0
3.79,20.64,34.55,66.19,36.56,0.0,39.94,582.7,3,1.23,40.3,161.3,0.58,63.1,1
13.12,87.46,138.44,137.08,68.87,40.31,38.06,1999.6,3,0.62,168.1,44.8,0.01,100.0,1
10.63,66.23,179.31,156.86,68.85,30.64,36.15,763.4,3,0.3,233.8,91.6,0.42,94.1,1
3.96,26.31,42.14,61.77,32.46,0.11,29.06,1174.8,2,4.18,107.0,151.4,12.85,75.5,1
3.08,13.82,23.3,39.66,17.47,0.0,27.98,333.7,4,0.07,54.7,257.2,3.79,24.1,0
2.28,19.18,33.47,31.8,26.88,0.0,41.67,520.3,1,0.92,69.8,69.4,0.13,22.4,0
3.02,37.33,101.01,102.6,51.35,16.87,28.92,2182.2,4,2.36,185.1,57.0,11.75,97.6,1
4.73,24.82,61.01,89.33,39.21,6.35,20.9,2058.0,2,0.66,41.7,236.0,15.48,58.9,1
5.14,44.91,112.52,111.29,48.46,12.44,35.73,2065.9,5,1.06,48.9,129.8,36.11,96.8,1
5.72,24.72,38.23,30.6,29.06,0.0,48.37,1163.8,5,1.5,21.0,349.8,15.24,83.5,1
8.11,35.87,92.21,87.27,43.13,11.53,14.0,597.2,3,9.57,61.1,42.7,0.06,94.5,1
1.98,21.32,42.02,59.97,30.1,0.06,33.55,526.6,5,2.56,10.9,265.3,0.1,85.8,1
2.65,26.98,47.69,67.04,35.89,0.0,41.74,1571.8,4,6.15,46.5,31.8,0.33,97.5,1
18.68,113.78,251.01,200.54,78.48,48.0,20.5,2039.2,1,2.13,56.1,158.2,31.13,100.0,1
10.05,54.76,139.7,120.92,58.67,21.2,34.19,2190.2,5,0.56,35.4,60.0,29.87,100.0,1
1.78,14.07,35.04,37.83,31.91,0.0,26.31,906.3,1,0.61,12.8,19.2,1.75,22.1,0
14.66,72.64,192.2,172.33,70.39,37.81,27.44,974.2,2,3.11,88.5,172.6,20.83,100.0,1
6.86,37.88,102.25,102.81,45.75,10.8,32.58,511.8,3,1.0,240.4,127.2,5.0,90.9,1
11.0,81.36,141.02,107.32,56.78,29.9,26.45,1926.3,1,0.83,49.1,119.8,29.23,100.0,1
5.57,66.03,131.62,105.05,53.98,20.75,25.75,878.9,2,5.22,32.4,161.6,4.99,100.0,1
4.79,23.06,32.76,67.78,29.21,0.0,35.5,1310.0,5,0.02,40.3,83.9,8.02,64.1,1
1.35,11.56,30.41,64.7,29.29,0.0,54.93,2250.7,5,1.34,237.6,199.7,5.49,72.6,1
5.01,22.6,36.54,46.98,17.63,0.0,42.44,1879.7,4,2.69,90.0,25.2,24.11,74.2,0
5.66,37.4,97.48,70.08,51.21,12.97,44.59,410.7,3,2.4,16.8,225.9,11.77,97.6,1
7.9,44.35,82.54,60.83,41.37,11.16,42.78,317.1,5,0.82,148.2,156.1,19.85,95.5,1
5.44,23.83,45.64,47.44,44.38,5.65,30.07,1953.6,2,1.38,20.1,120.0,31.41,80.6,1
1.46,6.43,9.36,39.39,15.47,0.0,38.64,1460.3,5,0.01,7.5,24.6,9.05,46.9,0
9.74,68.01,126.34,113.41,50.17,20.67,45.33,1812.7,3,1.38,35.4,58.7,0.01,96.3,1
17.25,149.35,394.83,290.16,88.0,48.0,43.04,629.3,4,1.61,22.1,63.0,0.2,96.2,1
8.67,40.93,58.76,75.47,38.93,6.82,37.65,2131.3,4,3.74,111.5,47.9,0.31,92.0,1
1.91,12.43,24.48,21.77,15.15,0.0,40.42,1924.0,5,0.43,79.5,554.9,0.05,28.7,0
2.49,22.11,31.93,30.49,23.97,0.0,56.93,2170.8,4,3.14,154.5,445.1,0.24,76.4,1
2.55,10.92,20.96,34.8,29.42,0.0,43.14,1016.3,4,2.28,86.0,142.2,1.8,57.1,0
10.14,89.17,146.39,107.12,55.3,23.56,33.32,879.0,3,1.97,65.2,41.4,0.73,100.0,1
0.67,7.97,13.97,17.47,32.13,0.0,35.37,618.6,4,0.9,89.6,435.7,6.26,31.3,0
2.86,34.29,90.14,92.44,42.52,6.98,27.04,2253.2,4,0.82,68.4,249.1,1.4,78.4,0
3.23,17.38,34.94,64.4,24.39,0.0,55.95,671.3,2,2.19,4.5,7.1,0.46,81.5,1
6.12,31.79,56.69,75.72,39.53,5.75,49.63,550.6,3,8.33,137.0,121.5,1.49,97.1,1
4.94,37.18,82.73,95.54,52.81,14.24,36.71,704.6,2,0.94,392.8,167.2,4.08,83.9,1
10.1,75.16,120.17,113.07,56.15,22.15,54.54,1919.9,4,4.52,65.8,12.4,0.19,100.0,1
3.11,22.58,39.81,63.96,38.71,1.16,41.38,2168.0,1,1.59,66.1,9.2,0.18,54.7,0
1.08,5.51,11.93,24.98,33.4,0.0,32.34,2002.9,5,3.65,5.6,112.1,7.89,83.8,1
0.92,10.23,17.72,61.21,19.43,0.0,43.7,1482.8,3,0.44,265.3,0.4,1.28,29.0,0
19.2,80.7,189.72,136.56,78.75,47.46,39.39,2387.2,2,2.59,317.6,8.6,26.11,98.4,1
9.74,82.67,172.63,126.86,59.2,28.38,43.12,444.6,5,3.24,201.3,32.5,1.27,97.3,1
11.05,44.23,109.72,89.32,53.27,21.67,24.36,2121.1,1,3.21,13.5,433.4,0.01,91.3,1
3.75,34.31,93.59,109.73,45.78,7.5,29.11,1198.2,3,2.76,276.6,261.7,30.61,91.8,1
8.59,40.68,63.54,90.77,45.25,5.38,48.65,1255.8,4,0.65,2.9,107.8,17.31,93.2,1
2.19,18.6,34.75,63.36,36.76,0.49,50.39,567.9,3,1.33,70.6,117.4,0.32,68.7,1
8.93,95.28,176.02,147.72,72.7,47.66,48.03,370.2,3,0.64,83.3,208.5,0.31,96.0,1
4.5,19.66,31.69,49.0,30.66,0.0,54.86,964.9,4,0.76,215.5,115.8,0.07,59.4,0
5.93,26.25,66.52,91.92,41.68,15.01,40.91,667.2,5,0.65,166.8,11.9,24.87,92.4,1
4.49,30.24,74.52,84.74,41.24,6.58,40.31,1315.0,2,0.6,191.4,241.6,3.31,60.4,1
1.44,7.21,14.99,57.26,23.83,0.0,28.24,609.4,2,2.13,242.9,10.7,0.42,15.8,0
3.13,17.91,38.56,44.31,39.45,0.0,31.07,589.6,3,1.89,77.6,119.8,1.74,50.2,0
13.29,59.05,87.59,76.95,53.9,21.96,19.1,2141.7,3,0.41,181.8,356.1,15.86,91.6,1
1.21,9.03,19.67,56.25,24.66,0.0,33.27,2234.7,3,2.12,8.5,22.5,5.54,66.5,1
7.87,46.55,116.75,87.63,54.12,17.76,18.5,2324.9,2,0.62,70.6,220.7,3.24,84.4,1
2.59,15.95,35.14,70.41,30.33,0.0,45.19,1729.1,3,0.41,3.7,8.5,0.97,72.6,1
4.04,28.84,51.08,61.04,24.63,0.0,39.3,1919.1,4,2.48,296.3,894.7,5.21,62.3,0
4.44,19.18,44.78,75.8,30.52,0.0,18.78,2055.1,2,0.81,381.6,206.3,71.87,55.8,0
3.12,28.85,54.99,55.9,44.99,14.84,34.39,1683.7,2,1.52,10.5,625.2,18.78,95.1,1
6.12,58.05,125.55,118.83,50.66,16.65,52.73,993.5,4,0.4,91.3,198.6,1.83,92.3,1
2.43,13.65,28.43,45.21,40.65,3.11,34.93,628.4,1,1.71,47.2,49.9,2.67,42.8,0
8.3,43.29,83.72,87.62,50.47,14.19,27.51,798.3,4,0.42,50.3,469.6,32.8,93.8,1
3.96,35.01,84.24,82.45,46.0,12.7,20.82,2064.9,3,0.33,71.9,177.4,1.31,63.4,0
7.32,50.01,131.89,134.25,60.29,25.28,21.08,1761.8,3,0.88,16.0,154.4,2.35,94.4,1
24.01,99.68,140.28,127.33,53.78,25.82,40.55,1257.2,3,2.81,23.9,100.9,6.75,100.0,1
7.1,58.24,157.66,118.79,62.55,22.13,32.31,361.8,3,0.35,103.4,60.3,32.62,100.0,1
4.11,21.22,44.91,75.13,41.22,4.95,33.02,859.0,4,0.22,2.3,135.9,16.95,88.8,1
1.12,5.45,12.97,26.66,19.94,0.0,32.35,1830.7,5,0.06,109.9,82.0,2.05,19.2,0
3.89,24.93,64.76,63.82,44.5,7.38,34.81,1376.0,3,0.97,46.1,346.4,18.11,78.4,1
7.75,32.39,66.53,52.84,30.37,0.0,25.57,1214.6,3,0.6,214.2,5.3,0.33,33.8,0
0.84,4.1,10.52,52.34,15.76,0.0,38.69,958.7,1,0.62,110.0,135.9,2.23,10.8,0
5.06,32.07,52.87,52.24,46.21,12.66,23.91,1574.6,4,7.23,147.8,326.0,18.52,98.4,1
7.15,40.43,65.61,59.3,38.3,8.91,29.58,2329.4,3,0.39,14.6,5.0,17.24,88.7,1
4.73,23.92,55.5,82.48,32.31,0.49,44.59,2192.4,1,1.1,37.1,59.7,3.39,56.7,0
9.36,51.83,135.71,129.46,66.17,31.8,39.2,364.0,2,7.73,684.6,9.5,0.63,99.4,1
4.21,18.35,48.62,42.95,41.09,0.25,41.83,1310.0,2,0.06,68.2,162.7,14.75,42.9,0
0.48,3.4,7.83,44.71,27.72,0.0,54.28,991.9,2,2.15,53.3,68.6,1.08,49.4,0
6.25,47.74,101.95,112.36,45.13,8.74,35.49,1372.3,4,0.83,248.4,578.2,4.86,90.0,1
2.81,24.16,45.03,37.8,30.89,0.0,36.18,1573.0,5,4.26,4.0,172.4,30.56,96.1,1
4.26,49.31,136.7,130.99,60.15,26.64,33.75,720.1,4,4.37,91.8,148.5,5.12,98.5,1
2.96,33.96,62.74,70.41,41.73,8.84,32.23,1941.3,3,0.88,28.3,448.5,0.47,77.6,1
4.53,19.89,48.57,66.68,30.55,0.0,27.41,1297.6,3,0.45,55.1,45.6,0.04,36.2,0
14.1,72.18,154.82,127.81,64.37,30.34,36.71,2383.2,3,1.01,26.7,148.7,20.6,97.9,1
10.85,56.43,127.07,119.0,57.18,21.25,39.02,352.8,3,6.05,4.6,140.9,0.15,97.2,1
9.16,49.66,96.87,69.5,54.84,27.67,39.49,698.4,3,0.59,64.6,15.4,11.92,94.4,1
4.04,18.01,49.54,71.53,38.4,1.22,36.55,1748.2,2,7.16,186.8,484.0,0.53,91.9,1
6.26,38.71,85.18,61.86,34.81,0.91,43.87,1759.9,3,3.08,364.3,216.9,19.62,82.5,1
3.82,16.76,45.46,55.04,31.45,0.0,36.25,1522.6,3,0.56,117.3,394.2,10.57,40.3,0
1.92,13.63,19.22,24.29,19.81,0.0,32.52,2341.1,1,2.82,59.1,728.6,0.71,25.1,0
22.52,94.79,208.71,177.72,81.85,48.0,28.12,1172.2,1,0.09,176.3,117.6,3.05,91.9,1
3.3,16.63,39.97,45.1,36.73,0.0,22.83,1175.8,2,1.43,84.4,293.0,15.09,29.7,0
13.89,112.3,274.35,203.76,88.0,48.0,48.41,2212.0,3,0.8,55.0,155.1,0.0,100.0,1
4.03,22.91,61.1,64.01,35.5,4.9,30.06,1430.7,3,1.0,23.7,680.0,44.65,87.9,1
2.88,16.89,23.75,55.2,27.06,0.0,28.13,1042.8,1,1.15,190.8,51.1,3.12,15.8,0
3.09,29.91,41.89,53.88,32.98,0.0,32.45,1809.8,2,1.26,83.3,2.5,1.08,40.4,0
15.4,85.3,175.81,154.78,65.39,32.43,33.63,1601.3,1,1.92,398.3,37.0,0.2,96.8,1
7.39,55.31,79.71,60.12,35.01,4.94,49.93,943.5,5,2.15,194.3,24.7,1.08,95.9,1
5.32,59.86,165.46,121.17,54.03,19.2,33.21,925.7,3,6.69,65.4,103.4,13.7,99.3,1
12.56,52.07,89.08,87.72,52.55,16.9,58.0,1130.8,1,2.59,162.0,14.5,5.15,98.1,1
9.27,49.02,101.08,113.32,51.28,12.56,36.54,450.4,4,2.1,72.5,44.8,36.41,100.0,1
15.42,67.31,99.99,73.36,50.17,19.04,53.48,2279.5,2,0.9,10.0,18.2,6.14,100.0,1
3.79,19.46,41.46,33.89,39.2,3.53,43.6,684.3,3,0.23,87.2,120.1,0.01,40.1,0
3.84,27.33,52.79,46.36,27.25,0.0,39.07,707.0,2,0.11,240.9,55.9,2.47,29.2,0
3.48,20.81,30.43,53.63,18.11,0.0,49.41,1658.8,5,1.17,232.1,114.6,7.81,66.2,0
32.37,166.11,310.49,224.77,88.0,48.0,45.54,1820.9,5,1.99,102.7,16.8,2.7,100.0,1
28.12,115.61,225.2,188.53,84.82,48.0,41.39,1847.4,4,1.89,57.4,130.9,16.62,97.9,1
1.1,8.94,24.89,24.42,16.58,0.0,55.7,1087.7,4,5.5,1.2,25.1,5.47,98.2,1
11.35,49.62,83.91,68.38,45.65,8.36,31.76,2134.0,3,0.87,44.8,18.8,7.98,85.2,1
24.2,102.08,220.76,162.0,79.41,48.0,27.54,1442.4,5,1.78,550.3,66.8,1.64,99.7,1
1.74,8.96,24.92,49.4,22.14,0.0,30.25,1221.0,3,3.94,155.6,373.5,6.66,44.7,0
8.95,37.58,94.27,97.11,44.4,7.62,50.89,2001.8,2,0.93,151.7,279.7,14.71,88.9,1
13.98,94.67,264.21,182.32,79.33,44.75,48.33,811.5,2,1.17,171.8,575.6,10.68,100.0,1
0.62,2.55,7.03,52.04,18.42,0.0,31.54,2106.4,2,4.61,116.1,111.0,6.4,46.4,0
9.6,48.11,100.32,85.56,43.87,8.67,15.99,1431.5,3,1.44,105.8,67.4,15.62,82.9,1
2.19,25.15,59.73,75.92,40.07,7.78,34.25,2190.1,2,2.89,72.5,636.7,1.62,85.9,0
24.17,103.22,160.47,132.89,63.98,35.78,27.39,723.4,4,4.94,70.4,86.6,0.02,100.0,1
20.37,125.48,253.16,179.58,88.0,48.0,31.8,2265.7,3,1.52,245.6,1.6,1.15,97.7,1
16.21,102.41,259.37,211.67,77.33,48.0,27.04,1744.5,4,0.21,60.0,308.8,12.55,99.9,1
4.66,26.44,55.72,78.04,30.57,0.0,22.32,1598.5,3,3.1,220.1,33.4,18.76,66.5,0
8.69,82.45,196.54,150.58,78.37,43.21,52.01,1186.3,3,3.06,218.2,227.8,0.64,97.0,1
10.72,67.08,163.96,138.06,64.05,34.44,30.19,2308.3,3,0.22,176.8,2.7,11.65,99.1,1
5.37,24.25,42.56,44.27,36.99,2.32,48.01,1232.2,4,1.43,4.6,21.2,2.36,89.7,1
5.23,63.31,166.26,144.11,55.73,21.45,34.12,1346.9,1,1.2,19.2,118.9,4.5,100.0,1
1.35,10.67,21.8,33.08,30.49,0.0,26.39,1941.1,1,3.38,45.3,12.7,2.76,36.5,0
2.98,37.09,62.83,83.83,33.76,0.0,40.33,898.2,4,0.58,225.7,395.1,6.61,68.6,1
3.16,20.98,54.8,50.4,30.93,0.0,32.68,912.1,4,1.0,247.9,249.4,13.32,48.7,0
1.63,8.0,15.88,15.99,30.39,0.0,34.24,1928.1,3,1.67,5.1,71.6,12.27,57.8,1
2.67,12.39,30.36,36.82,35.47,0.0,37.23,570.0,3,1.31,47.1,163.8,21.36,57.6,1
10.89,45.24,98.05,77.33,53.66,17.95,29.1,2028.2,2,5.58,228.0,226.3,6.12,95.7,1
4.63,25.24,48.83,59.61,45.9,8.69,22.22,1612.9,2,5.82,34.5,253.5,7.05,90.4,1
7.18,58.26,147.62,110.12,68.93,30.18,35.56,1432.1,5,0.15,447.6,90.7,8.18,99.8,1
1.01,4.27,9.47,45.5,17.88,0.0,44.19,781.1,2,0.64,80.6,412.3,0.0,20.3,0
5.56,26.26,51.11,49.09,35.16,3.67,28.34,1951.4,3,0.01,332.4,511.8,36.3,51.5,0
6.4,36.04,55.99,73.21,33.52,0.0,37.31,1990.4,4,0.97,67.2,39.2,0.5,75.1,1
11.23,56.65,150.33,128.74,74.27,37.08,48.8,1314.2,1,1.95,47.0,435.9,0.01,98.4,1
4.71,19.85,28.77,68.08,34.69,0.0,35.24,1117.3,1,1.15,54.0,224.5,1.63,36.5,0
7.41,36.83,96.06,112.43,45.76,13.78,36.73,816.9,3,0.13,258.8,394.3,0.18,81.4,1
12.34,86.5,164.7,151.18,71.38,36.97,36.47,1883.9,4,0.39,48.2,99.5,0.27,100.0,1
9.03,44.87,102.98,106.14,41.44,12.31,30.2,1642.8,2,0.34,132.8,194.8,11.55,78.8,1
0.94,10.87,29.25,41.4,29.69,0.0,27.56,733.9,1,1.29,76.1,48.3,6.06,21.0,0
1.23,8.46,13.64,47.76,18.19,0.0,27.59,1968.4,2,2.04,341.0,250.3,3.76,11.0,0
12.47,83.65,183.51,167.33,61.25,34.25,39.13,2152.6,1,0.68,20.8,156.9,1.49,100.0,1
1.6,14.79,36.55,29.81,34.94,0.0,42.44,424.4,2,0.25,67.2,118.0,0.68,27.7,0
6.75,80.4,197.83,157.8,80.84,48.0,42.84,1922.1,3,2.88,16.0,212.4,3.93,100.0,1
4.17,40.6,86.72,71.18,47.02,13.35,32.78,2090.9,2,3.52,103.6,144.7,16.34,92.8,1
20.27,105.97,241.03,186.78,86.39,48.0,45.29,2382.2,4,0.58,61.9,260.9,3.3,98.7,1
13.42,62.03,152.63,125.2,55.14,23.55,38.61,799.0,2,0.98,7.5,351.9,0.96,99.6,1
56.82,229.1,590.49,414.73,88.0,48.0,36.6,1079.1,4,0.15,227.5,290.2,0.08,95.6,1
3.13,22.51,55.52,65.88,29.73,0.0,14.0,2329.0,3,0.47,56.5,66.1,2.66,25.3,0
10.57,58.09,110.12,119.78,49.43,19.32,29.05,497.4,4,2.62,81.7,672.2,0.09,98.5,1
6.07,25.35,70.85,75.9,46.3,7.44,23.07,1399.8,1,0.82,62.8,188.8,37.53,71.7,0
3.86,35.58,71.46,89.53,46.37,11.56,41.33,1364.2,2,1.67,80.5,70.3,4.34,91.3,1
9.5,47.04,67.47,63.25,29.0,0.0,36.81,1573.8,4,5.26,2.0,7.8,11.28,100.0,1
16.35,78.46,149.68,122.01,57.75,25.02,26.89,994.7,4,2.31,202.8,797.6,12.28,99.7,1
14.26,149.91,236.7,180.02,81.95,48.0,38.59,2244.4,2,1.09,48.5,164.5,0.02,100.0,1
13.26,58.56,91.93,77.3,30.55,0.13,23.9,867.1,2,0.82,154.7,46.5,15.82,58.2,1
6.01,27.52,49.38,54.19,37.22,0.0,27.13,1664.4,4,0.38,8.1,121.6,0.0,69.2,0
1.95,22.72,33.51,53.71,27.91,0.0,29.96,1341.4,2,2.54,89.0,91.2,0.84,40.6,0
5.61,58.73,138.84,121.35,58.2,26.64,40.59,860.0,4,0.21,287.4,544.2,3.23,94.6,1
1.49,16.85,25.33,50.1,35.17,0.0,47.9,696.6,5,0.11,60.9,122.1,0.1,61.8,1
1.25,9.11,15.34,30.81,24.83,0.0,31.02,2308.8,2,0.2,26.4,119.3,3.25,19.7,0
2.82,16.93,25.9,36.05,24.67,0.0,47.24,1478.7,4,0.5,12.5,284.9,10.1,74.6,1
2.63,15.43,22.97,47.45,29.86,0.0,36.4,1568.8,3,1.78,235.2,89.2,3.3,34.1,0
3.33,26.54,47.1,41.6,39.54,9.46,38.01,1944.1,4,3.56,32.7,39.4,0.58,88.7,1
3.26,13.89,30.56,36.25,30.34,0.0,35.46,470.6,3,8.84,443.0,263.3,10.12,91.2,1
0.58,4.04,11.11,14.12,27.25,0.0,34.32,1798.9,1,2.37,34.2,433.6,0.24,19.8,0
0.66,7.54,19.8,21.14,24.67,0.0,39.73,646.8,4,0.28,78.7,8.4,42.15,51.8,0
20.78,158.61,416.55,286.71,88.0,48.0,42.29,1855.0,2,0.59,73.5,353.8,1.51,100.0,1
3.42,20.07,33.04,27.35,29.93,0.0,28.48,596.8,5,0.25,7.7,103.7,0.17,54.3,0
3.26,21.82,38.65,41.16,26.3,0.0,34.39,2048.2,3,0.22,91.1,61.4,1.31,24.0,0
6.07,48.0,72.34,81.49,36.85,7.78,50.19,1730.1,1,1.51,134.0,7.2,6.28,83.8,1
1.73,16.89,42.06,35.09,40.04,8.43,37.51,1110.4,2,4.27,162.6,41.4,5.26,77.3,1
24.16,110.17,165.01,131.91,78.25,48.0,38.44,1053.6,4,2.08,88.7,72.9,21.13,97.2,1
15.14,60.73,132.35,132.12,66.61,29.1,45.92,612.8,3,2.9,200.9,13.2,0.27,100.0,1
2.42,17.76,31.03,60.78,20.75,0.0,31.74,2198.5,4,1.28,167.4,37.7,4.36,40.7,0
3.56,24.58,42.79,46.56,23.46,0.0,35.71,548.9,2,1.16,25.9,240.3,0.03,42.9,0
14.4,77.83,216.9,187.6,73.59,42.53,42.94,1291.4,3,4.99,61.6,209.0,0.59,100.0,1
21.22,105.0,258.24,187.69,88.0,48.0,46.53,796.7,4,2.3,18.5,264.4,9.58,100.0,1
4.24,28.92,74.36,56.6,23.97,0.0,15.9,2392.3,1,1.11,17.2,32.5,31.06,41.0,0
10.44,44.66,98.28,113.61,43.99,17.48,29.74,1530.3,3,0.73,149.4,7.9,2.18,89.0,1
1.66,9.49,24.85,60.3,35.4,0.0,27.51,614.1,5,0.18,90.7,113.8,2.1,37.0,0
27.58,176.17,405.84,289.76,88.0,48.0,34.95,1701.9,3,3.1,110.2,75.6,22.92,94.8,1
1.81,9.54,26.0,51.88,24.22,0.0,28.16,2382.4,4,0.33,158.1,269.9,3.51,25.8,0
25.74,106.38,190.84,159.25,70.84,38.54,41.64,1570.6,4,1.3,39.0,139.3,0.08,94.4,1
10.4,48.35,107.98,83.94,53.64,22.25,37.47,1260.5,3,1.83,61.6,481.7,0.07,91.1,1
3.28,37.83,89.52,72.19,50.68,12.99,43.56,915.9,4,2.45,112.0,11.4,0.47,100.0,1
4.59,33.62,65.55,68.74,35.16,0.0,44.1,493.5,3,0.16,12.2,81.4,8.83,83.0,1
1.96,12.25,32.24,66.98,27.62,0.0,41.77,779.3,4,0.02,214.8,93.5,0.0,36.5,0
2.39,17.93,49.69,37.75,30.52,0.0,33.15,1462.6,2,2.2,50.5,24.2,27.82,59.6,0
1.89,9.5,19.87,53.13,17.58,0.0,36.89,1882.9,5,1.09,129.0,157.4,27.57,51.0,0
4.41,20.01,38.96,32.91,29.59,0.0,32.08,2143.7,4,0.36,650.2,7.4,4.4,30.8,0
11.42,55.9,115.2,101.4,50.48,19.09,24.4,1966.8,2,7.23,77.4,224.5,2.59,98.1,1
7.0,28.2,73.15,81.25,32.92,0.0,44.11,563.5,3,2.82,29.1,6.9,5.87,89.0,1
0.93,7.37,16.99,46.94,28.63,0.0,35.29,1924.3,3,1.56,29.3,372.1,21.63,53.7,0
30.32,132.54,193.86,133.64,77.18,48.0,23.23,1521.4,4,2.18,7.5,12.1,25.71,94.3,1
16.85,80.12,172.98,136.27,72.61,35.57,40.56,1285.1,5,0.3,174.8,109.7,4.98,97.0,1
14.94,105.56,150.34,128.99,57.49,31.93,34.1,1502.8,1,5.9,41.7,30.4,2.8,97.9,1
38.24,186.7,464.88,310.14,88.0,48.0,18.49,317.0,5,10.11,22.8,25.7,22.88,99.8,1
0.91,9.36,17.41,22.4,27.68,0.0,24.32,442.2,1,1.88,150.1,229.9,20.8,16.7,0
5.37,25.06,51.64,68.43,30.47,0.0,30.04,1404.3,3,1.99,44.4,267.9,11.59,59.6,0
8.68,50.92,128.23,111.82,50.56,13.2,37.79,664.6,3,2.19,110.1,241.9,26.86,95.4,1
5.79,44.62,65.37,54.77,30.76,0.0,42.7,1445.6,2,1.97,64.9,93.2,0.0,75.2,1
3.83,20.01,32.45,50.18,27.43,0.0,42.41,1043.8,3,1.04,48.8,843.7,8.44,53.1,0
13.97,73.86,144.56,140.04,69.94,38.9,41.12,2205.6,4,1.4,80.7,74.8,2.82,94.8,1
1.68,14.54,25.04,21.97,23.98,0.0,35.71,2294.3,2,0.6,45.2,50.7,8.6,25.7,0
1.93,22.72,42.55,61.58,25.38,0.0,50.64,2357.5,1,1.07,245.3,1018.2,1.07,38.6,0
5.4,35.12,98.25,72.18,51.42,13.03,41.95,2187.8,3,1.03,9.1,681.2,1.77,97.5,1
6.28,35.5,90.73,64.27,46.44,13.19,37.89,2370.4,4,0.61,3.7,161.3,33.68,95.3,1
9.37,40.91,107.89,81.91,37.49,6.44,40.82,1782.9,5,2.78,62.6,42.2,1.64,92.4,1
3.15,13.24,35.91,47.37,34.03,0.0,32.61,2317.1,2,0.95,22.8,49.0,10.97,40.2,0
15.0,88.31,165.79,148.87,79.19,45.28,35.51,1647.8,5,1.44,163.4,132.4,5.44,99.4,1
3.08,14.78,26.84,35.13,12.0,0.0,18.3,1999.3,3,0.31,52.3,269.4,5.51,17.1,0
2.31,14.94,25.8,49.93,19.81,0.0,32.71,577.0,2,1.16,36.4,14.5,5.48,28.6,0
16.06,77.64,198.92,152.8,58.61,29.7,50.96,1733.5,5,2.58,53.4,209.5,0.0,99.6,1
12.72,110.75,260.42,184.82,88.0,48.0,37.26,2255.3,2,1.06,29.7,19.6,3.18,100.0,1
9.93,69.41,120.12,106.22,59.58,23.91,36.91,1434.1,4,1.47,42.7,334.5,1.43,99.2,1
13.72,73.03,140.78,132.4,60.05,32.84,44.49,692.3,4,2.18,100.7,136.7,0.26,95.8,1
4.1,49.31,104.01,110.07,57.47,22.61,39.04,1406.5,3,0.89,239.4,823.5,7.1,96.7,1
8.08,39.82,85.18,98.46,48.83,11.35,29.31,1784.6,4,0.78,55.6,251.7,0.18,90.1,1
2.4,10.83,28.64,38.85,38.23,0.0,36.2,1916.6,3,0.16,46.4,123.8,6.69,32.4,0
3.38,22.88,44.22,69.45,39.34,0.0,26.35,1399.8,2,1.57,182.7,27.4,45.5,62.6,0
2.9,18.59,49.67,46.83,31.49,0.0,37.56,756.5,4,2.21,2.7,140.7,48.23,91.1,1
3.33,14.8,29.86,57.64,28.76,0.0,28.88,2246.0,5,1.57,43.2,21.9,8.16,66.2,0
10.73,50.62,123.77,128.13,49.44,13.87,43.89,1924.6,3,0.6,72.2,424.0,17.52,93.3,1
4.56,35.32,95.44,67.65,45.34,14.18,31.66,868.4,5,0.55,110.2,47.1,37.93,91.0,1
1.49,11.05,29.52,44.0,28.64,0.0,28.99,2004.8,3,0.31,20.4,360.9,12.68,31.1,0
1.93,9.87,14.6,43.64,23.58,0.0,35.04,1030.5,3,0.09,68.1,65.2,1.14,18.5,0
7.12,40.51,68.38,81.03,47.2,10.78,39.11,956.1,4,1.0,100.2,45.2,0.72,89.1,1
0.46,4.31,8.9,18.71,20.51,0.0,25.74,2112.5,2,0.31,85.7,65.3,1.71,8.8,0
9.66,72.84,145.98,143.64,55.28,21.35,31.57,2133.8,5,2.11,102.6,221.3,0.0,100.0,1
8.84,37.92,87.11,89.31,39.17,2.33,36.89,1136.8,4,5.87,130.3,134.1,4.59,95.2,1
6.4,32.49,88.45,69.89,48.7,6.55,47.38,318.7,4,0.14,57.2,20.5,10.08,88.8,1
10.76,43.44,67.65,49.9,30.52,3.0,14.51,691.8,3,4.02,7.9,26.5,7.79,80.8,1
14.29,67.94,138.09,130.0,57.46,25.66,41.23,2209.5,4,1.93,6.9,85.6,0.3,99.6,1
4.9,20.38,34.03,30.71,37.49,0.0,32.74,2187.4,4,3.54,234.8,74.4,3.08,63.2,1
4.82,41.29,109.49,82.52,52.41,17.41,31.8,1252.0,3,0.3,135.8,343.6,7.53,86.9,1
8.94,42.33,116.43,106.55,52.15,14.17,30.21,938.6,5,4.27,173.4,152.9,6.68,100.0,1
1.89,22.62,46.83,62.6,32.9,0.0,32.91,935.8,3,5.7,317.1,37.2,1.46,80.5,1
14.81,76.33,117.98,112.6,46.86,26.15,41.28,2184.1,3,4.27,166.6,5.2,0.16,100.0,1
10.16,63.57,158.88,125.98,59.34,26.55,31.44,981.9,2,2.77,141.4,19.4,34.26,93.3,1
6.24,44.91,106.71,109.18,48.71,12.37,50.1,1374.3,5,0.17,128.0,217.0,0.96,96.6,1
17.2,75.91,143.97,142.43,61.94,24.23,41.3,1835.1,2,0.45,35.9,338.0,41.86,100.0,1
19.12,84.88,224.28,162.98,88.0,48.0,37.68,739.9,2,4.4,378.4,274.6,0.0,97.8,1
4.34,51.83,143.36,129.82,60.7,30.33,34.59,833.1,2,0.47,93.7,280.8,0.32,94.3,1
13.15,71.6,156.15,148.28,71.84,42.31,46.11,1051.9,3,0.77,30.1,54.4,0.04,100.0,1
6.07,42.6,93.38,96.58,55.78,22.06,47.36,1673.9,2,0.09,28.3,813.2,20.14,99.4,1
6.15,40.84,74.19,83.87,45.54,7.49,26.13,2016.7,4,1.78,202.7,16.3,2.83,85.6,1
8.09,36.55,81.07,67.77,50.05,18.56,30.03,1448.1,3,1.49,34.6,309.8,6.16,85.4,1
6.55,49.39,99.55,93.79,41.93,10.4,41.39,579.2,4,5.88,5.1,18.3,2.93,97.0,1
4.13,17.19,31.35,50.69,21.88,0.0,43.96,1237.1,2,4.01,67.1,56.0,34.04,76.6,1
9.43,85.31,127.46,119.36,58.8,30.11,33.45,568.2,2,1.27,204.0,123.1,0.01,98.4,1
14.25,73.95,129.69,134.16,48.27,13.6,29.69,485.4,4,1.69,64.2,9.9,32.31,95.6,1
2.64,13.58,22.77,21.32,24.63,0.0,36.67,1538.2,3,0.96,195.3,90.2,7.88,25.9,0
7.8,63.49,137.06,97.03,63.01,27.55,48.55,2308.0,2,0.26,210.7,77.6,6.32,99.3,1
1.26,9.35,20.96,22.13,34.35,0.0,36.35,2059.0,5,3.64,234.0,187.5,5.3,70.6,1
4.0,18.02,40.58,64.81,29.84,0.0,25.26,1926.4,2,1.44,106.7,227.9,3.75,31.8,0
11.15,53.21,103.41,78.35,45.05,11.75,36.93,1826.8,2,1.0,144.3,17.1,4.81,84.0,1
1.35,9.95,19.81,45.88,27.47,0.0,42.65,2184.0,3,0.13,36.4,7.0,0.53,32.7,0
11.43,66.96,171.95,131.38,61.7,30.87,35.14,1881.0,1,1.97,12.6,269.2,11.96,100.0,1
6.2,68.57,141.72,117.7,58.64,28.16,46.69,1616.4,2,0.92,91.3,135.1,6.15,92.8,1
4.57,39.59,110.16,86.31,50.8,12.08,43.36,1065.8,4,0.53,1.3,137.7,4.3,94.3,1
0.17,1.06,2.14,45.37,20.43,0.0,35.48,512.0,2,3.77,75.2,710.7,27.38,52.8,0
1.32,13.97,32.27,52.35,29.57,0.0,36.37,1268.2,2,0.37,12.9,103.6,2.28,43.5,0
7.68,34.38,50.55,80.36,29.15,0.0,20.35,2242.0,4,1.3,13.8,39.3,28.73,81.6,1
30.0,148.45,343.61,254.2,88.0,48.0,46.29,1524.5,3,2.86,245.6,205.5,0.48,98.0,1
8.6,35.79,92.76,70.87,41.49,7.13,33.2,687.5,2,3.4,122.8,304.4,7.52,83.4,1
4.57,23.08,62.75,53.48,27.85,0.0,32.6,1662.9,3,3.07,124.4,125.6,1.31,55.0,0
10.28,42.86,119.84,127.41,55.61,20.29,31.33,1277.5,1,4.08,62.2,211.9,9.89,97.5,1
6.11,35.08,62.97,78.58,43.0,9.84,39.88,2255.9,3,0.28,64.0,129.9,2.58,85.8,1
11.18,61.39,135.41,95.23,62.69,29.67,26.41,638.0,3,5.08,43.3,94.2,22.49,91.7,1
1.61,6.52,13.25,45.28,22.13,0.0,27.63,1795.2,5,0.02,68.4,6.3,6.87,22.3,0
10.04,53.06,116.18,99.06,47.66,15.87,35.55,1731.4,3,0.53,106.2,34.4,50.67,100.0,1
2.73,32.06,51.95,52.59,39.01,0.17,30.67,2365.4,4,0.16,24.8,117.6,0.11,64.4,1
25.24,124.28,322.97,221.86,88.0,48.0,38.85,1486.3,2,5.24,36.4,90.9,4.48,94.9,1
4.16,17.79,47.57,73.72,34.62,0.0,30.99,2130.3,3,0.99,81.9,333.1,0.4,43.6,0
7.92,36.79,74.67,56.41,51.37,11.86,49.56,351.9,2,0.68,58.3,20.7,25.71,93.6,1
19.48,108.65,194.77,144.65,74.38,44.65,41.89,558.1,3,0.33,205.4,9.3,0.21,100.0,1
0.8,4.12,6.57,23.06,20.3,0.0,41.79,1026.5,3,0.3,206.9,16.4,21.98,18.4,0
27.05,108.93,256.78,179.15,88.0,48.0,30.86,1600.6,5,1.71,49.1,204.0,0.22,96.9,1
5.02,52.57,96.59,90.65,37.68,9.08,56.45,1243.1,5,0.09,71.9,162.5,2.46,92.7,1
1.34,6.92,18.49,17.55,29.15,0.0,32.27,725.7,3,1.62,450.5,180.0,7.67,20.7,0
1.87,14.57,34.08,40.69,28.91,0.0,29.93,1537.3,2,2.68,210.9,30.7,0.0,32.0,0
8.55,45.29,104.35,114.84,52.28,18.78,42.01,1490.1,3,1.65,29.1,130.8,0.83,100.0,1
2.36,12.9,28.17,37.28,38.94,1.32,37.66,1401.3,4,3.15,39.5,262.7,0.01,69.3,1
4.26,40.19,58.84,59.46,34.13,3.34,29.04,490.2,1,0.55,10.5,207.3,0.15,63.1,1
3.06,26.6,71.94,73.05,26.11,0.0,54.66,2246.8,3,0.14,135.9,103.9,22.73,70.3,1
8.91,48.01,109.42,101.4,53.53,18.53,44.29,1543.7,1,2.3,45.7,19.7,8.84,96.6,1
1.22,12.02,33.55,63.2,30.4,0.09,36.03,854.4,2,3.17,92.3,368.1,40.06,79.4,1
9.28,74.16,159.62,117.32,60.3,26.74,56.41,1743.6,1,1.25,175.4,134.5,20.78,100.0,1
29.02,130.71,312.94,247.64,88.0,48.0,42.89,967.6,5,3.09,217.0,396.8,7.84,93.5,1
18.18,134.08,198.26,167.96,80.23,48.0,35.9,1362.3,2,1.1,47.2,103.9,1.2,100.0,1
8.41,51.61,117.9,114.16,47.33,16.42,55.39,1016.4,2,0.4,32.5,48.7,4.72,97.4,1
1.43,5.97,14.74,18.49,22.32,0.0,41.6,2148.8,5,1.16,226.5,66.1,26.1,40.2,0
7.15,60.25,150.01,103.48,70.86,29.55,41.23,2387.4,3,0.44,57.6,97.5,2.11,100.0,1
1.01,6.91,17.12,42.86,20.46,0.0,32.72,638.5,4,1.15,207.1,171.4,0.24,27.6,0
2.67,14.58,25.04,60.12,27.41,0.0,36.42,349.5,3,0.29,19.5,263.7,12.21,50.8,0
4.88,23.44,64.82,73.43,22.4,0.0,32.51,760.6,3,0.37,291.5,50.0,0.46,31.6,0
5.79,24.83,69.36,59.68,30.53,0.0,48.24,1538.9,1,3.86,79.2,37.4,1.1,73.4,1
15.49,65.72,98.96,73.4,48.65,17.62,22.32,665.3,3,0.22,22.4,40.8,0.58,92.2,1
9.35,44.12,119.61,114.23,60.86,21.07,47.61,2004.1,3,0.46,91.9,490.6,5.9,100.0,1
3.06,25.72,46.44,67.66,24.83,0.0,28.54,1158.2,3,9.73,244.8,32.2,3.55,94.0,1
1.45,17.22,40.73,39.24,31.85,0.0,35.51,1582.1,3,1.54,59.2,76.4,10.72,52.7,0
29.86,205.57,385.11,256.59,88.0,48.0,33.49,1256.8,4,1.59,23.5,119.7,0.01,100.0,1
2.8,26.89,74.07,71.52,46.46,7.58,31.58,2197.0,3,3.36,103.1,146.2,19.12,85.7,1
4.59,22.86,35.26,54.14,22.56,0.0,41.86,373.8,3,1.34,215.8,351.5,17.43,51.8,0
2.36,12.27,25.72,53.49,29.78,0.0,35.96,1831.5,2,0.45,15.5,21.6,1.0,38.3,0
5.31,60.69,121.34,120.32,50.05,13.31,30.32,1669.6,4,0.99,5.1,20.6,1.23,97.0,1
11.78,53.0,98.4,96.43,48.89,18.78,37.31,1664.0,3,2.53,7.0,68.5,4.41,97.6,1
2.54,20.78,47.87,41.1,33.82,0.0,30.08,1169.4,3,3.71,31.4,96.0,4.9,72.8,1
0.82,5.31,8.41,41.18,20.84,0.0,31.43,332.9,3,0.57,0.9,84.2,25.7,59.1,1
8.79,45.43,109.19,120.26,53.44,15.05,23.27,1747.4,4,0.55,67.2,89.5,0.44,94.5,1
6.55,42.8,118.67,122.89,53.49,18.17,32.17,2041.9,5,0.71,143.6,343.2,0.23,96.6,1
2.08,13.44,33.96,66.3,28.71,0.0,40.2,479.0,2,1.63,148.7,326.2,19.84,48.7,0
10.71,117.44,305.81,217.37,88.0,48.0,36.32,1227.4,4,0.59,121.5,294.7,0.59,97.9,1
2.42,16.34,31.1,59.0,29.17,0.0,51.43,641.4,2,4.03,42.2,253.4,0.32,80.5,1
4.76,22.67,42.06,70.64,33.11,0.0,58.0,1583.0,1,6.87,159.8,7.4,1.8,95.4,1
25.01,106.15,225.44,182.06,77.19,48.0,32.05,1949.8,4,2.05,103.1,29.1,1.76,100.0,1
3.1,20.64,30.21,35.91,26.36,0.0,28.92,1700.1,2,6.33,236.9,237.1,1.06,67.1,0
6.85,45.04,122.66,127.65,48.01,13.63,45.6,967.9,2,0.61,78.0,162.6,2.04,96.0,1
3.9,19.56,31.32,45.65,28.53,0.0,38.85,593.4,3,3.04,23.8,201.7,10.45,70.3,1
6.25,26.01,69.29,55.88,35.85,0.16,45.65,1968.0,4,2.04,120.8,227.2,3.39,70.8,1
19.61,156.39,237.25,164.15,88.0,48.0,39.39,980.2,2,0.55,19.6,436.2,2.16,97.0,1
3.76,24.28,61.96,74.41,41.38,8.82,34.35,346.5,2,0.69,396.1,181.5,11.97,61.5,1
18.79,87.26,140.73,116.17,53.87,22.62,34.4,1500.0,1,1.21,145.8,58.0,1.09,96.5,1
4.19,22.82,33.16,30.81,29.27,1.14,39.68,818.0,1,2.82,169.4,15.6,15.54,41.8,0
1.65,16.7,40.2,64.45,35.09,0.0,34.21,2066.5,2,3.7,136.5,101.8,2.04,60.8,1
0.7,3.72,6.68,45.31,20.82,0.0,46.37,600.8,5,1.81,12.3,222.7,0.32,75.1,0
4.76,42.59,102.23,104.09,44.26,7.47,24.93,1213.1,1,2.3,75.1,59.6,0.04,83.0,1
4.79,28.74,62.56,54.77,30.96,0.89,46.32,831.6,3,0.55,126.5,23.0,23.4,62.1,0
13.53,79.58,123.54,116.34,59.72,32.43,20.08,1748.2,5,2.43,31.3,1202.1,23.99,98.9,1
7.37,32.19,87.08,62.09,49.8,13.21,37.23,1451.9,3,1.67,136.5,97.7,33.48,90.6,1
21.21,133.69,271.81,195.41,88.0,48.0,33.19,1961.1,1,0.45,205.7,43.9,5.48,98.3,1
2.63,20.59,50.0,55.45,38.6,0.0,23.11,1263.1,3,5.4,38.6,32.4,1.22,82.1,1
10.12,84.84,178.28,158.47,52.13,27.0,18.49,310.1,5,1.29,26.7,357.5,0.1,98.3,1
12.32,53.88,121.02,101.23,61.85,23.69,26.67,751.9,3,2.85,257.6,308.3,0.74,100.0,1
6.52,59.74,108.96,76.33,49.57,19.63,36.39,2398.2,3,1.34,0.6,171.0,12.68,94.7,1
11.63,76.31,128.24,104.21,56.76,29.75,30.88,1151.2,2,4.86,35.4,142.6,4.87,100.0,1
6.87,61.45,132.71,113.72,55.24,22.31,27.15,1602.5,3,0.27,62.7,544.5,16.37,100.0,1
9.21,43.54,87.8,104.77,52.96,20.45,47.49,2200.4,2,1.42,133.9,46.6,4.66,95.5,1
1.19,7.43,14.45,56.74,17.68,0.0,25.53,343.1,4,0.05,699.7,96.6,5.37,15.0,0
1.83,13.12,30.72,33.11,37.45,0.6,41.77,1685.2,3,0.4,55.6,4.5,0.47,45.6,0
14.08,99.58,235.67,166.51,88.0,48.0,28.44,905.6,3,0.59,356.7,97.6,12.1,99.1,1
7.84,34.85,51.03,45.52,38.02,3.35,26.46,886.4,4,1.15,54.8,87.3,1.52,65.7,1
10.92,62.69,117.49,116.87,50.92,16.46,30.87,772.2,1,3.09,142.7,537.4,15.64,100.0,1
5.17,25.6,50.6,38.16,26.32,0.0,41.27,2027.7,4,1.13,21.7,79.8,0.25,60.9,1
2.19,9.43,14.48,20.14,29.64,0.0,24.34,1083.2,3,1.48,74.0,324.1,34.1,41.1,0
1.16,4.95,8.57,34.78,24.27,0.0,38.44,440.9,3,4.64,246.0,261.9,0.07,51.4,0
6.32,46.5,68.46,60.64,47.34,14.2,27.83,503.4,1,2.54,46.3,28.7,0.0,84.6,1
6.76,27.94,78.09,59.91,40.7,0.32,29.36,612.1,3,0.09,13.3,592.1,2.33,62.5,0
1.44,17.13,41.64,48.26,29.14,0.0,39.41,2187.7,3,0.35,88.8,179.4,1.91,35.0,0
4.84,33.63,51.2,50.62,42.66,10.4,54.47,1197.6,3,0.07,69.5,163.4,23.71,86.9,1
3.45,14.87,21.24,41.8,37.42,0.0,28.26,2223.7,3,0.13,31.3,2.1,4.59,35.2,0
4.28,33.76,81.26,101.88,42.81,7.5,42.12,2016.7,1,0.74,283.2,216.2,5.47,68.9,1
1.61,12.77,25.74,27.32,22.69,0.0,33.34,2059.6,3,2.34,110.5,10.3,0.03,35.3,0
9.03,68.68,171.8,133.44,72.97,34.41,31.96,902.3,3,0.5,51.2,36.9,4.95,100.0,1
2.83,15.35,41.35,73.82,30.05,0.0,45.11,869.8,3,0.9,666.6,18.7,9.24,52.3,0
5.54,35.88,80.33,96.68,46.09,9.63,28.83,1476.1,3,0.9,17.8,85.5,15.21,90.0,1
2.66,13.05,21.68,36.84,24.52,0.0,26.19,1177.6,2,1.61,226.0,285.9,14.7,19.4,0
2.36,10.15,25.31,52.91,36.47,0.0,39.91,1369.0,2,4.02,31.5,221.2,6.91,70.9,1
6.26,32.17,88.07,66.2,40.46,6.81,49.56,411.7,3,7.36,32.9,20.3,6.74,100.0,1
2.79,24.34,53.86,72.07,37.96,0.0,42.37,2340.3,3,1.67,82.7,288.3,0.81,64.6,0
8.74,36.62,86.23,104.83,41.21,5.37,24.04,422.2,3,1.27,130.1,111.2,0.8,73.6,1
2.7,21.64,40.52,55.53,29.66,0.0,30.77,675.5,4,2.06,140.7,6.0,13.2,57.7,1
4.94,46.81,90.53,86.28,42.88,6.27,44.33,1724.2,4,1.98,2.7,45.6,14.16,99.2,1
7.89,82.77,201.01,144.08,80.71,48.0,49.44,626.6,1,1.34,40.6,276.8,14.39,96.2,1
9.48,53.96,145.62,128.17,66.28,33.03,37.94,524.4,3,2.4,129.7,237.9,9.41,100.0,1
0.96,9.66,22.02,45.88,29.51,0.0,31.08,622.6,3,1.22,264.6,37.6,0.94,21.3,0
3.29,31.78,79.65,86.11,41.65,3.69,49.99,430.0,3,10.16,133.0,7.0,8.35,90.4,1
1.79,13.67,22.42,20.75,27.12,0.0,35.37,827.8,5,0.09,37.1,63.0,0.96,34.7,0
1.73,13.53,22.96,44.62,31.82,0.0,30.85,869.4,3,1.05,85.1,285.2,0.29,27.6,0
28.61,156.57,335.82,250.05,88.0,48.0,29.41,1347.1,4,0.91,125.2,501.6,1.64,98.2,1
3.95,18.04,29.71,33.65,12.18,0.0,25.84,1221.3,5,2.65,17.5,153.1,0.4,52.5,0
5.68,27.11,62.05,54.71,35.74,0.0,58.0,1294.8,2,0.38,94.5,17.2,0.01,60.9,0
5.74,46.1,83.36,71.61,42.0,8.96,48.08,1593.7,1,1.02,76.6,125.5,0.0,78.0,1
6.19,50.87,127.58,119.96,59.74,25.02,30.42,785.0,3,2.15,49.3,1209.3,0.63,98.5,1
9.8,40.14,101.61,98.33,48.05,12.64,50.72,582.9,1,1.66,117.2,502.5,4.87,91.1,1
0.9,11.05,22.64,57.78,30.65,0.0,40.53,2145.6,2,1.42,121.3,898.6,2.73,33.8,0
3.89,16.95,28.01,36.51,21.37,0.0,40.03,1631.3,5,1.03,426.8,216.4,2.34,37.3,0
3.88,34.05,78.51,97.08,43.54,3.06,29.9,427.4,5,2.51,67.1,100.0,6.95,95.7,1
3.91,16.23,45.29,67.91,38.08,0.0,31.63,2318.2,4,1.87,90.9,402.5,11.5,61.6,1
2.98,21.59,49.05,54.66,24.89,0.0,35.64,1755.4,4,3.74,20.6,406.0,3.06,79.7,1
2.43,15.68,22.74,24.07,41.45,0.0,19.29,618.6,2,2.38,95.4,28.1,2.86,30.6,0
1.93,9.65,13.74,25.5,30.99,0.0,31.86,2335.2,3,0.27,4.4,268.8,28.84,55.9,1
3.57,19.84,36.68,71.89,30.28,0.0,36.04,1067.4,2,1.74,19.5,453.1,16.74,69.6,1
1.45,10.83,18.12,30.75,20.1,0.0,47.13,2367.5,3,0.08,22.5,411.8,2.95,32.9,0
7.6,43.61,110.71,91.8,49.95,18.1,30.76,516.9,3,0.88,120.2,220.9,27.23,93.4,1
9.34,45.73,118.1,90.3,53.57,22.1,42.9,635.9,3,0.96,100.5,138.7,9.65,100.0,1
6.06,69.45,122.38,120.86,56.91,30.45,18.49,1680.6,1,3.47,192.0,269.9,0.41,100.0,1
1.72,21.04,39.04,42.78,39.94,3.34,45.92,346.5,2,0.36,74.9,130.7,1.76,45.5,0
1.84,11.67,20.19,32.99,22.8,0.0,28.35,339.2,3,1.86,77.3,69.7,0.02,24.2,0
0.52,5.11,13.66,32.53,27.2,0.0,37.11,1963.2,3,0.38,21.1,53.9,12.06,27.0,0
8.93,46.28,97.36,87.8,39.51,4.82,39.45,652.3,3,5.35,162.9,140.0,0.43,98.3,1
5.54,47.58,110.31,95.21,48.4,12.15,37.79,2229.5,2,1.36,0.4,109.6,0.41,94.2,1
1.98,12.87,25.5,44.24,29.4,0.0,35.09,1194.4,4,2.22,66.4,133.8,3.67,55.4,1
11.7,102.97,235.12,194.48,88.0,48.0,25.45,2134.7,1,1.87,25.0,54.4,6.42,98.9,1
1.58,9.15,17.75,53.4,20.45,0.0,28.44,1177.3,4,0.65,176.9,160.7,25.71,30.7,0
3.88,38.95,73.05,88.4,37.81,3.24,44.47,1413.5,2,4.17,134.3,195.3,5.32,91.4,1
4.11,48.95,112.01,82.35,60.13,26.1,30.92,964.7,3,1.78,147.2,296.0,2.85,95.8,1
6.95,78.32,174.45,154.38,75.82,45.06,35.12,1682.0,4,1.29,19.3,160.5,1.26,95.5,1
11.98,49.47,89.58,68.64,46.33,7.99,23.32,968.2,4,1.35,132.6,254.0,10.43,87.6,1
6.47,62.14,100.0,75.61,34.58,3.8,43.3,768.7,3,3.98,140.9,33.4,4.18,95.9,1
4.49,22.4,42.92,75.55,47.09,8.96,24.78,470.2,1,0.11,0.3,23.2,3.35,77.6,1
6.51,71.16,140.98,133.51,59.36,23.58,43.79,421.1,4,0.89,45.9,35.6,25.49,94.2,1
0.82,8.35,19.04,42.23,23.46,0.0,26.97,942.5,3,3.32,11.0,337.1,0.89,59.5,0
14.43,86.69,232.35,195.4,81.92,48.0,44.62,1846.6,4,0.07,137.3,146.2,5.74,97.3,1
6.01,37.82,54.87,85.18,37.62,5.21,36.09,731.8,4,1.83,28.6,109.4,0.96,88.6,1
15.36,63.54,110.63,104.39,53.3,21.06,31.25,928.4,3,0.93,36.9,258.5,3.48,100.0,1
6.07,25.23,42.17,59.99,37.51,0.0,49.6,2200.9,5,0.41,9.8,23.8,9.77,92.6,1
10.65,50.11,105.39,107.45,43.95,16.91,35.41,1642.2,3,1.7,79.4,1.1,7.28,100.0,1
6.75,37.01,74.08,63.6,38.87,7.08,32.92,2231.4,4,3.2,4.0,67.0,0.0,95.7,1
8.61,54.69,132.39,98.57,69.25,34.73,43.73,2213.6,4,1.13,224.2,51.5,28.28,98.2,1
1.78,12.7,22.08,53.54,27.53,0.0,23.42,433.2,3,0.29,3.2,66.1,0.0,46.0,0
0.63,2.62,5.84,24.32,20.6,0.0,14.52,2305.5,3,0.66,7.6,654.0,5.19,18.7,0
3.5,19.21,50.65,44.0,28.53,0.0,45.84,407.5,4,7.17,122.7,151.0,0.46,93.5,1
2.45,13.73,36.72,43.04,33.32,0.0,28.89,2243.8,3,0.21,298.6,160.1,5.01,14.5,0
9.56,80.08,219.6,163.88,87.67,48.0,43.35,1448.1,3,0.32,267.2,191.9,1.48,98.0,1
1.24,14.05,34.89,71.11,35.02,0.0,36.39,1419.7,4,8.32,10.5,91.3,3.35,96.8,1
31.67,131.57,351.07,264.6,88.0,48.0,26.11,1797.9,1,3.85,40.8,695.2,2.17,98.2,1
2.3,17.28,29.86,48.3,30.53,0.0,41.16,2146.3,2,2.21,88.3,651.9,1.82,45.7,0
3.31,21.3,35.71,71.81,40.03,5.0,32.51,1595.7,2,0.29,3.2,264.0,3.46,72.2,1
6.04,60.7,85.54,101.24,50.38,19.47,26.84,1193.3,3,0.5,90.3,42.8,3.18,98.3,1
9.92,44.63,106.64,97.35,45.15,13.16,27.06,535.0,4,0.36,71.3,381.9,13.04,92.8,1
2.11,24.92,67.61,89.7,23.65,0.0,21.27,1957.3,3,1.79,106.5,19.1,11.3,50.3,0
6.42,28.93,48.07,54.44,35.24,4.19,39.43,569.4,5,0.92,303.6,178.9,9.06,74.3,0
5.73,55.21,126.53,97.61,60.22,24.76,28.05,1825.4,1,0.09,38.5,110.0,22.6,92.6,1
3.96,17.15,41.93,42.73,25.21,0.0,35.7,1408.6,4,0.62,122.3,7.2,5.75,37.6,0
41.61,203.93,550.34,392.53,88.0,48.0,34.46,1110.3,3,3.55,67.4,421.6,3.97,100.0,1
14.31,132.47,305.42,226.07,88.0,48.0,28.0,1587.3,1,2.86,68.5,584.4,15.71,99.0,1
8.45,47.95,132.26,120.62,57.66,26.35,23.06,1921.9,4,1.85,125.0,428.3,1.74,93.9,1
1.37,10.31,19.42,48.49,22.17,0.0,57.54,2276.4,2,0.16,362.7,38.5,13.03,38.6,0
4.72,42.75,80.8,58.53,50.37,17.97,35.59,855.9,2,3.86,238.6,72.9,6.04,93.9,1
2.16,9.53,20.59,20.82,26.65,0.0,51.5,2289.0,3,1.38,122.4,561.2,6.7,42.2,0
0.8,5.38,10.43,35.75,17.65,0.0,45.9,2318.0,4,1.23,74.3,20.3,0.09,38.1,0
2.09,14.14,19.83,26.48,31.06,0.0,33.27,2008.6,3,4.89,66.2,157.6,13.92,67.3,1
3.42,31.42,76.17,82.97,33.74,0.0,37.54,2151.0,2,0.02,185.7,119.6,10.36,53.0,0
11.71,80.71,197.93,158.51,83.13,48.0,37.29,1754.1,2,1.46,29.5,29.7,15.14,95.2,1
13.2,57.83,141.44,123.29,65.55,38.15,51.68,382.1,2,2.82,106.3,391.8,0.18,98.6,1
7.62,53.78,101.27,84.43,56.69,18.75,43.05,1507.7,2,0.12,84.4,25.9,11.71,99.1,1
4.96,20.49,43.68,62.18,31.28,0.0,29.14,1869.1,4,0.8,125.8,161.7,6.08,40.5,0
4.57,18.96,36.11,65.8,27.13,0.0,38.99,2277.6,5,6.83,24.9,68.9,3.37,95.3,1
3.24,30.93,44.0,78.51,32.82,0.0,42.84,1497.9,5,0.43,142.8,97.4,9.21,78.3,1
17.92,162.74,355.97,274.11,88.0,48.0,26.01,1967.8,4,1.36,118.3,42.7,18.59,100.0,1
2.74,12.08,19.0,42.44,21.4,0.0,40.2,1780.6,4,2.47,23.8,176.4,18.8,67.5,1
10.38,70.73,106.94,83.22,46.62,19.86,47.44,889.7,4,0.89,71.7,806.6,5.31,95.2,1
3.07,38.03,93.45,96.41,43.97,16.91,28.71,624.9,5,0.94,136.2,322.7,4.87,91.1,1
2.63,20.77,29.35,66.27,21.2,0.0,29.89,1876.9,4,0.12,278.3,206.9,0.05,29.3,0
9.76,53.76,147.43,110.36,65.35,29.32,45.86,790.9,3,0.38,15.6,254.2,0.46,98.6,1
8.02,37.15,78.81,67.75,41.75,6.01,32.99,813.9,3,3.83,1.1,329.1,10.22,97.4,1
8.92,86.87,241.16,168.46,85.68,48.0,27.65,1652.3,3,3.07,21.7,115.1,0.49,98.5,1
8.79,88.95,131.75,123.79,50.23,25.7,43.5,1957.0,3,0.65,544.2,150.7,6.01,99.4,1
6.17,26.04,57.73,60.82,29.2,0.0,40.9,1522.9,3,0.87,175.5,406.5,2.08,49.6,0
5.3,25.52,48.21,39.16,45.11,10.47,36.8,2158.5,4,1.04,114.3,214.3,23.08,82.6,1
7.48,41.51,107.14,114.01,46.23,19.08,45.56,744.0,4,0.76,17.1,26.3,4.91,100.0,1
18.16,86.18,164.24,136.85,69.65,36.41,46.16,830.1,1,1.91,64.6,272.2,8.1,100.0,1
2.33,15.27,26.94,37.41,28.52,0.0,35.3,1637.6,2,0.02,150.7,4.1,0.05,18.4,0
7.89,37.74,98.15,84.28,30.83,2.28,52.78,2041.7,4,3.82,271.5,338.5,3.25,96.4,1
6.01,41.99,80.82,70.59,53.38,18.04,49.46,1432.6,3,0.64,57.7,279.5,6.53,97.5,1
6.45,53.06,75.54,74.6,45.26,8.3,19.13,321.8,3,3.71,969.4,319.7,19.0,92.5,1
2.79,13.67,26.61,37.46,22.84,0.0,27.24,1721.6,4,1.09,18.1,4.3,5.4,46.6,0
7.47,49.39,114.4,104.02,51.86,18.26,16.83,2008.5,2,2.7,58.7,646.5,23.11,89.9,1
21.32,86.37,151.67,138.39,55.57,24.25,33.24,880.7,3,3.15,249.9,171.4,21.87,98.7,1
2.02,14.49,29.05,54.23,39.09,0.0,25.7,413.8,2,0.65,125.9,289.7,2.39,24.3,0
5.19,21.95,32.47,39.35,23.64,0.0,29.08,1387.7,4,1.84,199.9,150.5,26.14,49.5,0
32.06,134.36,298.72,222.96,88.0,48.0,45.27,388.5,4,1.68,286.1,74.7,6.12,100.0,1
1.46,12.06,29.66,62.09,23.93,0.0,21.08,1173.6,3,1.16,84.9,63.2,0.3,15.9,0
17.57,81.47,161.2,112.85,65.62,28.16,37.1,337.4,5,1.14,32.1,13.0,14.58,97.9,1
5.75,37.41,74.38,56.87,49.05,13.57,37.05,772.4,5,0.66,142.0,140.8,13.19,85.2,1
3.09,13.08,19.93,42.98,36.32,0.39,35.3,1116.5,4,0.67,99.5,27.9,0.41,38.5,0
11.3,72.2,121.49,112.73,51.62,20.44,37.11,534.6,4,1.43,177.8,150.9,13.39,96.5,1
6.56,31.75,51.32,47.87,36.64,5.18,17.03,539.7,4,0.06,86.0,176.5,12.9,46.2,0
6.01,37.73,78.26,89.4,42.4,3.59,29.12,2036.8,3,4.88,200.0,105.0,18.73,100.0,1
3.57,30.1,64.43,75.96,32.15,0.0,49.12,387.0,3,1.89,278.8,30.6,21.71,85.7,1
5.1,44.81,122.25,126.01,68.77,30.18,25.83,1746.8,2,1.05,166.2,102.0,1.02,92.6,1
2.32,15.26,22.92,27.5,34.6,0.0,50.17,2010.4,1,0.11,163.3,379.7,0.29,24.3,0
5.28,25.31,56.7,75.66,37.01,1.91,24.04,574.5,4,1.79,106.2,110.3,0.81,60.2,0
22.39,122.47,261.73,178.89,88.0,48.0,23.02,710.3,2,0.03,76.6,75.5,0.93,100.0,1
2.79,14.15,30.04,49.96,35.68,0.0,27.91,1647.1,3,2.05,431.6,178.9,2.24,38.5,0
5.67,44.32,116.22,105.38,53.03,13.54,45.6,962.9,2,0.14,124.3,173.6,15.37,97.0,1
3.75,23.19,39.15,47.92,32.92,2.83,31.36,1300.5,3,1.92,220.2,17.1,0.9,52.5,0
5.28,60.33,87.91,100.14,53.69,16.39,38.94,2055.6,3,0.94,84.5,48.6,0.93,99.5,1
3.51,16.05,37.57,29.62,24.84,0.0,36.63,589.8,4,1.96,97.1,122.8,16.92,51.5,0
31.46,126.72,238.64,183.52,88.0,48.0,35.54,1601.3,5,0.27,130.5,82.1,0.45,98.5,1
4.42,29.64,42.23,42.22,30.47,0.0,46.83,2279.0,5,0.22,156.5,69.4,0.07,56.5,1
0.88,10.75,18.83,50.69,34.42,0.0,42.56,420.7,3,0.51,71.4,106.2,2.42,41.7,0
0.97,8.88,16.27,17.51,24.52,0.0,26.29,426.0,5,0.95,52.9,61.7,0.2,27.2,0
3.39,17.76,40.21,68.56,33.28,0.0,33.66,1465.0,3,0.53,32.8,76.8,7.12,46.0,0
6.64,36.07,59.22,81.21,36.38,4.06,50.82,2316.2,3,0.15,66.1,267.4,3.83,83.4,1
6.26,29.24,57.85,80.08,33.01,0.73,38.72,763.0,2,0.71,28.5,128.5,23.6,72.6,1
8.12,65.96,136.89,100.85,56.71,20.28,23.18,994.7,4,2.2,64.7,371.2,15.69,95.5,1
5.71,27.2,55.57,69.49,43.83,6.66,23.79,507.2,2,1.57,249.2,534.1,4.04,54.4,0
2.94,14.95,41.32,32.5,17.68,0.0,43.57,1060.7,3,5.95,453.0,459.4,0.09,66.1,1
5.42,40.21,58.86,81.42,29.05,0.0,41.97,393.1,4,1.03,103.3,52.7,2.12,74.5,1
9.64,55.79,152.39,136.59,58.32,23.15,28.17,1117.1,3,0.73,18.9,115.3,0.0,95.8,1
1.75,16.66,36.9,52.89,23.86,0.0,42.35,1466.5,1,2.13,66.9,137.8,5.64,38.7,0
3.09,19.66,49.42,70.0,42.9,3.36,49.59,2347.5,3,0.96,110.6,344.1,10.89,72.9,1
1.0,4.36,8.73,14.92,29.99,0.0,48.39,2018.6,4,1.73,55.6,147.4,3.94,48.2,0
9.06,59.77,121.65,107.86,57.61,27.28,49.64,2026.3,2,5.26,27.6,52.4,12.41,100.0,1
8.7,39.05,102.74,84.89,44.94,10.42,40.72,779.1,4,1.24,30.9,142.7,43.41,94.2,1
6.47,35.86,95.18,110.63,54.66,18.53,34.49,483.2,4,1.24,77.1,8.2,0.1,93.4,1
7.88,70.0,121.39,122.48,44.46,11.3,32.58,1566.5,5,2.69,29.3,323.4,4.44,95.9,1
11.09,62.06,104.19,105.72,62.02,23.97,35.85,1394.4,3,2.54,34.4,150.2,6.05,100.0,1
6.39,38.49,80.63,99.43,38.47,3.34,28.55,1384.7,1,1.31,247.7,189.9,33.36,72.2,1
12.57,85.06,226.28,167.69,81.79,48.0,32.95,528.9,3,0.12,181.2,40.4,2.04,100.0,1
0.88,8.78,16.26,56.11,21.98,0.0,46.84,1337.2,4,7.11,6.8,147.0,2.48,95.2,1
1.42,9.44,21.83,33.82,19.67,0.0,22.32,615.7,4,0.85,46.3,136.1,6.57,26.1,0
2.2,23.85,57.04,75.05,47.52,10.53,22.9,1186.4,5,0.69,91.1,174.0,7.49,76.6,0
0.77,8.0,19.92,51.08,30.31,0.0,43.06,430.5,5,7.19,7.5,338.4,5.02,100.0,1
4.45,29.5,64.59,47.81,45.38,6.17,33.02,2099.5,4,3.7,137.9,260.3,3.43,89.5,1
13.58,102.92,202.07,152.59,69.24,43.52,19.63,327.7,4,0.72,58.2,142.5,1.07,98.0,1
1.71,7.19,19.79,18.74,26.63,0.0,35.48,2272.6,1,0.66,60.7,403.0,0.86,10.0,0
2.63,18.29,41.26,76.69,34.68,1.94,34.26,2112.1,3,2.3,37.0,79.9,0.5,69.1,0
6.79,32.49,78.63,61.61,43.64,7.93,32.34,1880.5,5,0.73,48.8,122.1,1.03,81.1,0
17.46,102.64,193.28,155.06,67.16,32.48,41.83,2363.4,4,0.52,237.4,188.7,6.68,100.0,1
5.62,28.13,65.76,83.32,44.87,10.54,24.67,413.0,3,7.01,186.5,104.6,19.59,100.0,1
3.94,31.75,55.91,50.4,36.38,4.12,36.11,1647.4,2,1.5,329.4,80.7,5.3,55.6,1
0.57,2.36,4.11,29.5,15.42,0.0,34.21,2083.5,2,2.59,144.1,21.5,7.49,18.4,0
1.63,9.55,22.94,47.24,15.29,0.0,36.32,565.9,3,2.25,103.5,181.9,10.87,34.6,0
34.87,157.56,335.59,230.34,88.0,48.0,21.28,1528.0,4,2.54,36.0,38.5,2.63,94.6,1
17.02,119.81,282.33,223.55,88.0,48.0,31.56,1127.2,1,4.21,131.9,26.8,0.64,98.0,1
1.4,14.39,25.57,35.09,21.07,0.0,36.17,1215.2,2,1.25,283.9,36.2,1.86,17.5,0
22.89,117.65,263.31,185.65,88.0,48.0,40.6,2216.3,4,2.52,8.6,209.9,4.8,100.0,1
3.23,39.7,80.25,82.28,49.13,11.24,51.69,1431.2,2,2.87,70.2,26.8,18.53,98.4,1
12.82,79.71,178.22,139.31,62.28,36.46,42.85,495.9,2,5.27,19.4,673.1,3.62,98.9,1
3.61,32.05,57.92,84.06,33.34,3.26,39.92,2268.2,2,2.25,199.7,255.8,0.01,73.5,1
7.37,39.49,94.84,106.25,41.39,11.81,46.81,688.9,3,4.02,114.3,89.8,4.79,100.0,1
9.05,36.71,92.82,87.08,51.9,13.67,33.42,2174.5,3,0.18,254.1,161.9,1.59,80.1,1
7.34,46.2,81.49,74.14,50.77,11.26,49.21,2338.9,5,0.24,7.8,1.4,21.07,98.1,1
3.7,16.88,30.74,39.63,29.56,0.0,45.51,2143.5,3,0.31,283.4,335.0,34.05,45.7,0
1.58,9.5,22.09,31.4,21.13,0.0,32.21,1722.0,4,0.28,8.3,56.9,0.08,41.6,0
3.48,21.17,50.26,62.17,31.42,0.0,52.35,1861.5,2,0.16,40.7,13.4,0.72,56.7,1
10.58,44.41,105.95,110.09,45.88,10.24,39.8,1769.7,4,0.24,20.4,255.5,3.73,93.5,1
2.26,9.78,23.05,33.96,20.59,0.0,54.64,1267.1,3,9.9,18.9,72.0,2.71,100.0,1
10.06,47.11,91.87,73.27,45.11,7.53,38.58,876.3,2,0.57,22.6,150.9,14.88,81.9,1
16.51,126.66,247.34,187.17,88.0,48.0,31.22,898.5,4,1.17,78.5,334.5,6.38,97.6,1
0.65,3.77,6.62,12.41,24.79,0.0,29.48,1835.5,2,3.1,184.1,269.2,2.13,19.2,0
5.89,49.92,80.85,89.11,42.59,10.76,32.98,1614.7,3,0.23,274.3,73.9,4.53,82.5,1
3.27,21.02,49.8,60.7,34.29,0.0,31.14,1528.3,4,0.69,100.4,365.4,1.5,48.9,0
12.96,79.84,122.19,106.76,53.72,24.52,46.81,1670.5,4,0.31,20.6,88.6,0.1,96.4,1
3.3,14.91,40.46,44.82,23.54,0.0,35.75,1927.1,5,0.12,9.9,124.8,6.37,60.9,0
12.97,55.82,142.76,138.5,60.93,26.31,22.28,1871.5,5,5.83,81.8,170.6,1.42,100.0,1
10.68,70.99,184.62,129.07,68.19,32.66,37.81,521.3,4,3.52,174.0,13.3,37.16,98.3,1
8.49,102.22,272.87,221.51,88.0,48.0,37.07,1062.4,4,3.81,116.2,163.7,15.62,97.6,1
10.99,48.51,95.67,84.14,49.01,20.03,32.02,854.3,1,3.65,104.9,155.0,26.63,93.3,1
4.02,36.68,94.83,106.27,42.88,9.84,38.27,1430.3,3,0.3,5.9,372.1,48.73,95.8,1
9.03,48.62,78.83,89.03,43.44,13.23,35.63,429.0,1,2.77,63.6,78.6,0.0,85.2,1
6.53,77.57,110.95,81.8,56.15,25.11,41.39,1901.2,2,2.34,95.9,49.9,29.82,98.4,1
5.09,34.39,85.94,98.28,38.36,3.28,40.89,523.7,3,4.67,109.4,116.5,4.31,94.7,1
3.63,14.68,22.09,50.06,26.74,0.0,39.1,869.9,4,0.45,0.6,209.3,7.19,73.2,0
9.36,96.42,268.43,180.93,84.3,46.61,24.96,1943.8,3,0.96,26.7,148.6,10.18,97.7,1
7.63,50.17,117.63,87.48,62.13,22.99,54.01,408.3,3,0.63,359.0,26.8,5.54,97.6,1
6.03,45.59,111.91,106.34,43.18,7.15,22.77,1686.4,3,0.54,85.3,77.0,0.37,77.5,1
2.13,9.12,15.9,45.15,21.36,0.0,34.91,2241.4,3,1.9,145.9,11.9,15.23,38.0,0
9.76,42.85,100.42,103.87,56.15,17.52,26.7,1597.0,4,0.32,44.2,242.0,5.27,89.5,1
2.59,21.5,31.4,57.82,27.39,0.0,39.37,1796.6,3,1.13,105.6,386.1,14.89,51.7,0
4.42,47.16,121.34,113.55,46.79,13.09,37.18,1963.8,5,1.87,52.9,8.4,0.63,93.2,1
3.39,18.18,29.76,58.83,32.61,0.63,34.57,766.7,2,0.25,42.3,134.2,0.13,32.4,0
5.7,41.56,98.75,95.07,51.79,23.68,48.9,1520.0,5,0.53,63.6,150.2,22.9,100.0,1
52.96,272.63,467.37,320.52,88.0,48.0,45.42,949.0,1,6.16,73.9,104.0,0.84,99.6,1
0.22,2.56,3.83,48.55,17.92,0.0,33.22,823.9,3,2.86,48.3,125.8,0.23,35.4,0
14.41,140.37,291.13,195.06,88.0,48.0,42.84,704.2,5,2.03,35.8,223.0,8.17,96.8,1
3.8,19.34,31.66,42.08,27.62,0.0,49.3,1529.4,3,3.49,117.3,119.0,2.16,70.0,1
9.94,85.62,207.31,172.55,66.69,32.27,45.36,1968.5,3,0.03,57.5,453.9,5.62,97.2,1
14.65,64.87,112.4,97.28,50.38,15.8,34.84,2139.4,4,0.01,27.1,140.1,28.22,99.3,1
3.52,39.17,73.61,53.96,51.31,16.21,22.48,1200.0,2,0.3,170.4,13.4,0.05,59.2,1
6.92,59.3,130.12,92.55,51.06,15.46,38.76,1083.1,1,1.23,154.4,551.6,10.5,91.9,1
20.85,83.49,150.2,131.82,58.55,28.77,41.68,1743.3,2,1.52,261.4,28.6,10.11,97.0,1
5.02,32.66,63.0,89.37,30.54,0.0,29.46,1938.8,2,0.22,97.2,276.2,0.21,36.7,0
4.9,24.57,62.46,70.43,41.16,5.1,36.19,832.0,5,0.14,39.3,134.7,52.35,86.2,1
5.82,52.42,86.54,84.05,51.45,14.74,35.3,924.3,4,3.17,239.2,243.1,4.22,97.1,1
12.03,65.49,99.22,83.82,54.86,22.93,47.8,1420.1,3,1.12,39.5,129.7,0.0,94.8,1
10.59,52.04,96.78,79.46,39.61,4.83,51.76,1233.2,4,8.81,127.9,10.9,10.42,98.7,1
8.52,63.87,127.37,88.73,58.66,25.93,45.99,1782.2,2,0.47,25.3,84.6,1.04,100.0,1
4.84,21.92,47.34,48.06,41.86,8.89,35.27,1359.4,2,1.88,119.0,174.5,20.82,70.2,1
12.5,68.49,131.59,110.74,59.9,27.97,45.76,534.4,4,2.94,220.6,178.4,8.0,98.2,1
1.71,11.72,29.37,33.0,31.09,0.0,41.51,648.5,3,3.71,93.2,650.4,0.67,56.0,1
6.44,36.86,53.63,43.79,32.19,1.34,35.36,2194.0,1,0.66,76.4,167.8,52.6,62.5,0
0.06,0.35,0.71,37.76,21.52,0.0,53.79,777.5,4,0.39,603.8,60.7,5.91,28.3,0
1.8,16.66,32.24,66.21,36.44,4.63,29.73,405.2,5,0.46,2.7,8.0,14.59,83.8,1
3.47,23.35,53.85,82.16,37.05,0.0,41.13,1836.1,3,1.98,48.4,279.6,0.31,75.6,0
4.42,31.91,87.85,89.91,37.11,4.97,43.14,1736.4,2,1.33,301.0,396.2,22.35,81.9,1
7.02,47.37,100.16,72.48,45.31,13.86,33.56,1560.2,3,1.64,123.5,171.2,0.21,81.5,1
4.94,23.58,65.6,80.98,45.62,5.61,40.75,1354.7,3,0.04,93.7,118.5,0.99,70.6,1
5.11,31.56,57.54,47.36,38.06,6.11,44.04,2336.1,4,0.89,121.8,355.2,0.08,69.8,1
4.45,18.55,26.77,52.54,28.21,0.0,38.08,551.6,4,0.67,46.6,49.5,42.65,76.8,1
2.71,20.84,34.0,62.17,26.2,0.0,40.02,1371.3,5,3.59,8.9,91.6,2.99,90.1,1
2.29,15.19,29.66,56.94,35.44,0.0,36.9,1484.5,4,2.7,38.6,127.5,4.64,75.2,1
1.27,5.93,10.92,54.93,33.03,0.0,42.78,347.2,3,1.01,49.2,9.1,2.95,45.7,0
8.1,46.86,71.98,85.0,47.73,12.06,34.05,1165.2,3,1.79,78.4,210.0,1.49,90.4,1
7.02,40.57,81.38,89.09,51.44,10.58,33.35,1943.9,4,0.09,60.1,37.6,7.0,91.5,1
3.51,39.4,73.8,64.75,38.51,3.69,36.17,1289.3,4,1.83,88.3,72.9,3.52,86.3,1
3.28,22.18,34.86,69.27,26.76,0.0,46.06,2138.1,2,0.18,26.2,96.3,4.05,52.5,0
2.53,20.05,36.37,36.72,29.25,0.0,21.15,1654.1,3,2.25,24.4,183.2,12.64,46.7,0
20.33,81.36,214.88,185.4,80.4,42.27,28.27,1908.8,2,1.54,52.0,12.2,3.34,95.2,1
3.79,28.64,52.21,53.0,43.2,6.3,55.34,1989.4,4,0.64,77.0,75.0,4.54,88.6,1
5.54,24.03,57.67,48.34,43.14,8.0,38.34,1748.0,3,0.83,50.2,57.7,1.89,64.5,1
1.56,8.03,18.11,53.97,28.3,0.0,32.54,1873.7,4,0.17,103.1,0.3,2.05,27.6,0
2.04,14.76,29.49,24.28,19.67,0.0,42.76,1760.2,3,0.7,44.5,211.8,15.38,38.9,0
3.11,18.01,31.25,62.75,18.62,0.0,29.33,1456.0,4,6.13,23.4,48.4,6.1,86.2,1
6.67,29.92,57.35,54.08,37.5,1.63,18.13,1489.7,2,1.2,238.4,32.8,21.2,40.9,0
9.66,41.95,93.5,105.59,51.46,15.48,39.02,698.8,4,1.16,26.9,287.9,13.23,97.4,1
4.34,40.42,76.44,85.8,40.93,0.0,29.79,2037.6,2,1.79,408.1,7.2,1.27,63.0,1
6.28,45.59,77.54,85.38,53.2,22.54,36.86,955.5,3,1.19,524.9,414.9,39.37,92.9,1
8.34,60.92,95.21,83.33,40.17,9.81,38.8,1425.0,2,0.79,143.2,209.0,20.13,88.7,1
5.18,59.46,156.49,109.39,56.57,18.41,37.21,824.0,3,0.27,83.7,33.9,0.76,94.0,1
10.19,56.06,113.05,115.83,47.67,16.05,21.47,1761.3,4,1.79,190.4,77.6,0.28,96.8,1
27.41,121.63,276.75,192.58,88.0,48.0,36.22,2347.9,4,2.49,247.8,539.2,11.56,99.7,1
1.83,12.63,26.35,38.88,30.54,0.0,39.78,1984.1,1,4.62,148.4,173.6,0.74,50.4,0
3.14,15.25,39.99,58.01,28.67,0.0,24.1,1600.1,3,0.01,12.9,168.9,17.5,37.7,0
0.7,3.76,8.14,31.99,12.99,0.0,23.09,1491.8,4,0.12,0.4,190.6,12.51,36.8,0
7.07,49.17,101.94,80.2,53.89,17.26,26.91,1328.5,4,4.13,25.6,111.8,2.25,100.0,1
9.44,90.82,244.7,170.38,77.96,47.68,42.35,730.4,1,1.8,25.1,33.0,0.08,100.0,1
4.91,24.48,58.93,48.85,30.07,0.0,19.01,1030.8,3,5.7,24.2,29.4,5.07,81.7,1
21.17,93.96,146.21,138.87,51.2,20.94,43.05,1153.4,3,1.01,85.5,209.3,1.23,95.9,1
1.09,5.56,9.17,12.38,23.81,0.0,39.33,2283.6,2,0.97,88.1,387.7,4.9,14.3,0
8.18,98.54,246.55,209.22,88.0,48.0,33.81,1193.7,4,0.76,154.1,64.3,19.39,92.1,1
3.16,27.05,69.53,59.13,50.97,18.19,23.41,1531.0,3,0.28,27.0,126.0,17.39,82.8,1
0.6,6.55,14.16,19.17,29.45,0.0,29.23,2237.1,2,0.86,11.7,874.5,15.83,32.8,0
4.3,24.28,52.85,65.32,43.45,5.21,42.65,1388.7,3,0.03,131.6,53.5,10.93,63.0,1
5.29,25.36,57.95,46.27,37.96,0.0,46.68,828.0,4,1.28,79.4,89.0,5.34,69.6,1
1.2,12.11,24.39,47.97,20.97,0.0,27.23,1100.1,3,3.38,131.7,81.3,20.23,41.0,0
5.65,25.38,59.7,82.08,37.48,0.22,45.71,1088.6,2,0.7,57.5,6.0,2.68,65.7,1
10.88,62.34,96.75,70.04,50.64,21.92,41.83,1800.9,4,0.18,166.7,128.2,0.44,99.3,1
7.84,39.74,109.11,111.92,54.78,16.16,35.94,921.9,1,6.55,137.7,42.1,2.09,98.3,1
5.24,21.37,52.37,56.79,31.83,0.0,29.73,1833.6,4,0.25,126.1,24.8,1.54,34.3,0
4.38,46.51,106.21,81.22,52.67,18.09,31.06,2167.4,5,1.35,3.4,223.1,43.29,96.4,1
13.52,57.97,106.83,82.36,44.31,10.33,51.49,1005.8,5,2.98,234.3,261.3,15.43,97.2,1
1.14,11.28,18.33,58.26,18.87,0.0,37.52,584.2,3,0.52,56.7,395.5,1.96,31.6,0
2.91,19.81,39.09,35.38,24.25,0.0,47.3,1641.0,3,3.32,17.5,489.6,6.87,78.3,1
1.87,8.3,19.32,56.56,25.56,0.0,38.05,1057.8,4,1.47,169.1,366.0,2.05,37.7,0
3.99,17.03,38.96,54.82,23.84,0.0,32.15,1421.4,2,0.73,80.0,23.5,2.59,30.4,0
8.86,53.33,103.22,73.85,46.35,10.78,40.96,1631.7,1,3.61,3.9,45.6,0.21,94.2,1
2.52,13.91,31.41,46.32,34.21,0.6,54.34,1156.3,3,1.75,182.7,23.5,0.41,57.3,1
7.05,35.17,89.31,99.84,38.83,7.42,30.53,2241.9,4,1.72,68.5,78.5,2.94,84.3,1
10.2,46.04,66.15,80.68,35.5,1.85,43.77,1139.2,3,1.26,168.7,23.8,0.06,80.3,1
1.61,16.03,32.56,48.16,29.55,0.0,37.62,945.5,3,0.58,169.1,190.7,1.23,29.9,0
9.54,43.83,107.91,113.84,51.7,20.76,23.68,2159.9,4,0.65,12.6,227.0,40.36,97.0,1
2.33,14.41,31.18,30.68,25.74,0.0,23.49,586.2,3,0.17,114.0,31.3,5.01,13.8,0
19.22,122.74,283.79,230.41,88.0,48.0,32.16,560.8,1,0.5,53.6,174.9,4.51,95.5,1
3.71,24.42,51.85,76.79,38.06,0.34,38.95,2265.0,3,0.59,94.9,4.2,1.15,58.3,1
10.96,65.78,183.44,156.11,78.2,47.67,43.47,738.8,3,0.11,11.1,102.6,7.87,100.0,1
8.55,35.51,52.43,75.88,34.19,0.58,22.65,611.7,3,0.21,106.5,60.5,3.18,40.6,0
0.64,3.72,7.77,34.52,19.1,0.0,41.55,1423.9,4,0.57,180.4,1169.8,13.54,28.1,0
10.1,41.73,63.76,76.83,33.76,0.0,34.99,398.3,3,2.04,519.4,461.0,4.92,71.5,1
12.27,110.86,180.0,147.23,72.24,40.29,36.03,1602.0,5,0.37,46.3,28.7,26.03,100.0,1
8.13,40.04,77.53,71.39,39.44,4.83,41.0,1251.2,3,1.33,20.2,448.8,0.02,87.2,1
14.97,68.65,111.05,102.78,47.68,17.61,50.84,1644.9,3,1.28,54.7,97.7,6.26,100.0,1
14.77,75.59,207.8,151.65,75.49,39.98,38.58,896.3,4,3.23,2.3,154.7,0.18,100.0,1
3.75,20.48,55.81,61.09,31.52,0.0,24.47,2201.5,4,1.69,63.1,137.4,10.17,56.6,1
3.35,19.04,35.61,40.78,31.16,0.0,34.41,868.2,3,4.48,295.2,233.1,4.38,68.4,1
8.72,38.54,88.47,68.04,36.3,0.0,43.24,1638.9,2,1.78,25.9,73.4,3.77,79.3,1
4.24,19.32,41.49,46.45,33.44,0.0,43.52,2284.7,3,0.05,77.9,13.0,19.32,48.2,0
7.6,75.43,191.74,167.97,77.75,40.75,41.66,1141.7,1,0.86,102.0,97.3,8.32,99.4,1
21.29,94.93,216.28,162.73,77.07,44.67,31.66,639.0,2,2.16,23.8,141.5,7.91,95.4,1
2.84,18.86,26.42,55.83,38.93,6.58,24.37,443.6,3,1.16,48.1,145.7,21.4,64.7,1
1.76,14.31,35.33,35.85,30.0,0.0,41.01,2322.3,4,0.98,290.8,283.2,1.25,40.4,0
12.72,55.84,136.55,112.86,48.87,14.18,25.68,1903.8,3,2.0,42.1,8.1,23.99,95.6,1
3.05,19.9,42.06,37.51,30.09,0.0,41.89,2229.8,1,0.61,121.1,797.5,2.37,26.2,0
13.67,62.85,167.44,120.08,67.26,30.94,41.89,1767.5,2,4.31,17.7,839.4,35.31,100.0,1
3.07,24.63,65.82,75.57,41.12,3.79,32.02,1019.1,3,0.96,133.0,18.8,5.58,61.5,1
3.95,49.0,104.54,100.29,47.73,12.1,35.04,558.3,4,1.8,39.3,75.9,30.27,100.0,1
1.96,11.92,26.83,32.04,21.44,0.0,37.69,2251.5,4,7.26,31.6,160.6,28.14,94.2,1
3.88,40.02,111.86,99.06,44.75,10.33,30.77,1328.2,5,2.77,15.9,84.1,0.05,98.2,1
5.69,27.34,49.71,76.16,30.0,0.0,24.26,1132.7,4,1.37,5.8,120.4,0.77,75.6,1
4.99,39.35,72.97,60.27,37.09,1.41,35.67,1513.4,3,3.53,412.5,71.0,9.68,89.2,1
1.01,6.53,10.81,12.89,16.22,0.0,36.55,523.8,4,1.48,64.1,224.1,2.01,18.6,0
4.54,47.91,127.16,116.99,51.21,15.4,47.57,949.3,2,1.05,180.4,81.5,9.58,97.0,1
10.65,82.74,202.07,138.75,80.54,44.96,29.35,1639.5,1,3.72,303.2,101.1,22.93,98.4,1
2.07,9.72,15.04,58.88,34.1,0.0,45.08,510.3,1,0.05,27.4,154.4,1.1,37.2,0
1.49,14.12,39.19,57.9,35.5,0.0,26.25,584.0,2,0.94,244.7,626.5,3.48,26.3,0
2.78,14.64,35.47,49.23,37.77,3.02,24.57,1372.2,1,0.76,147.7,184.8,4.47,21.9,0
9.44,40.01,103.66,91.73,54.87,17.43,33.44,1609.3,4,2.25,103.5,18.4,5.07,93.6,1
7.48,38.25,56.13,67.28,40.72,9.31,28.0,692.7,3,0.02,198.7,69.1,12.29,68.7,1
7.89,36.23,76.33,58.69,39.34,8.74,24.45,369.5,4,1.95,14.1,98.0,0.16,85.4,1
2.21,22.46,53.42,81.57,35.8,1.72,52.53,2312.6,5,0.77,36.7,242.6,10.72,92.5,1
3.86,31.48,68.0,77.36,36.52,0.0,32.16,357.7,5,0.19,16.9,106.6,0.14,78.5,1
9.91,42.68,99.59,78.02,46.57,8.24,55.65,304.3,5,7.07,271.6,193.7,0.46,99.6,1
5.11,25.33,64.48,72.23,38.46,0.0,27.54,979.0,4,0.43,12.5,329.3,15.84,73.9,1
30.99,164.22,315.97,216.37,88.0,48.0,21.48,767.2,3,0.77,469.1,19.8,0.11,92.8,1
2.18,11.29,29.22,24.78,30.72,0.0,46.98,1504.5,3,0.42,14.0,261.2,28.18,69.0,0
7.32,48.64,79.19,84.84,41.2,6.52,29.82,2177.8,4,1.95,130.1,246.4,2.96,89.7,1
1.65,18.87,33.57,56.0,29.73,0.0,37.18,1310.3,4,2.75,129.6,308.4,12.4,68.6,1
4.79,22.43,32.76,52.56,31.77,0.0,24.48,1923.9,5,3.55,321.3,562.5,1.56,67.8,1
10.96,56.11,107.19,82.93,54.02,22.67,35.68,2209.4,4,0.67,46.8,66.7,1.43,96.0,1
7.71,48.08,92.88,92.53,36.89,5.89,24.34,697.7,3,1.34,48.4,100.9,6.37,79.7,1
39.7,170.4,430.67,287.48,88.0,48.0,35.37,1325.5,5,1.96,224.7,54.9,8.12,97.0,1
1.45,10.57,24.46,48.32,33.49,0.0,31.97,1648.3,5,1.79,461.2,71.3,2.34,46.0,0
2.17,16.66,33.52,51.72,29.02,0.0,37.96,997.0,3,2.27,3.7,72.0,41.3,87.5,1
12.87,56.34,130.3,119.18,53.94,20.96,41.32,1853.5,3,2.64,121.0,366.9,2.07,99.4,1
7.39,34.31,50.57,78.17,32.58,0.0,38.05,1781.2,4,0.18,33.5,11.7,1.62,74.9,1
2.17,12.98,21.44,57.2,24.42,0.0,39.83,1184.3,3,0.33,156.2,40.8,0.01,28.9,0
0.68,6.68,15.21,59.01,27.61,0.0,35.07,484.7,4,2.39,177.8,169.7,3.48,48.0,0
1.98,16.95,38.94,74.24,24.25,0.0,32.3,324.3,2,1.17,172.5,260.8,0.3,22.1,0
16.73,87.34,216.93,180.76,80.89,48.0,40.0,1075.6,3,1.0,68.6,215.1,0.8,100.0,1
2.25,15.46,30.36,67.77,29.98,0.0,35.05,472.3,3,1.09,20.6,8.6,16.16,61.4,1
5.03,22.62,54.55,79.48,37.65,3.23,35.38,1941.4,4,0.84,105.5,108.9,20.84,75.4,1
3.5,14.49,34.15,59.94,30.9,0.0,39.38,1002.1,2,1.61,186.7,36.7,0.34,39.0,0
5.96,27.45,75.46,57.44,44.23,10.14,27.22,1698.8,2,0.7,291.9,798.3,8.1,50.9,0
1.49,10.37,17.64,18.67,21.5,0.0,48.15,1027.4,5,1.82,72.3,1224.9,0.07,50.0,0
5.86,27.37,59.46,81.34,31.0,0.0,33.88,1971.5,3,0.41,33.8,9.4,2.67,58.8,1
0.61,4.39,9.84,33.43,37.5,0.0,37.06,2165.7,3,2.55,15.2,198.3,0.33,56.8,0
6.99,64.45,180.33,158.87,68.68,32.89,35.62,2058.8,4,2.74,191.7,301.9,0.72,100.0,1
2.0,23.37,39.29,44.62,29.9,0.0,41.55,1317.4,3,1.56,92.0,70.7,47.54,75.2,1
4.63,31.8,67.82,66.98,43.06,6.37,38.88,476.3,4,0.83,134.6,212.9,9.09,81.7,1
20.39,87.28,164.48,143.42,75.63,48.0,35.58,1080.6,3,0.03,20.8,37.4,19.39,98.7,1
5.83,48.29,103.17,113.25,45.62,13.72,48.31,1191.4,4,0.23,0.8,24.6,5.84,96.5,1
3.5,30.36,52.38,42.99,28.67,0.0,14.0,2316.5,3,0.15,411.5,467.0,15.18,25.3,0
3.49,14.27,20.92,57.37,18.41,0.0,46.56,1487.5,5,0.02,199.9,185.2,32.36,55.1,1
1.32,15.7,34.57,63.16,39.24,0.27,43.82,1645.8,3,2.31,61.3,305.6,0.87,70.8,1
10.61,49.68,92.9,79.59,39.78,10.04,20.4,1942.2,3,5.63,73.3,136.9,11.22,95.5,1
24.62,182.88,302.61,217.68,88.0,48.0,43.9,1493.2,5,0.02,317.5,30.3,0.53,97.7,1
3.76,43.52,80.66,59.52,36.72,7.5,45.0,1556.8,4,0.22,27.9,85.1,19.88,88.6,1
8.52,36.08,53.01,40.16,26.15,0.0,40.77,815.2,4,3.55,194.8,384.2,0.54,76.0,1
5.89,56.79,155.08,127.27,61.67,23.27,22.75,423.6,2,2.1,2.2,2.8,1.44,100.0,1
4.1,23.6,52.25,43.26,29.0,0.0,41.8,1814.9,3,0.93,250.2,41.8,0.21,40.8,0
1.05,8.27,21.0,27.38,21.73,0.0,44.56,2082.2,3,8.88,106.8,52.6,0.04,90.4,1
3.3,36.19,72.11,89.98,52.23,20.82,31.14,1165.2,2,1.53,77.9,54.9,0.36,89.0,1
10.51,118.75,316.44,236.38,88.0,48.0,39.75,1452.7,3,1.99,147.1,18.7,0.08,100.0,1
1.9,19.02,39.5,59.19,36.65,1.04,33.0,945.3,5,1.91,8.4,339.4,2.28,80.0,1
4.01,43.57,96.0,75.84,51.83,16.62,43.53,1245.5,2,0.45,26.1,31.3,0.09,91.9,1
4.18,19.97,41.7,69.4,31.07,0.0,33.34,738.7,2,1.21,62.7,318.6,0.05,40.1,0
6.06,37.26,90.4,102.82,42.67,10.34,31.07,1895.8,2,0.44,115.4,78.9,0.59,72.3,1
1.65,11.9,26.09,45.51,28.8,0.0,35.67,1333.0,4,1.28,18.7,110.0,6.39,57.5,0
4.75,31.44,55.97,82.45,36.68,7.25,24.6,1449.0,3,0.06,57.3,111.9,0.85,55.9,1
13.22,55.57,89.13,100.95,41.54,13.06,34.82,377.9,3,0.87,36.3,224.8,19.59,97.4,1
4.0,17.02,38.28,62.79,31.5,0.0,39.08,1607.0,4,0.84,124.5,236.5,0.44,48.3,0
9.73,48.25,100.6,103.43,43.93,13.08,43.39,725.6,2,0.62,302.0,184.2,2.05,87.1,1
14.61,63.41,97.3,72.99,46.21,14.65,38.12,1105.1,3,0.15,21.8,267.5,2.97,98.4,1
13.61,101.28,197.89,145.82,73.4,41.37,23.82,1166.7,1,2.65,25.2,1.5,39.15,100.0,1
2.09,14.43,30.6,27.9,20.95,0.0,47.49,1242.3,2,0.98,110.1,126.5,0.41,26.4,0
5.8,31.44,80.42,57.66,28.41,0.0,48.21,777.6,2,3.03,72.5,133.6,16.52,81.5,1
2.72,14.6,21.99,26.42,20.52,0.0,36.96,2085.2,3,3.25,151.9,49.2,1.62,37.0,0
27.92,172.45,325.57,256.25,88.0,48.0,29.61,1198.5,3,0.43,40.7,146.3,35.61,98.3,1
14.57,98.35,250.97,178.92,88.0,48.0,31.48,1585.5,1,0.98,94.4,113.3,15.41,100.0,1
9.54,38.52,88.9,106.44,49.55,16.93,34.27,1589.3,2,2.3,58.7,115.0,1.92,95.9,1
16.8,76.5,138.15,121.68,45.94,14.87,38.37,1574.7,2,1.25,39.6,22.7,4.66,94.7,1
5.11,33.18,85.71,71.39,37.95,4.22,33.41,1474.6,2,3.48,156.8,102.9,12.06,77.2,0
9.7,47.62,99.55,92.08,39.75,4.83,28.7,2027.5,2,1.53,190.7,261.8,9.66,79.5,1
0.92,7.28,15.28,24.79,23.06,0.0,44.7,2006.5,2,1.79,47.9,95.0,0.06,34.2,0
5.38,55.43,153.37,148.97,77.48,35.07,38.19,1176.0,5,2.78,117.1,120.3,5.23,100.0,1
2.55,18.26,49.78,75.48,36.7,1.36,27.05,1635.3,3,0.23,23.6,616.9,4.47,56.6,0
11.09,74.66,142.0,98.48,69.93,32.81,38.48,515.9,4,1.58,187.8,369.7,3.34,100.0,1
5.27,63.6,101.56,113.67,46.91,13.89,37.38,490.6,4,0.16,39.6,475.4,5.73,94.9,1
12.25,56.06,104.04,105.08,57.32,23.75,29.9,1307.8,4,0.54,22.5,14.6,7.74,100.0,1
0.37,2.62,3.78,11.16,33.5,0.0,46.16,2190.4,4,0.43,337.5,173.5,1.98,23.1,0
4.58,25.62,36.61,58.97,29.59,0.0,37.15,1665.0,3,1.51,65.9,45.5,3.81,58.1,1
1.43,15.5,30.27,53.79,25.24,0.0,34.16,1705.4,3,3.34,123.8,93.2,12.72,55.9,1
2.01,18.3,49.74,47.17,26.02,0.0,35.29,631.1,5,0.26,198.8,205.0,9.34,45.1,0
1.57,6.8,17.82,50.71,23.13,0.0,39.77,1251.9,2,2.63,139.1,155.7,1.05,33.8,0
18.9,103.01,217.97,150.6,81.52,48.0,35.39,1141.7,2,0.28,99.8,126.8,14.18,100.0,1
7.73,32.01,70.15,72.62,51.83,15.44,35.32,1944.3,1,0.38,55.8,303.2,4.11,76.6,1
4.39,17.57,24.74,21.53,19.16,0.0,45.06,589.4,4,4.48,300.9,206.6,8.2,69.7,0
2.83,19.73,33.57,70.41,29.76,0.0,23.94,1432.3,3,0.02,17.2,309.7,0.3,36.2,0
3.29,25.19,36.14,62.31,19.23,0.0,25.36,2213.8,5,0.4,258.4,483.7,0.21,34.4,0
9.2,40.71,99.99,77.14,45.44,11.33,42.6,2174.2,3,0.44,148.5,224.0,56.89,95.8,1
7.99,32.0,51.33,53.74,36.24,0.46,56.53,2089.9,3,0.6,101.7,90.6,1.64,70.1,1
17.46,93.34,244.23,170.97,88.0,48.0,43.45,1087.5,3,0.81,47.1,43.1,0.48,100.0,1
7.58,35.25,81.09,92.2,46.24,11.05,51.85,2276.3,3,0.2,18.9,56.9,1.68,91.7,1
38.98,183.09,315.14,212.49,88.0,48.0,32.31,1991.1,4,1.14,70.3,90.9,7.74,94.7,1
10.96,78.09,126.56,125.08,58.92,29.13,30.58,2087.4,3,0.92,183.8,242.5,8.67,98.6,1
2.34,13.16,30.0,66.9,28.67,0.0,39.88,2257.9,3,1.77,164.1,7.4,0.07,47.1,0
23.17,104.54,278.2,216.28,88.0,48.0,44.11,2267.7,2,3.64,124.4,303.0,6.64,98.2,1
1.3,6.61,15.9,24.92,13.34,0.0,24.85,804.1,3,0.64,587.1,255.5,23.86,13.4,0
5.14,61.48,116.07,96.65,49.22,19.2,34.19,568.1,3,1.42,431.8,124.6,4.0,96.2,1
3.01,21.95,48.78,58.18,32.85,0.0,35.77,1750.8,4,0.84,61.3,91.8,8.47,62.9,1
8.96,85.74,157.34,134.48,71.58,40.76,30.23,1482.7,4,0.07,25.7,21.5,19.34,100.0,1
8.92,74.58,208.75,170.77,77.85,41.8,31.22,987.6,3,3.1,74.8,61.6,0.97,100.0,1
13.65,58.33,142.82,122.77,58.81,23.26,43.17,1737.3,1,1.81,223.4,20.9,11.83,100.0,1
4.88,56.6,127.93,103.96,58.13,19.21,39.99,430.2,4,0.0,73.6,307.6,7.95,92.9,1
3.0,25.6,51.01,78.25,32.66,0.0,42.79,399.1,1,0.52,49.1,128.2,3.14,51.4,0
1.65,12.46,28.23,27.01,32.77,0.0,38.86,1044.1,3,0.67,162.2,51.0,13.63,34.7,0
4.04,21.85,41.04,52.66,43.37,7.42,28.58,707.1,1,3.0,126.0,3.3,2.65,63.2,0
2.56,15.0,21.61,53.94,39.19,2.39,39.6,1809.0,3,2.57,415.7,133.6,7.3,62.3,1
5.79,49.47,96.62,70.54,47.64,11.62,27.91,2290.8,3,0.91,95.6,251.0,42.57,90.3,1
2.67,24.7,66.75,80.13,40.71,7.21,33.35,1689.4,3,0.31,411.1,261.8,27.75,68.5,1
16.05,133.47,303.9,239.42,88.0,48.0,27.19,1675.0,5,0.88,41.3,43.4,1.14,99.0,1
8.08,48.82,74.08,82.89,39.84,4.83,30.81,313.9,3,2.99,240.1,955.9,9.29,85.9,1
8.21,65.14,171.91,117.33,72.21,38.75,36.77,1375.8,3,1.08,51.9,151.4,17.38,95.0,1
3.71,15.39,27.34,30.87,20.84,0.0,32.11,2015.9,3,0.22,199.1,72.6,0.34,13.2,0
11.05,69.56,121.13,99.13,52.05,19.27,28.49,1673.7,1,0.07,312.4,89.8,0.05,84.3,1
8.57,95.22,172.91,127.91,75.35,43.44,45.67,778.3,4,0.73,117.1,23.9,0.08,93.7,1
5.84,28.64,63.24,89.43,33.4,0.29,34.98,2081.8,4,0.29,156.5,122.4,0.17,56.5,0
5.54,40.77,88.18,91.64,43.92,4.92,31.51,2325.2,3,2.46,382.3,251.9,0.24,84.1,1
9.89,51.75,108.05,88.6,40.81,5.18,26.8,885.9,3,0.59,56.4,94.8,0.67,78.0,1
2.37,18.58,44.67,75.87,44.54,3.68,20.09,734.9,3,3.78,86.0,362.9,6.88,77.3,1
4.9,27.71,51.07,71.52,41.88,0.36,34.11,1010.9,4,1.73,274.3,116.6,15.31,70.9,1
5.91,27.96,69.75,63.14,40.66,8.01,24.29,432.6,4,0.9,134.1,415.6,9.91,68.5,1
4.18,17.59,28.94,40.86,31.15,0.0,42.05,2134.2,4,1.7,248.2,218.6,1.03,51.1,0
3.04,24.46,61.05,53.66,39.47,4.25,36.25,2251.5,5,0.63,115.6,10.2,0.37,71.4,1
1.86,13.58,31.64,69.27,37.17,2.06,49.25,1629.9,3,0.27,161.5,12.5,39.52,73.0,1
1.72,10.84,25.55,44.89,24.04,0.0,37.9,1905.1,1,5.99,1.6,289.8,4.92,87.0,1
2.47,10.42,21.6,59.36,30.44,0.0,29.82,1704.2,3,1.49,49.8,79.4,19.8,48.1,0
29.77,127.63,297.87,214.21,88.0,48.0,20.02,1092.4,3,0.01,176.6,37.8,6.3,99.8,1
3.08,32.33,48.88,75.51,40.98,5.69,42.86,1627.3,1,0.67,62.1,360.9,25.59,79.6,1
12.98,126.73,328.52,220.96,88.0,48.0,24.96,2056.3,3,0.31,54.1,736.7,14.52,100.0,1
5.09,31.01,45.82,78.98,29.24,0.0,32.53,2000.8,4,0.54,363.3,297.7,2.84,52.9,0
1.84,18.76,30.18,65.66,22.33,0.0,50.23,470.2,4,0.1,96.5,232.5,49.22,74.9,1
4.06,29.23,64.53,63.29,38.97,5.19,41.19,1271.5,4,0.51,25.7,0.2,5.17,82.1,1
2.86,27.15,66.12,82.84,26.42,0.0,39.31,1134.4,4,2.07,76.7,20.2,5.69,82.7,1
3.04,16.18,24.38,54.7,14.55,0.0,44.03,1879.2,2,3.09,87.7,200.1,9.29,55.4,1
12.02,49.79,133.88,132.58,70.51,34.19,43.71,1352.9,3,0.77,538.3,94.8,2.9,100.0,1
4.16,16.7,46.13,48.81,36.62,0.0,49.44,1034.4,3,1.33,152.0,3.5,3.6,59.8,1
6.29,43.75,98.36,89.88,48.27,12.68,30.88,1783.3,3,0.08,87.9,243.1,0.91,83.9,1
9.15,50.31,104.34,111.74,51.4,24.21,32.8,1294.5,2,0.17,67.9,97.7,0.8,86.0,1
1.64,7.25,17.67,51.52,25.83,0.0,28.16,838.9,2,1.45,296.5,193.6,12.2,17.8,0
0.57,5.7,10.59,29.59,28.95,0.0,35.72,2169.9,2,3.31,124.6,113.7,31.74,51.2,0
12.57,63.75,133.27,129.68,53.52,21.29,34.88,537.4,4,0.17,52.8,4.8,0.19,98.5,1
5.07,33.91,90.97,66.24,46.59,12.3,21.08,338.0,2,0.98,75.0,181.9,1.95,64.5,0
1.72,14.95,40.94,66.8,32.83,0.0,30.44,602.2,2,6.34,39.1,279.3,24.63,91.2,1
28.32,190.74,514.61,348.8,88.0,48.0,48.23,643.7,2,2.42,387.6,30.5,3.96,95.2,1
0.32,3.42,6.05,21.81,29.36,0.0,38.08,1429.9,4,0.4,145.3,399.1,7.49,24.6,0
9.54,48.13,83.05,81.18,40.58,13.07,42.08,1612.2,2,0.6,59.8,36.1,9.92,89.2,1
18.14,147.5,267.96,199.41,88.0,48.0,34.98,1242.1,1,5.32,24.3,98.9,16.2,100.0,1
1.85,13.94,28.12,46.7,28.56,0.0,19.96,728.8,3,0.45,23.4,134.8,0.43,20.9,0
1.71,16.95,31.19,49.79,38.54,1.86,34.91,577.6,3,1.05,78.0,67.8,67.88,79.3,1
1.29,5.66,10.89,27.0,16.8,0.0,44.85,1333.5,3,0.79,75.6,124.9,6.84,19.0,0
4.11,25.06,56.86,49.85,29.41,0.0,25.92,1487.5,4,1.21,64.9,228.1,7.34,43.3,0
1.8,10.14,25.03,55.85,21.57,0.0,42.35,938.3,1,0.49,229.1,225.6,4.0,23.3,0
8.87,50.18,121.92,102.25,54.94,20.62,21.53,762.9,1,1.99,464.6,459.8,11.58,90.6,1
0.54,3.6,9.13,33.7,31.81,0.0,36.17,469.2,2,0.48,52.6,356.6,1.52,16.2,0
3.38,29.99,43.33,62.18,41.69,7.92,40.63,355.1,4,1.66,41.9,757.2,1.99,81.4,1
41.6,201.3,295.27,237.86,88.0,48.0,33.35,522.0,2,0.8,176.4,162.9,21.04,98.2,1
7.45,73.29,183.6,156.18,72.91,37.62,57.02,1858.4,5,0.52,71.7,92.1,35.25,100.0,1
4.45,45.54,97.74,70.57,28.09,0.0,31.81,1022.4,4,2.14,29.4,49.4,25.58,89.2,1
3.95,19.69,43.51,71.02,36.95,1.68,31.08,357.6,3,6.05,24.0,50.3,9.95,95.0,1
4.34,37.58,55.38,85.52,42.22,2.91,37.74,1367.1,4,3.66,39.5,29.4,34.72,95.0,1
5.31,40.21,70.66,72.19,39.54,5.01,29.58,1425.7,3,0.16,0.2,233.5,14.11,87.5,1
3.96,24.6,56.43,85.31,36.31,3.49,23.75,1200.2,3,1.09,340.5,191.2,2.66,48.2,0
1.14,7.32,19.05,42.01,25.77,0.0,26.67,532.4,3,2.14,67.5,62.2,6.3,30.5,0
16.97,84.64,227.15,173.33,78.9,46.28,42.44,1885.4,3,1.49,10.4,400.8,23.52,98.5,1
6.52,35.07,73.66,67.79,43.22,6.1,33.41,1747.1,1,2.33,21.6,144.6,25.51,88.0,1
1.45,7.63,16.52,45.32,23.24,0.0,50.47,1128.9,3,6.65,46.9,12.9,10.86,92.4,1
3.95,19.62,50.35,48.07,39.68,7.64,32.25,1099.7,4,0.75,96.3,11.4,29.8,65.5,1
4.25,32.79,70.59,55.6,39.08,0.0,42.04,627.5,3,2.65,146.0,27.8,16.58,80.3,1
8.64,64.08,136.08,94.68,52.94,22.91,40.34,1882.5,5,0.18,44.2,42.7,1.32,100.0,1
7.41,48.0,128.01,101.37,46.63,11.4,32.12,1559.1,2,3.67,379.3,393.2,0.04,91.6,1
7.92,59.89,150.07,120.35,50.83,16.61,28.53,480.2,5,2.71,171.4,271.3,6.88,100.0,1
3.29,13.32,35.59,52.98,37.84,0.0,21.28,1093.9,4,1.32,209.7,40.6,2.12,35.5,0
5.68,25.99,44.33,46.99,29.67,0.0,40.7,2197.5,4,3.1,46.9,51.4,4.17,76.9,1
4.09,37.9,80.88,101.85,44.68,9.09,46.19,1250.0,4,1.98,57.6,182.3,1.97,93.9,1
0.88,10.87,28.03,36.35,38.55,0.0,22.49,982.3,4,1.45,92.7,369.4,2.6,32.0,0
1.02,11.64,18.11,36.61,21.69,0.0,32.85,1651.9,3,5.25,72.1,68.6,2.05,60.8,1
7.88,64.88,163.02,115.61,61.88,27.82,30.33,726.2,4,0.25,36.1,134.2,3.49,97.3,1
1.12,11.28,18.68,28.87,24.44,0.0,40.69,1400.0,1,8.92,708.5,397.9,0.34,76.4,1
5.31,31.13,78.81,58.4,42.24,5.11,33.21,1706.0,3,0.3,226.3,265.0,7.2,56.1,0
3.81,16.85,38.03,54.9,41.97,6.89,47.25,2095.2,5,1.18,32.6,399.8,3.74,87.9,1
1.02,4.99,8.34,44.22,31.73,0.0,32.73,1754.3,2,0.47,267.5,58.6,36.72,29.0,0
1.28,10.96,22.6,28.5,30.05,0.0,25.49,1107.3,1,0.57,106.1,211.4,5.03,11.0,0
19.28,130.38,307.0,221.1,88.0,48.0,32.02,1912.4,3,1.8,1.5,21.8,1.35,93.2,1
10.54,63.34,144.89,99.93,59.5,23.9,32.95,2186.6,3,0.06,51.0,172.4,11.71,98.5,1
27.18,124.85,249.46,204.93,88.0,48.0,40.47,1303.3,3,5.09,3.1,65.2,1.25,97.6,1
7.13,32.0,85.1,95.42,42.02,3.24,32.83,309.5,3,0.59,11.0,217.6,18.28,88.6,1
4.47,19.06,40.53,34.19,23.61,0.0,39.74,2149.9,3,0.57,23.7,27.5,0.41,38.2,0
5.35,32.09,67.66,65.4,46.17,9.91,29.28,647.4,3,3.59,79.5,197.2,6.35,86.6,1
5.03,25.41,37.79,72.55,33.77,0.46,33.5,565.3,3,2.61,57.6,221.9,8.02,72.7,1
6.68,67.5,181.65,140.71,70.97,40.18,29.33,946.1,5,2.01,19.4,350.3,0.73,100.0,1
1.07,6.07,10.01,35.19,22.79,0.0,28.8,1098.0,5,0.28,60.2,209.1,0.05,14.0,0
3.39,27.72,59.32,59.54,27.57,0.0,46.84,1978.7,4,2.64,43.5,133.2,0.84,84.3,1
2.7,17.58,44.4,60.68,26.57,0.0,29.92,1117.3,2,0.81,63.3,276.0,1.88,30.9,0
5.13,27.33,46.5,79.24,35.04,2.37,33.05,402.5,3,9.18,22.7,60.2,3.59,92.6,1
7.6,61.42,131.34,135.26,53.6,26.57,44.88,1635.5,4,2.0,112.9,203.7,1.75,97.8,1
2.32,26.1,45.34,69.34,31.39,0.0,42.38,1709.6,3,3.25,5.5,232.1,0.11,88.3,1
2.43,29.72,73.22,70.78,39.87,0.23,49.95,2009.9,5,2.38,58.9,89.7,12.81,91.2,1
1.88,22.48,49.24,59.25,29.69,0.0,40.1,1137.6,3,1.62,270.3,811.2,0.71,49.3,0
1.89,23.22,60.34,60.28,31.09,0.0,30.9,480.7,4,2.27,65.3,79.2,3.88,65.2,1
6.6,66.85,177.32,164.61,59.97,26.18,53.49,1461.4,1,1.64,69.8,15.9,0.06,97.7,1
10.56,87.47,201.89,168.08,75.65,48.0,40.95,554.1,3,0.09,8.5,65.1,0.73,94.1,1
13.09,111.27,268.78,199.91,88.0,48.0,34.69,335.9,4,0.76,111.6,18.9,0.8,95.4,1
15.0,60.56,131.34,90.92,46.91,15.86,36.49,1935.0,4,0.68,330.6,74.6,4.61,94.1,1
2.32,17.57,34.06,50.56,29.39,0.0,37.52,1147.2,3,2.25,41.4,24.6,0.09,57.3,1
5.27,51.83,119.6,127.02,55.17,19.75,33.99,1402.5,2,1.55,60.0,104.2,1.14,95.2,1
4.65,26.95,71.99,75.33,34.22,1.36,24.31,1692.0,4,1.7,106.5,270.9,51.06,77.5,1
5.67,25.13,49.84,45.6,42.49,6.84,49.83,1142.2,3,3.38,11.7,12.6,0.87,91.5,1
12.72,65.15,119.89,83.92,51.26,18.67,35.81,407.4,2,1.34,360.2,149.1,5.22,94.7,1
0.87,6.7,13.02,29.42,23.04,0.0,37.56,830.8,3,0.44,75.6,8.1,1.69,14.3,0
15.52,88.44,177.73,161.84,68.8,38.69,53.66,708.1,4,0.02,14.7,388.7,2.63,98.3,1
5.89,29.21,43.9,78.38,21.67,0.0,30.19,2352.5,3,0.31,49.0,457.8,25.99,49.6,0
8.2,40.23,84.39,102.39,49.68,11.56,41.57,1853.0,4,0.06,56.2,122.0,4.52,89.5,1
9.4,48.63,101.74,103.95,42.75,15.37,29.27,1248.3,3,0.49,50.8,263.9,0.05,92.5,1
20.99,92.04,204.69,163.16,75.89,47.91,38.73,433.1,3,1.81,141.8,161.8,4.52,95.8,1
11.29,49.52,94.47,92.99,50.04,20.07,37.71,543.3,2,0.3,50.9,75.0,2.47,97.4,1
8.1,45.39,102.5,95.88,57.47,22.58,42.72,2007.1,3,0.15,47.0,50.6,0.02,95.9,1
2.32,15.17,39.9,62.75,24.69,0.0,46.27,2285.4,2,6.36,46.6,255.8,3.66,92.7,1
6.4,33.83,92.62,84.05,43.25,4.81,31.07,365.8,2,10.4,180.5,101.2,11.37,92.0,1
3.96,18.08,40.09,61.17,39.52,0.3,48.04,2211.8,2,1.82,44.2,455.2,2.1,72.9,0
4.16,51.36,74.96,59.2,43.77,13.21,48.64,1099.2,1,0.21,1.7,669.1,18.33,95.5,1
7.73,31.1,85.75,72.69,48.04,12.38,33.88,748.6,2,3.1,54.6,42.5,0.08,88.2,1
4.96,44.66,106.65,111.95,43.56,9.28,35.94,514.7,3,1.39,39.1,148.2,14.75,92.1,1
1.36,8.5,15.9,56.0,22.18,0.0,31.8,1920.7,2,0.36,287.7,138.6,1.25,12.8,0
1.69,7.38,11.86,36.96,22.31,0.0,33.4,1284.7,2,1.54,78.0,364.6,9.59,24.4,0
6.92,58.52,93.68,67.32,41.08,6.18,25.77,2048.1,5,0.07,32.1,211.4,12.31,86.4,1
1.18,7.31,11.95,54.48,13.3,0.0,42.61,774.9,3,6.47,479.3,168.3,42.49,84.0,1
0.42,4.06,5.94,40.45,18.6,0.0,18.57,1725.0,3,3.15,34.0,204.6,14.18,35.1,0
1.23,8.33,22.18,38.05,34.34,0.0,30.07,548.1,2,0.54,172.8,88.8,0.0,15.2,0
12.18,110.58,238.53,186.97,87.14,48.0,35.61,488.5,3,0.98,125.8,580.7,25.2,91.8,1
6.87,48.47,115.36,99.32,60.55,27.85,47.05,580.1,3,0.91,74.4,10.7,1.27,100.0,1
2.66,18.54,47.46,56.79,34.36,1.16,31.37,1998.7,3,3.56,62.5,5.3,18.49,78.0,1
4.8,19.28,48.35,76.33,28.95,0.1,39.64,1676.8,3,0.79,247.0,96.7,8.77,44.4,0
5.37,21.56,56.83,49.19,43.58,8.68,35.31,648.5,4,0.09,77.3,30.2,13.24,64.5,1
6.38,64.15,176.68,124.51,70.74,33.44,44.03,1108.0,5,0.44,56.5,141.7,3.06,95.5,1
9.97,48.99,98.7,69.28,53.41,16.08,39.19,1903.7,4,0.44,52.5,1.6,9.22,99.2,1
1.2,13.56,37.03,43.2,23.96,0.0,43.06,899.9,2,5.37,38.7,110.8,2.6,74.1,1
1.0,11.7,28.23,29.98,34.14,0.0,31.32,2234.7,4,4.64,63.1,62.9,28.86,82.2,1
0.82,8.37,12.55,23.06,29.93,0.0,27.38,2220.7,1,0.64,15.3,40.7,4.49,21.4,0
12.06,49.4,116.31,81.11,54.31,13.06,39.12,1461.1,3,0.0,8.1,105.9,2.44,97.7,1
12.33,51.37,121.31,94.08,49.13,15.76,31.85,1627.1,3,1.31,93.6,347.0,3.58,93.0,1
1.24,10.97,29.27,39.0,27.92,0.0,36.26,1671.8,3,2.87,72.7,191.8,27.34,64.7,1
1.36,12.67,24.36,22.26,30.49,0.0,38.7,842.8,3,0.56,22.9,31.4,19.6,41.0,0
1.23,10.16,22.54,47.01,27.72,0.0,46.56,1067.2,4,1.04,13.6,124.4,0.0,66.9,0
20.5,122.28,173.28,143.23,72.12,48.0,42.69,585.5,4,0.34,18.6,483.0,18.39,98.1,1
2.79,15.79,29.45,28.51,34.32,0.0,30.21,2242.2,1,0.71,45.4,104.1,1.88,18.4,0
7.68,65.31,97.12,94.91,43.3,21.03,26.27,1820.1,4,2.56,72.1,114.5,30.74,99.3,1
9.85,47.19,100.54,115.29,41.22,8.76,50.51,397.3,4,1.01,25.8,510.5,3.28,100.0,1
3.65,27.49,69.94,92.96,39.36,6.43,22.55,1453.7,1,1.07,169.1,26.3,6.54,50.0,0
3.62,15.29,25.83,21.91,25.25,0.0,32.15,1020.5,3,2.81,25.8,239.1,26.85,61.1,1
2.36,12.33,26.38,57.94,32.1,0.0,41.48,2012.1,4,2.59,15.9,64.0,1.12,80.0,1
7.41,48.04,80.97,73.54,36.23,7.12,49.93,1022.0,3,0.37,625.6,361.6,29.63,86.3,1
14.28,66.64,104.55,75.82,55.4,27.5,34.39,1652.7,4,0.97,71.2,10.1,16.67,97.6,1
8.62,39.37,83.28,72.45,51.44,15.79,36.23,648.1,3,3.4,22.4,836.3,9.01,98.4,1
5.0,38.61,58.34,57.4,36.34,0.0,28.56,1473.4,5,1.1,270.0,263.5,0.86,64.9,1
0.61,4.46,9.91,34.99,23.14,0.0,37.08,917.2,5,1.95,31.5,60.2,27.66,67.0,1
29.7,124.21,179.35,151.32,65.61,35.31,26.22,646.3,2,0.66,311.8,257.5,0.19,99.6,1
7.16,66.25,102.64,105.43,45.48,13.59,29.62,1600.4,3,0.11,15.2,461.4,0.56,94.0,1
1.59,18.2,39.5,41.74,28.61,0.0,42.49,1641.1,3,0.32,221.3,21.6,3.27,30.5,0
23.71,150.84,336.07,237.93,88.0,48.0,32.31,2365.0,2,0.92,24.4,440.7,13.55,98.0,1
7.26,33.57,48.36,50.31,33.11,0.13,43.8,1705.1,3,0.79,334.3,80.4,3.97,56.4,0
8.08,38.24,84.23,76.07,35.65,2.46,34.7,1383.0,4,4.07,102.5,1.2,0.31,91.1,1
14.66,62.03,159.66,153.76,66.24,31.42,24.36,2216.5,4,1.42,25.3,21.5,9.37,100.0,1
12.29,72.01,173.65,152.88,73.58,35.32,45.93,2039.4,4,1.78,223.6,389.0,18.7,99.1,1
3.86,39.75,62.94,89.79,37.47,4.07,24.82,1452.4,1,2.1,59.4,729.9,9.48,70.4,0
1.85,10.3,22.96,51.11,35.24,0.0,30.88,1373.8,4,1.37,158.4,406.3,1.63,37.1,0
5.04,23.74,55.57,59.41,40.23,0.85,34.3,2278.1,3,2.64,123.8,104.9,2.71,68.1,0
9.06,94.52,137.25,111.75,52.14,20.93,44.55,1596.0,2,2.75,150.3,585.9,7.52,100.0,1
2.56,23.42,60.84,66.53,33.73,0.0,31.52,1798.9,3,0.78,50.5,94.0,1.74,45.2,0
2.46,30.01,80.1,75.82,43.78,7.91,28.12,482.0,4,0.16,335.3,21.7,0.48,63.3,1
4.04,22.31,57.79,79.84,26.18,0.0,37.38,1808.4,3,7.73,98.5,75.0,17.67,98.4,1
5.09,22.07,56.39,62.58,37.81,0.0,34.18,855.8,5,1.85,9.7,1161.2,15.82,86.4,1
6.69,34.5,84.29,73.09,33.03,0.12,32.03,542.6,3,2.22,8.3,177.0,14.79,88.6,1
28.14,113.95,260.59,209.25,88.0,48.0,37.84,2084.3,3,2.54,160.8,74.8,1.5,98.1,1
1.14,12.54,29.47,62.61,33.7,0.0,25.77,1751.5,2,1.71,227.6,176.2,2.58,24.4,0
2.52,10.78,27.26,41.64,30.66,0.0,21.36,1155.9,1,1.15,142.6,100.9,4.15,11.8,0
3.15,14.43,33.59,56.89,25.35,0.0,54.18,1206.0,3,7.52,39.0,9.1,0.72,96.3,1
11.38,85.27,158.51,110.68,65.4,33.81,36.89,713.9,3,2.34,30.7,40.4,2.66,100.0,1
9.18,37.4,72.05,75.66,37.09,0.0,37.48,320.1,3,3.37,100.0,3.5,0.56,84.6,1
1.96,15.19,40.34,33.24,25.11,0.0,29.35,1033.7,3,1.04,26.3,52.9,0.03,27.5,0
16.93,73.21,104.25,74.08,47.16,18.13,43.63,611.7,4,4.23,57.2,242.2,12.2,100.0,1
19.02,82.78,196.89,160.56,79.32,45.48,31.47,1185.6,3,2.37,118.9,38.7,16.86,96.0,1
16.14,77.31,211.59,156.18,79.51,40.46,14.0,2051.0,3,2.47,40.2,135.2,16.78,95.5,1
15.51,88.23,210.74,175.4,87.71,48.0,31.18,541.0,4,0.16,56.5,217.7,0.84,100.0,1
1.51,15.08,42.09,72.68,36.38,5.24,33.61,492.7,2,1.73,53.7,143.2,10.49,64.1,1
10.0,58.65,138.57,101.34,62.75,23.61,34.55,2194.4,5,0.73,74.1,2.8,1.37,95.6,1
3.62,25.73,37.26,61.82,20.78,0.0,34.31,1864.8,4,1.99,134.6,81.3,3.6,52.5,0
16.79,78.22,200.08,158.21,74.31,40.85,30.52,411.4,1,1.51,183.0,104.9,3.56,100.0,1
11.52,55.14,99.17,74.5,41.38,10.41,29.7,467.1,4,0.21,131.3,75.5,0.61,75.0,1
12.56,53.51,108.33,104.74,49.24,11.39,33.47,1738.3,5,1.36,3.2,142.2,16.93,93.7,1
4.21,51.0,93.68,93.32,42.07,9.93,22.01,1077.7,4,1.08,272.6,129.6,2.97,84.9,1
4.61,21.2,37.66,52.68,28.28,0.0,19.36,1820.8,3,2.7,104.4,37.4,2.67,36.8,0
6.88,28.73,57.57,84.11,42.49,6.72,36.83,1149.4,5,1.26,303.5,251.0,4.25,83.4,1
33.03,154.21,297.67,221.93,88.0,48.0,36.98,2332.4,2,1.18,398.5,31.6,26.38,93.9,1
10.37,101.53,232.16,200.48,88.0,48.0,43.47,1758.3,3,2.29,75.7,110.6,0.64,99.5,1
0.7,7.44,18.88,40.19,15.68,0.0,33.83,397.9,2,1.99,297.8,254.1,2.07,15.4,0
0.75,9.0,16.34,20.83,24.92,0.0,25.85,994.1,3,8.66,54.6,215.1,12.7,85.7,1
2.54,13.61,23.13,41.21,32.28,0.0,19.51,1483.6,5,0.78,36.2,101.9,7.44,43.4,0
11.16,59.68,139.27,103.73,68.03,34.3,28.43,597.9,4,2.1,9.2,280.0,8.14,100.0,1
16.63,67.14,156.99,133.92,54.67,26.35,39.59,305.3,4,0.33,72.1,225.2,27.79,100.0,1
1.42,9.65,25.68,52.89,25.08,0.0,48.25,466.5,3,2.94,140.0,87.4,0.01,58.5,1
4.63,33.97,48.32,57.49,39.73,7.63,36.46,1401.0,5,2.78,451.8,406.6,20.64,91.9,1
12.92,69.4,180.04,126.42,69.26,35.33,25.68,1627.7,3,2.33,88.4,27.6,4.4,94.8,1
13.01,59.03,125.7,107.79,49.73,15.99,28.52,495.1,1,0.23,159.1,79.9,33.18,92.7,1
8.1,33.87,76.88,58.64,32.23,0.0,28.79,1696.8,3,7.89,271.8,215.4,4.51,91.1,1
7.39,34.13,52.15,69.59,28.91,0.0,32.55,1596.0,3,5.14,94.0,371.4,2.56,87.7,1
4.23,27.72,55.59,76.7,25.43,0.0,45.53,2273.8,2,0.83,21.9,70.1,39.85,80.6,1
4.49,23.89,41.05,74.99,31.85,0.0,46.19,2065.4,5,1.55,226.2,148.3,0.45,79.6,1
7.47,33.12,58.16,49.5,41.66,12.16,34.54,2280.8,3,3.95,102.4,2.1,13.48,86.1,1
8.56,52.37,110.29,100.64,43.31,13.61,37.56,2328.8,5,1.23,170.5,83.4,0.0,97.4,1
8.81,75.4,191.33,154.9,75.12,45.34,29.22,1225.7,3,1.65,128.9,72.3,6.68,100.0,1
4.38,40.22,98.2,110.34,52.57,14.56,21.47,1324.6,1,1.66,7.6,332.7,7.1,93.1,1
4.57,57.1,127.17,115.89,55.59,24.11,51.2,891.4,1,1.89,22.2,13.8,10.79,98.5,1
4.09,20.25,43.65,39.92,22.56,0.0,16.26,1367.7,5,1.54,40.5,11.5,0.3,36.4,0
3.52,35.64,71.22,70.93,42.26,6.57,20.4,616.5,1,0.94,40.2,105.2,15.78,61.5,1
0.42,3.43,9.48,40.62,22.33,0.0,51.27,1710.0,3,1.4,219.3,94.2,14.97,45.2,0
2.0,15.29,33.39,58.22,28.41,0.0,36.14,352.4,2,3.69,109.4,31.7,16.92,63.1,1
8.34,47.61,83.59,98.17,40.12,10.58,26.43,794.8,4,3.59,10.4,55.0,10.84,100.0,1
25.96,175.82,302.78,209.93,88.0,48.0,41.8,737.0,2,2.67,58.8,658.3,5.82,97.3,1
2.06,10.56,23.83,63.31,29.73,0.0,42.57,2269.6,1,0.96,97.5,129.6,20.21,38.6,0
2.82,31.48,67.11,51.28,53.13,12.08,24.67,604.3,4,2.77,34.8,16.6,2.66,89.2,1
7.1,70.29,99.17,113.73,48.44,19.29,31.47,2170.6,3,0.88,4.9,9.2,10.15,100.0,1
2.27,13.74,35.2,66.48,38.92,0.68,43.45,561.2,3,1.96,57.4,7.7,13.89,73.7,1
4.9,35.72,85.22,90.11,46.01,13.73,29.06,1666.5,4,1.51,74.2,88.7,15.19,89.0,1
7.77,59.67,138.83,128.31,58.27,19.52,38.4,971.8,4,0.64,282.2,361.3,4.35,95.8,1
4.17,45.6,68.23,52.62,40.0,7.94,48.11,963.6,3,1.09,286.8,322.1,13.2,87.9,1
1.71,7.34,14.01,15.97,16.59,0.0,15.66,2396.4,4,3.19,83.3,82.6,10.03,21.9,0
3.99,20.17,54.65,45.1,37.14,0.0,33.1,774.7,5,4.39,76.5,268.0,4.55,81.3,1
6.03,59.93,156.27,110.51,51.8,16.37,38.22,725.4,3,0.41,122.8,251.2,26.56,99.1,1
2.89,31.72,57.1,66.74,30.81,0.0,20.77,1537.6,4,1.1,35.8,118.7,1.59,57.7,1
0.78,3.18,5.15,18.04,22.1,0.0,31.5,1855.6,4,1.02,40.4,93.3,1.79,20.1,0
9.92,50.66,102.78,110.51,55.94,22.8,44.88,2363.3,4,1.21,0.3,35.8,39.14,96.4,1
1.65,10.91,20.71,38.52,34.38,0.0,30.01,1773.0,3,6.76,9.8,58.8,15.73,93.1,1
10.34,51.87,122.15,115.7,52.78,19.15,23.38,1479.9,5,1.32,23.6,74.4,1.32,100.0,1
1.82,8.7,23.96,49.95,27.64,0.0,45.61,1159.2,1,3.19,122.8,301.5,12.19,49.0,0
24.34,114.48,218.45,161.39,87.07,48.0,39.78,1549.7,5,1.96,28.7,144.9,30.28,97.9,1
4.53,28.09,41.77,43.09,23.72,0.0,35.41,1561.8,2,0.2,15.9,40.4,0.0,36.7,0
4.08,26.63,70.74,66.39,42.24,6.0,35.16,757.2,3,2.14,114.9,18.1,0.85,78.9,0
1.06,12.89,18.73,53.02,20.28,0.0,44.74,1709.5,4,1.87,126.6,123.6,3.94,52.8,0
4.51,19.01,51.96,65.16,33.52,0.0,38.5,729.3,2,2.56,7.4,197.6,0.23,78.0,1
16.05,87.91,204.87,149.58,74.61,43.29,41.49,1328.9,2,0.14,177.9,307.6,6.1,98.1,1
22.83,199.31,541.81,393.98,88.0,48.0,30.11,845.7,3,0.5,111.8,287.3,13.26,98.0,1
4.56,19.31,32.43,28.54,32.38,0.0,19.7,956.9,4,2.64,60.7,312.9,8.37,49.4,0
5.94,25.21,36.74,60.34,35.63,2.03,41.29,1589.1,1,0.83,490.2,106.9,1.11,37.5,0
11.76,47.4,98.77,88.96,49.74,16.82,45.36,435.4,3,4.35,1.2,361.3,6.73,100.0,1
18.69,81.76,166.03,145.83,67.52,35.35,34.09,325.3,3,1.31,94.5,105.9,1.88,100.0,1
11.27,45.13,84.13,101.42,54.68,18.85,43.55,574.3,2,0.0,20.9,33.1,4.41,94.2,1
3.24,26.62,72.95,86.17,31.28,0.0,33.15,654.3,3,2.16,47.9,91.2,0.01,67.3,1
5.54,24.8,63.29,66.02,47.89,12.8,35.23,715.5,2,1.3,17.2,74.8,28.7,88.0,1
12.24,55.65,129.45,95.94,54.51,20.87,50.9,1925.3,3,0.69,132.4,89.6,10.04,89.5,1
0.1,0.84,1.37,42.17,23.81,0.0,33.52,1238.4,4,0.04,61.6,193.5,0.2,24.0,0
3.58,36.98,89.79,84.1,43.19,10.23,33.02,1286.9,4,0.4,514.8,192.6,15.69,82.4,1
5.88,23.86,57.7,45.89,31.94,0.0,20.11,1653.1,3,0.32,127.3,45.9,0.03,24.8,0
8.41,64.56,128.81,121.08,58.97,21.6,41.87,1831.1,1,1.57,299.2,68.3,3.26,100.0,1
0.91,4.01,10.8,25.16,29.28,0.0,29.97,307.4,4,2.64,33.1,162.9,0.07,45.6,0
2.99,37.1,60.61,46.6,39.81,4.66,37.25,2099.1,4,0.48,46.1,15.8,0.62,72.0,1
2.73,32.69,58.0,83.32,32.99,0.0,33.32,2375.7,3,2.15,54.1,210.0,6.75,76.7,1
7.4,46.46,69.15,71.69,61.03,28.26,32.21,555.8,3,4.14,218.8,35.5,27.83,98.7,1
1.44,11.92,29.96,37.12,35.58,0.0,35.0,1667.3,5,1.75,28.5,342.3,9.42,70.5,0
6.94,35.17,79.85,89.14,47.96,12.15,35.65,305.1,3,2.69,351.9,92.4,40.22,100.0,1
5.33,30.26,55.7,81.07,33.48,0.0,46.0,403.0,4,0.41,5.3,44.9,7.17,92.0,1
3.28,35.19,57.34,42.29,32.3,0.0,48.92,898.5,3,0.14,264.7,198.4,10.8,60.8,0
3.69,34.31,49.96,68.43,32.31,0.37,41.53,2077.4,2,0.82,72.0,145.4,1.53,56.5,0
7.84,53.71,87.73,96.54,51.05,15.72,46.81,1670.3,2,2.22,89.6,34.0,1.06,97.0,1
7.18,64.34,130.91,99.54,50.71,15.99,43.26,1236.2,4,2.09,714.2,316.0,13.4,98.7,1
3.38,15.77,27.53,44.93,21.3,0.0,40.2,1221.1,3,5.59,244.9,108.7,0.87,76.3,1
10.93,72.51,127.8,92.09,59.02,26.77,48.37,1278.7,3,1.79,281.2,29.7,29.22,99.0,1
3.03,31.61,83.0,92.55,45.15,7.07,24.88,953.2,1,0.95,105.7,286.3,0.0,55.5,1
1.21,7.46,15.82,53.42,19.81,0.0,30.18,2143.2,4,2.87,375.8,25.8,0.41,35.6,0
1.36,14.29,34.6,32.36,23.14,0.0,29.02,1492.5,4,0.3,139.7,619.8,0.0,19.9,0
2.78,27.25,39.51,67.42,39.69,0.57,33.44,1316.3,3,3.02,205.3,104.9,16.88,78.8,1
7.71,63.88,122.08,119.08,56.33,24.91,41.83,1276.7,4,0.82,153.2,234.5,20.95,100.0,1
9.89,43.75,90.6,79.5,37.19,1.61,26.52,2265.2,2,0.3,182.2,108.3,5.27,52.4,0
14.92,62.89,104.45,103.96,41.49,15.43,40.27,1819.7,3,0.32,121.9,37.4,44.6,96.5,1
8.14,36.94,57.93,42.66,34.05,1.97,31.01,604.1,3,7.4,155.5,255.5,9.01,96.7,1
3.06,22.35,58.53,84.98,40.79,3.19,33.05,1217.6,4,1.76,68.7,61.5,1.39,72.9,1
1.14,9.01,24.47,45.67,30.42,0.0,37.7,905.6,3,0.34,147.3,206.5,6.8,32.8,0
4.71,27.16,41.02,59.58,38.28,5.32,50.29,2372.4,3,0.56,38.9,53.6,14.19,74.9,1
4.1,20.22,38.19,59.74,21.75,0.0,29.95,1172.3,2,0.84,120.9,49.7,1.67,17.5,0
3.62,14.54,39.86,56.17,32.5,2.17,35.32,442.5,1,0.1,89.0,110.1,0.53,22.7,0
1.62,15.83,24.01,59.16,35.28,1.77,26.84,1163.5,5,0.21,274.6,304.9,4.98,37.4,0
3.41,38.62,88.86,90.2,52.88,18.2,29.86,974.8,1,2.58,134.2,171.2,2.85,89.3,1
9.24,46.68,128.87,129.62,58.24,19.69,26.76,1559.1,2,2.78,108.9,12.0,47.6,99.2,1
52.38,236.48,654.94,456.92,88.0,48.0,38.08,774.8,3,8.0,45.1,238.3,5.6,100.0,1
22.4,100.06,206.1,146.67,81.36,48.0,39.62,375.5,3,0.13,238.4,156.1,0.08,100.0,1
8.62,44.12,71.82,92.79,46.37,9.56,41.84,501.3,3,3.96,6.7,175.9,0.0,95.0,1
7.1,29.3,49.31,67.72,34.07,3.24,29.59,894.6,3,0.69,276.0,78.5,29.96,53.8,0
7.66,45.93,121.5,115.44,49.33,11.9,40.32,1031.5,2,0.72,127.0,146.2,0.17,91.0,1
16.06,68.25,182.65,168.07,65.89,30.33,36.96,2052.3,1,0.25,25.2,83.7,0.04,100.0,1
3.03,12.38,27.86,26.5,28.89,0.0,35.51,867.1,2,7.72,280.0,15.3,25.76,84.8,1
5.48,24.46,60.47,63.59,35.66,2.21,25.45,366.1,3,7.13,47.4,334.9,8.15,92.0,1
10.4,78.4,190.98,139.9,62.86,28.78,37.3,1939.5,4,3.6,22.1,204.0,0.4,97.9,1
3.01,26.58,61.84,73.56,31.16,0.0,37.57,2124.7,2,0.17,46.1,199.8,20.42,52.3,0
5.92,34.16,87.4,98.12,42.56,10.57,36.86,1333.8,4,3.32,389.5,38.7,6.62,89.2,1
5.17,32.91,77.66,98.96,46.11,8.8,39.4,898.3,4,1.81,167.7,196.1,16.24,90.1,1
4.53,19.78,42.47,53.06,31.8,0.0,41.9,1921.5,2,0.25,298.4,47.5,15.3,34.1,0
2.05,21.18,36.67,64.22,29.84,0.0,26.67,318.7,4,0.55,42.6,209.4,21.14,65.4,1
2.99,24.16,58.99,84.61,30.59,0.78,34.16,2240.5,4,2.1,10.3,73.0,1.97,85.9,1
1.66,7.99,16.48,46.46,24.75,0.0,40.38,2117.6,4,2.93,99.3,30.9,0.42,54.6,0
0.37,3.84,6.96,20.45,29.86,0.0,33.72,1444.1,4,3.39,79.2,426.1,0.68,47.2,0
9.6,71.39,180.11,149.42,71.36,36.03,44.16,882.9,3,1.41,153.0,19.9,42.98,100.0,1
1.76,12.07,28.68,67.29,18.99,0.0,36.77,369.0,2,1.38,93.9,258.2,0.01,28.7,0
5.9,31.75,86.11,105.41,36.6,0.0,19.38,2399.6,3,2.07,60.6,19.3,15.8,74.7,1
2.2,20.62,33.64,55.77,32.95,0.0,43.14,1900.4,1,2.71,0.6,207.8,12.95,89.4,1
23.85,105.41,243.37,203.11,86.8,48.0,35.0,1011.3,3,0.34,75.7,21.1,0.17,100.0,1
3.39,21.74,37.86,38.63,30.15,0.0,20.96,340.5,4,2.42,15.4,128.0,2.72,59.2,1
7.57,32.07,85.47,71.63,40.26,12.48,33.86,1642.5,3,0.75,306.1,37.5,14.56,70.9,1
13.36,83.72,128.87,131.64,59.1,26.67,25.22,2372.5,3,0.87,305.7,362.6,0.35,95.6,1
8.26,65.15,151.05,109.27,60.49,24.61,42.4,1784.9,2,0.15,195.3,92.4,23.43,96.1,1
1.05,10.12,25.37,30.09,25.99,0.0,35.7,475.8,2,1.6,20.6,2.8,14.04,41.1,0
5.23,64.85,123.0,103.88,49.33,20.83,28.15,1144.8,2,0.18,19.1,178.1,37.23,96.9,1
6.05,35.47,97.04,94.61,52.7,17.27,42.89,529.3,4,4.4,99.4,106.0,0.79,100.0,1
3.5,35.61,92.27,92.15,44.51,5.83,39.9,2215.5,5,1.75,156.0,353.6,0.05,90.4,1
2.59,17.65,31.99,38.94,32.61,1.6,34.0,993.9,3,8.34,281.9,102.2,4.41,91.4,1
1.35,7.49,10.56,53.29,15.8,0.0,25.41,1840.1,1,0.51,269.4,95.3,0.6,2.0,0
6.6,52.0,94.4,107.54,56.84,20.82,28.84,477.8,4,2.05,20.3,109.0,9.81,96.4,1
3.41,31.07,55.74,58.87,43.27,10.87,28.71,569.7,4,6.01,647.7,353.7,1.31,86.6,1
4.75,22.46,59.42,63.17,25.18,0.0,42.35,1726.9,5,0.64,20.5,159.1,6.9,77.7,1
11.14,46.23,127.31,119.37,50.84,12.65,21.71,2071.3,3,0.18,220.0,199.2,10.82,90.5,1
6.31,64.97,97.36,98.12,50.13,18.47,35.6,723.0,3,1.81,106.1,229.4,3.13,95.3,1
1.03,9.67,19.91,35.15,17.66,0.0,33.87,1178.5,3,0.82,136.1,499.1,7.57,21.3,0
8.9,36.58,79.28,75.18,41.41,0.0,44.8,1600.8,1,0.57,111.2,327.1,0.01,63.4,1
0.55,6.34,9.7,26.97,25.28,0.0,37.98,1972.2,4,9.09,244.5,471.8,5.97,94.4,1
15.42,62.64,120.8,94.11,52.72,18.62,40.55,1619.2,4,2.53,121.6,75.7,3.49,99.6,1
3.73,46.14,85.08,80.92,47.06,9.45,31.53,500.4,4,1.2,226.6,43.5,15.62,91.6,1
27.38,119.82,257.68,203.38,87.99,48.0,25.54,1439.9,3,0.09,20.1,40.9,0.29,98.0,1
2.14,16.17,37.62,62.84,17.07,0.0,33.23,2157.7,4,0.38,241.8,351.1,20.25,32.1,0
1.73,7.24,17.27,51.27,30.73,0.0,42.61,2122.8,3,0.64,594.6,319.6,0.66,33.3,0
2.8,20.93,33.3,43.51,35.18,0.0,42.59,1528.5,2,1.2,130.0,189.2,8.57,47.6,0
2.14,11.2,28.43,57.89,42.98,6.94,32.34,2391.0,4,1.24,449.4,11.7,17.45,64.0,1
1.19,12.73,29.91,24.74,15.13,0.0,28.68,520.8,3,0.05,29.8,68.9,22.04,13.5,0
11.55,95.32,252.09,190.33,88.0,48.0,27.02,1305.1,4,5.17,212.1,238.5,2.05,94.0,1
4.56,21.55,43.72,69.15,20.43,0.0,34.84,1927.8,3,1.41,22.2,51.4,0.23,56.9,1
2.78,16.37,43.4,61.56,42.69,2.17,37.16,596.2,5,0.04,87.1,176.1,1.76,56.1,0
13.2,55.51,145.01,120.59,63.53,33.6,48.52,2342.8,3,2.18,130.9,140.9,11.45,98.9,1
4.42,28.91,58.22,71.85,30.59,0.0,37.05,1043.5,4,0.13,129.5,54.9,0.14,51.0,0
11.96,52.48,101.47,111.77,53.09,21.37,41.22,1035.3,5,2.3,133.4,490.2,15.06,95.5,1
0.94,5.98,16.19,41.01,21.22,0.0,29.37,747.7,5,2.18,46.4,53.4,32.62,59.5,0
6.54,26.52,63.69,82.39,39.64,4.01,36.35,904.8,3,7.55,436.7,405.3,1.61,100.0,1
1.2,4.95,13.37,57.83,24.98,0.0,37.19,1512.9,2,0.75,0.8,140.1,15.62,60.2,1
1.95,14.35,36.11,60.22,40.58,6.49,34.81,1201.6,5,0.28,116.4,17.3,0.51,59.7,1
20.09,87.11,196.27,158.38,85.85,48.0,35.81,706.1,5,0.17,241.3,322.8,0.08,100.0,1
1.82,8.12,12.69,14.93,19.97,0.0,37.07,1999.2,2,0.13,266.1,282.1,0.35,6.3,0
3.96,34.17,61.78,62.01,43.65,9.98,40.09,430.7,3,2.99,152.8,320.0,0.09,86.2,1
5.87,31.52,86.87,86.91,46.45,3.87,45.94,2052.8,3,2.28,102.6,183.0,3.89,83.8,1
1.71,18.55,34.27,63.15,21.12,0.0,16.74,877.4,1,6.71,73.4,223.8,1.67,63.4,1
18.16,81.71,125.06,106.01,50.84,25.49,45.47,1341.4,2,0.67,71.6,427.6,6.83,99.7,1
0.67,6.12,14.63,57.71,38.11,2.91,21.46,1100.2,3,2.93,66.4,24.6,3.66,42.7,0
4.54,49.37,119.84,95.13,55.7,24.23,38.62,1498.3,5,0.18,144.4,15.6,4.66,92.8,1
18.36,124.02,223.2,183.59,88.0,48.0,56.02,1971.6,1,4.22,157.7,24.1,0.63,100.0,1
7.3,41.0,74.49,72.27,39.58,5.48,35.64,2377.6,5,0.1,86.8,367.3,5.06,85.8,1
25.03,111.06,228.38,175.32,80.71,47.57,37.53,942.7,4,2.79,162.0,149.0,0.14,96.4,1
3.38,13.77,19.7,53.91,25.68,0.0,33.36,1463.0,4,0.66,90.2,34.9,19.21,41.0,0
4.34,28.05,70.27,64.0,38.08,1.12,41.67,1278.6,3,0.36,12.3,27.5,30.88,78.9,1
1.62,17.95,33.09,30.87,20.31,0.0,39.08,2397.7,3,2.19,229.0,106.1,10.63,37.3,0
9.65,46.53,120.77,106.91,47.8,14.37,30.25,1998.7,3,4.07,245.3,304.4,15.55,99.0,1
27.12,154.03,388.73,281.47,88.0,48.0,35.03,1133.9,5,2.6,37.2,294.4,0.43,97.9,1
2.52,16.13,37.51,65.25,28.22,0.0,26.49,1301.4,3,0.68,185.3,343.0,23.3,38.5,0
5.23,39.45,73.17,96.13,40.64,6.48,34.99,816.5,1,0.79,85.9,263.7,11.58,70.2,1
2.93,17.73,37.63,31.95,31.95,0.0,32.44,1886.0,2,0.38,15.9,11.4,4.34,37.7,0
4.6,33.43,67.61,75.57,40.81,5.43,37.16,2074.9,3,3.13,60.9,229.2,3.85,84.8,1
6.39,30.61,57.37,72.95,42.94,10.29,29.97,2326.5,5,0.2,9.6,131.7,3.82,92.2,1
23.1,133.95,346.59,274.64,88.0,48.0,34.18,1488.2,3,4.2,185.3,233.3,0.0,97.7,1
9.05,39.51,82.06,100.76,46.4,13.64,36.07,1708.4,4,1.65,26.2,119.2,1.09,96.7,1
4.76,27.59,70.8,83.08,44.35,9.18,36.67,1236.7,1,1.6,21.6,118.9,28.44,90.1,1
0.99,8.21,12.71,36.74,29.47,0.0,38.33,1579.2,4,3.27,28.1,24.3,27.42,73.6,1
2.8,12.47,19.92,25.22,17.1,0.0,34.52,1032.4,3,1.98,30.8,424.1,5.76,33.4,0
2.97,17.0,47.06,52.88,34.71,0.0,29.31,1849.1,5,0.65,134.5,84.5,27.64,59.5,0
2.31,20.07,44.61,60.33,42.79,5.63,36.7,347.7,3,0.77,122.1,157.2,10.5,60.4,1
14.56,78.3,165.51,145.21,65.75,36.38,34.48,359.8,4,0.34,16.6,41.8,8.47,98.1,1
4.89,34.75,74.11,81.76,43.65,7.86,44.71,1803.9,3,1.12,154.7,82.8,0.8,83.3,1
7.96,35.63,60.62,76.54,41.65,5.86,45.78,2254.4,2,0.21,51.5,368.0,20.99,76.8,1
1.02,6.53,15.7,34.52,18.24,0.0,24.34,1627.7,2,1.91,73.4,42.3,0.04,10.4,0
16.86,82.84,125.81,119.52,66.23,31.96,41.25,1825.7,1,0.33,16.0,41.5,6.0,99.1,1
4.87,50.65,111.57,83.99,54.24,24.04,42.95,2030.3,3,3.59,148.0,54.3,4.05,99.4,1
1.97,13.4,29.46,31.46,31.36,0.0,24.56,1059.5,3,2.17,56.6,153.9,4.35,40.8,0
10.72,43.37,116.23,87.87,42.57,5.05,40.93,527.0,2,4.0,120.0,132.4,0.39,90.5,1
6.64,30.53,65.22,87.49,43.03,9.57,43.62,2259.5,3,0.16,66.9,34.7,0.51,80.6,0
1.1,10.29,16.38,19.07,27.63,0.0,27.93,2271.0,3,2.88,6.0,212.0,17.69,62.3,1
4.41,34.63,76.25,90.63,51.1,17.58,33.99,1227.9,3,3.83,145.9,428.6,0.03,96.0,1
4.23,31.11,47.54,46.41,31.44,0.0,37.58,756.1,2,0.08,96.5,39.9,0.89,40.1,0
3.87,20.29,34.2,48.31,23.65,0.0,40.85,2173.9,3,12.58,68.4,201.2,28.38,100.0,1
22.79,109.22,157.66,148.7,60.05,27.64,27.6,1787.7,3,0.64,27.0,158.9,11.06,99.6,1
15.3,73.75,156.25,132.93,60.72,25.08,45.83,317.3,2,0.43,117.5,71.8,0.26,96.4,1
6.75,40.5,61.49,54.42,30.5,0.0,18.75,526.2,3,0.96,38.6,173.1,0.06,42.2,0
7.35,33.76,69.44,62.92,47.18,9.07,47.25,2364.7,2,0.02,67.3,42.4,0.05,77.3,1
3.44,22.28,60.28,85.6,44.85,4.94,40.68,380.1,5,3.91,7.0,323.2,23.59,99.7,1
5.09,50.34,121.19,103.0,52.76,22.58,30.71,893.4,5,0.56,179.9,4.0,0.04,91.1,1
7.26,41.26,62.23,71.86,35.07,8.63,43.35,1451.8,4,1.33,11.3,150.7,0.36,96.3,1
3.97,16.4,28.11,43.97,16.98,0.0,27.09,687.1,3,1.76,265.8,69.1,6.06,19.9,0
7.08,32.95,77.21,72.21,45.79,6.59,36.98,787.3,3,2.82,242.6,383.7,1.23,88.3,1
12.06,67.63,179.38,131.65,80.15,48.0,38.03,1041.2,3,0.52,425.2,124.5,0.63,94.3,1
6.31,33.2,48.0,67.08,29.62,0.0,38.01,866.1,3,2.27,286.9,292.0,4.23,65.3,1
0.91,3.83,9.73,43.64,22.02,0.0,28.86,1987.0,2,0.23,426.6,463.4,17.93,13.7,0
9.63,63.02,137.8,106.94,61.19,27.63,31.78,1350.6,2,2.19,261.9,73.3,33.74,97.0,1
1.14,8.38,18.15,52.3,35.43,3.14,37.08,885.1,2,4.53,14.3,382.2,0.02,80.3,1
4.41,17.94,49.16,75.41,34.96,1.15,29.82,957.5,4,0.16,69.1,233.2,32.9,63.1,0
1.96,8.62,21.09,60.14,27.08,0.0,38.31,383.7,4,0.22,9.5,20.6,38.72,72.8,1
2.26,16.77,43.44,40.49,33.24,0.0,30.78,403.7,3,1.47,94.6,19.8,4.78,41.5,0
8.73,54.95,104.17,86.39,40.62,11.77,44.5,1807.6,2,0.09,90.5,306.0,11.7,91.9,1
4.84,32.13,69.92,89.16,30.9,0.0,49.28,537.1,1,0.37,306.4,113.7,6.25,46.3,0
1.83,17.37,39.29,39.47,26.15,0.0,33.47,1299.2,3,0.38,419.6,123.0,32.68,38.1,0
18.14,74.7,138.21,94.99,64.78,28.15,43.82,2069.0,2,1.18,36.1,399.4,2.9,97.3,1
12.14,81.64,179.48,160.85,68.24,37.96,34.2,1073.8,3,0.51,104.8,421.4,6.73,100.0,1
17.0,74.3,128.64,103.31,52.84,23.53,28.04,1026.1,2,1.16,74.9,21.5,8.6,94.9,1
2.04,18.16,29.07,42.55,24.86,0.0,32.38,2133.4,4,1.33,95.0,84.2,2.1,37.0,0
5.29,30.56,58.79,63.3,35.64,3.97,36.73,2116.2,3,2.36,91.0,406.1,36.29,85.4,1
13.06,155.32,378.2,289.0,88.0,48.0,20.81,2148.3,5,5.25,294.6,308.5,7.1,100.0,1
13.19,62.82,168.53,129.75,66.28,33.98,41.32,1501.0,4,1.26,271.7,229.8,10.38,97.9,1
1.07,6.0,12.24,53.11,18.71,0.0,36.73,2299.8,2,0.79,15.7,19.4,23.8,42.0,0
2.58,13.84,31.82,53.45,29.06,0.0,44.5,2019.8,4,0.54,50.8,174.7,3.41,54.3,0
2.51,28.31,43.72,57.15,42.77,6.79,41.17,1172.8,2,1.81,167.7,156.9,7.04,70.7,1
10.57,91.24,243.27,177.78,85.1,48.0,37.02,1622.1,3,5.15,138.2,32.9,6.23,100.0,1
3.41,36.8,80.82,68.5,35.54,2.24,32.98,555.8,1,2.6,119.7,267.6,10.27,66.3,1
3.15,24.38,60.77,72.59,34.01,2.34,48.94,1457.8,1,0.42,610.2,67.3,0.74,40.9,0
2.56,13.71,34.45,47.5,30.42,0.0,54.44,852.6,3,4.03,49.3,174.5,13.69,86.1,1
8.23,46.71,82.16,99.38,47.13,9.52,33.12,895.4,2,2.39,86.9,80.8,18.2,97.3,1
11.98,65.08,139.32,117.68,65.05,34.01,44.86,564.0,3,0.25,464.5,15.9,24.84,98.1,1
3.13,18.04,49.52,60.22,27.59,0.0,29.99,1052.2,3,2.25,142.7,133.9,9.04,48.7,0
6.78,53.67,81.87,76.97,37.22,5.23,31.0,1310.9,4,0.61,125.5,65.9,0.03,78.6,1
15.88,130.66,307.88,240.64,88.0,48.0,32.72,1560.7,3,1.22,20.2,13.3,1.3,100.0,1
1.89,18.31,50.31,56.82,38.19,2.69,41.82,940.2,3,0.64,34.0,39.8,11.19,57.2,1
6.25,27.84,50.69,50.07,26.63,0.0,26.86,1963.7,4,0.16,56.9,173.6,11.67,43.5,0
3.18,17.2,44.82,72.92,28.9,0.0,49.17,1394.0,2,2.63,75.0,19.2,6.84,70.0,1
7.15,63.99,173.23,144.45,64.95,33.06,43.97,1639.9,4,3.18,82.5,16.5,9.14,100.0,1
4.7,42.7,104.43,99.5,54.89,17.57,41.62,884.1,4,0.48,278.9,518.9,4.57,95.4,1
8.2,35.89,61.87,72.7,40.49,8.73,33.5,2009.7,5,0.49,13.6,20.5,0.01,88.4,1
12.28,59.52,111.15,109.6,56.55,26.91,43.05,1611.0,3,1.01,34.3,84.9,2.38,100.0,1
5.95,30.99,44.94,48.3,40.62,8.6,14.0,2110.9,3,3.0,18.6,25.8,0.19,76.2,0
12.9,86.45,221.67,150.61,80.23,48.0,39.75,635.9,4,0.14,159.5,504.2,5.57,98.7,1
3.7,29.67,76.84,91.42,34.39,0.0,37.36,1099.4,1,2.98,423.1,118.1,0.03,67.1,0
5.03,20.4,46.64,41.11,25.97,0.0,19.97,537.3,1,4.61,269.3,21.2,1.12,35.4,0
10.96,50.86,96.31,100.09,35.94,5.14,39.45,752.6,3,1.48,154.2,263.6,19.83,91.4,1
7.76,59.1,89.09,66.61,42.19,10.55,41.02,1128.5,4,0.11,2.6,273.2,2.92,100.0,1
3.21,14.34,35.19,44.76,27.55,0.0,20.24,2178.6,2,0.57,51.1,416.6,0.63,11.9,0
14.33,68.54,165.67,115.52,71.11,31.59,25.91,1469.8,3,0.21,239.1,220.1,32.19,99.4,1
11.29,86.48,231.56,179.02,84.94,48.0,53.55,993.8,2,0.54,127.0,10.1,18.46,100.0,1
3.75,24.57,59.53,73.08,33.73,0.0,34.42,1868.5,4,3.01,28.2,143.9,0.69,75.2,1
16.73,149.94,383.87,262.23,88.0,48.0,44.29,341.3,3,0.1,75.4,87.2,26.52,91.5,1
1.59,16.11,39.39,47.32,24.79,0.0,45.58,1077.2,2,0.6,11.0,248.5,14.11,54.4,0
4.4,21.67,49.48,79.02,40.01,2.66,39.35,1561.7,2,1.31,88.3,160.9,12.35,71.2,1
1.66,13.25,26.46,42.11,22.69,0.0,44.65,1524.8,2,3.73,277.6,232.5,1.6,54.2,0
17.86,81.42,216.81,182.04,73.87,40.34,18.04,1575.9,2,0.52,4.7,35.8,7.64,100.0,1
11.2,44.93,103.85,114.23,53.99,21.95,34.04,744.2,3,2.71,114.2,103.4,26.55,100.0,1
1.8,19.4,37.97,73.53,34.08,0.0,14.0,1007.9,5,1.58,31.8,101.8,3.34,58.3,1
5.19,32.38,49.12,77.35,23.41,0.0,21.16,2256.3,4,2.03,557.3,713.2,0.42,52.6,0
7.45,34.42,62.2,59.71,42.55,8.0,31.36,2345.3,4,3.56,8.1,3.5,2.95,95.1,1
2.88,13.44,29.04,67.19,23.68,0.0,30.34,955.3,5,0.05,115.3,304.7,3.43,33.3,0
17.47,83.5,149.12,138.49,59.51,24.75,36.35,1653.5,3,1.36,35.5,18.4,3.56,100.0,1
9.83,70.58,120.67,121.11,54.91,20.61,35.82,806.7,2,2.48,256.9,15.1,0.89,98.1,1
4.16,26.46,56.59,42.47,39.36,0.41,37.14,1073.9,5,3.89,15.6,71.6,0.07,93.8,1
23.1,127.54,208.88,183.71,81.16,48.0,37.49,1963.9,4,0.26,67.3,217.2,0.14,100.0,1
7.89,32.12,80.97,92.64,42.37,3.71,38.83,1352.5,5,0.75,24.6,204.2,1.39,89.2,1
20.5,151.12,314.05,243.69,88.0,48.0,27.85,2084.1,4,0.15,192.8,177.9,2.51,100.0,1
10.85,45.81,100.95,74.28,50.74,20.62,29.84,1620.4,4,3.24,52.0,268.1,2.89,96.1,1
4.57,36.3,58.31,53.37,35.62,0.0,35.69,1620.7,4,3.51,24.8,47.6,33.49,94.8,1
2.61,10.52,19.51,60.99,36.3,0.0,35.82,371.1,4,1.19,155.3,180.8,1.33,51.8,0
15.45,79.64,157.23,129.73,67.54,34.27,26.8,1874.3,3,0.04,203.9,182.9,4.19,99.8,1
5.35,33.7,85.3,78.35,38.34,0.27,45.19,2353.5,3,0.19,74.5,191.2,4.14,71.2,1
1.92,10.44,25.86,59.61,24.38,0.0,42.16,1293.4,4,1.76,57.1,162.5,29.04,68.7,0
0.93,7.36,12.6,17.12,23.82,0.0,28.69,633.0,4,7.29,120.0,45.1,0.03,76.5,1
4.91,38.78,87.76,80.8,52.37,14.99,34.23,2351.7,3,3.29,126.5,442.2,22.47,100.0,1
2.85,28.67,49.9,54.34,42.44,2.92,53.08,909.3,3,2.88,129.7,671.4,16.39,91.2,1
5.15,51.77,144.1,114.41,57.97,24.38,37.36,1159.3,3,0.97,38.7,210.3,10.42,96.9,1
12.3,88.41,241.64,175.91,82.06,48.0,39.36,462.5,1,7.59,340.2,105.7,12.02,95.8,1
3.33,15.9,34.8,37.07,23.37,0.0,30.82,532.8,2,3.14,28.8,138.7,17.21,52.3,0
10.16,55.42,131.8,98.45,58.42,16.61,33.34,754.8,2,0.74,56.2,20.6,3.74,91.6,1
1.69,17.3,43.63,62.18,46.04,4.38,48.85,1451.8,4,2.48,40.0,81.3,5.0,92.0,1
15.8,70.26,169.27,156.4,70.63,36.72,36.96,1471.4,3,1.02,321.1,672.4,13.19,93.0,1
13.49,74.02,176.16,142.4,59.76,27.17,35.4,1573.1,3,1.94,211.5,142.8,15.47,99.0,1
7.11,29.23,80.14,70.5,38.08,1.77,36.06,1526.0,4,6.32,200.1,148.0,1.07,93.0,1
10.66,54.98,122.87,92.03,50.66,14.36,57.64,1340.0,2,0.51,0.6,554.2,1.75,100.0,1
1.89,17.18,39.36,67.94,26.09,0.0,36.34,1984.4,2,2.85,139.0,391.4,4.44,52.9,0
5.83,36.3,93.98,109.81,43.99,14.86,28.94,2261.2,5,1.61,31.4,151.4,1.57,93.0,1
13.53,71.14,166.31,128.81,68.78,35.22,30.43,866.5,4,5.39,412.1,56.4,5.96,98.4,1
2.78,32.83,79.64,69.86,46.39,12.28,42.64,573.4,2,0.26,90.8,22.4,0.0,77.7,1
1.55,18.79,32.46,53.17,35.64,0.0,23.86,1192.7,4,2.29,99.8,358.7,10.21,55.8,1
3.11,30.5,58.56,77.95,39.54,4.32,39.83,355.5,4,0.07,52.9,454.8,0.51,67.2,1
8.71,70.93,113.92,99.54,40.17,10.6,29.85,2155.0,4,0.51,92.3,122.7,4.18,93.3,1
3.95,25.84,54.47,68.76,28.91,0.0,20.2,803.4,2,0.7,166.2,17.9,9.01,20.2,0
1.34,8.24,16.79,48.16,23.75,0.0,27.67,1453.5,3,1.02,99.0,167.8,0.0,19.3,0
6.0,58.01,162.18,153.65,66.3,32.21,36.23,541.7,4,6.05,123.0,82.4,0.72,100.0,1
14.5,74.55,168.17,121.74,72.26,39.16,47.86,1461.8,3,0.13,76.7,30.9,2.83,99.6,1
1.41,7.77,19.43,62.51,25.7,0.0,43.76,381.9,1,0.33,151.2,452.7,7.96,22.3,0
2.85,21.94,40.98,49.28,31.78,0.0,33.5,1914.5,2,0.41,275.8,49.3,0.74,21.3,0
1.08,13.13,33.68,59.43,30.86,0.0,44.26,2306.4,3,0.99,6.3,223.5,0.01,70.1,0
2.04,21.89,49.5,62.94,32.33,0.16,32.97,944.6,3,0.11,13.6,101.0,9.97,56.7,0
3.76,25.66,60.97,66.53,37.59,4.1,23.53,842.3,1,6.06,138.9,316.8,22.08,86.8,1
6.06,57.07,103.42,103.64,55.71,23.99,36.18,1240.8,4,1.48,56.9,217.2,7.65,97.9,1
6.89,47.81,103.65,90.18,48.52,21.16,23.2,1601.9,3,3.02,39.7,23.7,24.27,98.9,1
7.49,40.12,91.77,70.32,45.51,16.84,42.73,696.8,3,2.67,23.6,107.5,4.43,96.5,1
4.26,24.64,54.83,62.64,35.15,1.64,42.85,1986.9,4,1.95,102.0,54.1,35.67,86.7,1
8.94,74.95,200.96,159.11,84.05,48.0,28.52,716.9,3,4.23,51.2,225.1,11.95,97.9,1
4.57,32.97,87.63,71.04,37.89,6.4,37.24,311.5,4,4.19,85.1,141.6,9.87,92.7,1
25.11,136.17,375.74,291.33,88.0,48.0,37.16,1400.9,1,0.25,382.0,74.8,16.68,98.9,1
10.88,48.09,112.26,88.2,44.37,9.22,43.41,541.8,1,4.18,170.4,71.9,5.24,93.0,1
2.41,11.6,32.02,44.23,25.04,0.0,25.42,1766.3,3,1.34,190.7,21.9,5.38,26.0,0
7.56,43.4,111.34,84.35,55.64,17.24,41.1,651.7,5,0.56,15.9,43.3,0.03,92.6,1
2.46,17.39,30.94,49.22,34.84,0.0,24.81,2016.5,2,1.69,47.2,225.0,0.9,36.5,0
6.79,47.82,95.57,80.97,38.34,6.23,42.61,1287.8,4,0.59,13.5,169.4,0.06,98.2,1
3.63,15.83,27.44,44.86,21.13,0.0,45.03,1489.2,2,1.17,415.0,79.1,1.96,26.9,0
1.08,12.4,17.44,26.44,26.55,0.0,30.31,691.8,3,3.05,137.6,325.5,15.88,42.8,0
19.59,79.01,131.41,92.84,70.86,42.0,46.36,608.0,1,0.06,2.3,119.2,0.61,96.3,1
2.02,10.47,14.72,49.63,31.6,0.0,22.62,1625.7,4,0.36,77.4,284.8,16.67,34.0,0
13.83,70.64,170.08,144.4,66.14,33.07,45.35,836.5,3,5.65,36.7,273.5,0.31,100.0,1
2.28,26.34,52.56,54.5,20.2,0.0,48.23,1110.4,2,1.06,93.2,339.1,10.93,47.2,0
8.71,47.6,87.46,63.99,44.98,12.75,38.94,1306.8,4,0.65,23.6,341.2,0.24,88.7,1
7.25,44.62,110.05,115.49,52.99,16.74,34.34,782.2,2,4.62,7.0,204.6,15.04,98.2,1
3.2,32.68,83.84,67.14,41.18,6.95,38.66,1970.4,2,4.36,46.8,249.1,0.05,92.9,1
2.07,16.25,44.95,76.1,27.48,0.0,30.87,2272.8,2,0.08,42.0,270.0,11.98,35.9,0
3.36,14.51,33.36,48.22,30.3,0.0,58.0,1207.0,5,0.81,151.5,33.4,27.61,79.1,0
2.24,12.88,26.36,37.45,21.73,0.0,31.01,2226.9,2,4.39,77.2,64.3,1.94,47.3,0
3.64,24.25,44.31,67.18,43.64,8.14,47.2,2153.6,5,0.36,41.3,19.8,24.43,91.8,1
3.74,40.48,69.28,89.49,48.5,13.78,29.7,648.7,2,1.55,101.4,37.8,1.26,83.2,1
22.42,111.33,189.04,144.56,76.88,47.64,49.57,664.1,1,0.7,8.9,271.1,10.19,99.4,1
16.08,80.62,159.06,126.72,65.07,35.48,53.1,1302.6,4,2.4,130.3,529.1,8.5,96.5,1
10.43,56.54,157.67,126.98,60.19,26.78,39.28,1404.3,3,0.31,19.1,201.6,23.73,100.0,1
10.32,61.89,86.73,102.88,44.16,11.95,38.44,1016.4,3,1.63,39.4,391.0,33.5,96.9,1
7.28,47.35,79.37,87.75,52.06,14.25,27.87,957.1,3,0.0,39.8,68.9,3.5,86.7,1
3.43,18.95,31.53,36.64,34.04,0.0,26.86,1205.9,2,0.52,75.2,336.5,1.72,15.6,0
10.83,90.5,217.56,154.74,82.14,44.99,38.53,1750.0,3,0.32,367.3,74.5,0.14,97.5,1
11.15,46.45,87.96,72.54,50.17,16.04,48.39,477.2,3,0.42,47.1,404.3,6.65,94.9,1
5.66,31.42,64.09,58.52,41.22,3.16,31.34,1792.2,1,3.54,39.6,287.9,0.93,69.6,0
2.17,16.31,26.23,32.4,29.72,0.0,54.77,2245.1,5,4.43,22.2,739.9,19.06,98.2,1
4.52,28.86,56.78,71.54,41.78,5.46,30.81,1903.4,3,2.53,59.7,316.1,0.11,75.6,1
5.11,23.56,36.38,33.87,33.29,0.96,37.95,702.5,2,1.61,24.1,91.4,9.88,58.6,1
8.76,81.47,174.85,136.08,74.11,44.0,37.97,483.7,3,0.47,17.8,21.0,5.97,100.0,1
5.41,41.67,64.06,74.77,38.9,5.16,35.14,1329.8,4,0.58,233.7,373.3,9.08,72.5,1
6.05,30.96,77.62,68.54,40.21,8.62,18.63,2308.5,3,0.67,6.5,152.4,5.31,73.3,1
18.34,137.26,301.05,203.62,88.0,48.0,30.74,2020.0,3,2.7,148.9,351.5,2.99,99.7,1
1.32,6.14,14.82,18.31,20.15,0.0,37.7,1481.7,5,0.52,27.2,88.1,4.89,37.7,0
2.76,27.0,53.61,45.52,25.38,0.0,35.18,600.3,4,6.53,1.4,5.3,26.05,90.4,1
0.67,3.19,6.17,46.63,16.26,0.0,41.41,1799.1,4,2.87,190.3,9.7,0.57,43.4,0
5.6,61.14,94.01,95.71,40.68,7.07,42.43,2007.3,2,14.71,145.4,199.8,12.26,96.7,1
7.42,90.32,192.69,133.15,70.91,38.51,33.96,2263.6,4,1.11,48.8,21.9,0.0,99.3,1
3.56,15.29,32.42,43.67,38.45,2.81,27.82,1585.4,3,1.6,9.9,246.3,7.54,65.5,1
13.32,74.5,153.13,117.07,61.93,31.71,49.16,1380.4,5,0.59,53.7,97.9,32.52,100.0,1
2.49,17.84,43.48,59.27,33.63,0.0,24.48,1600.3,2,1.67,24.0,149.1,8.78,44.8,0
11.54,96.5,247.57,189.45,88.0,48.0,30.94,2280.8,2,6.56,323.5,290.8,11.32,100.0,1
10.34,55.92,137.08,115.75,67.91,29.32,28.78,1619.1,1,0.06,90.5,52.5,0.99,98.0,1
9.95,59.76,95.7,81.36,43.34,12.39,42.34,840.9,3,0.61,398.4,95.9,2.47,89.6,1
1.15,4.64,10.55,18.06,21.62,0.0,47.19,1635.9,2,0.59,51.9,235.4,0.22,17.2,0
30.36,122.85,185.8,159.18,71.39,45.12,34.52,2147.5,4,7.27,97.6,451.1,3.68,100.0,1
8.95,47.61,112.95,118.01,58.45,27.26,37.95,1490.7,5,0.26,25.3,61.7,0.47,99.1,1
3.4,21.9,42.36,75.02,39.93,3.32,39.64,1355.7,4,3.01,198.3,175.5,14.28,89.3,1
11.51,70.38,111.59,80.17,54.09,22.53,51.33,1840.1,2,0.58,5.0,543.7,35.49,99.9,1
4.37,22.29,58.11,76.07,43.67,8.47,20.92,1688.1,3,3.55,142.7,188.4,16.42,74.6,1
8.39,86.22,194.83,164.33,75.62,46.87,42.33,419.0,5,1.2,59.6,401.9,5.78,97.8,1
2.43,17.86,33.88,69.64,28.45,0.0,39.2,1823.2,2,0.5,103.6,505.6,13.85,40.8,0
5.27,56.76,81.91,69.62,50.01,13.67,32.85,1155.9,3,2.23,107.7,477.0,1.51,88.4,1
2.86,30.9,66.51,81.63,41.55,5.01,38.77,2275.9,3,3.32,148.9,255.7,12.89,92.8,1
0.63,5.53,14.88,17.13,19.75,0.0,42.3,2338.7,5,1.14,27.4,144.6,0.52,41.8,0
2.31,14.23,31.8,54.07,34.89,0.0,40.96,1242.4,2,2.25,91.0,18.3,5.31,48.8,0
2.96,13.86,38.27,45.66,29.46,0.0,54.35,2334.5,1,0.36,66.8,45.3,3.68,33.4,0
5.97,36.72,58.42,77.58,34.37,2.58,37.08,952.7,4,4.99,39.8,53.2,14.18,95.0,1
3.49,25.44,55.85,80.15,41.0,7.59,36.23,1733.6,3,0.18,82.2,6.1,9.87,70.5,1
3.16,33.58,84.53,76.36,43.13,8.21,34.46,457.6,4,0.45,364.4,19.3,12.85,81.0,1
4.61,26.56,56.72,65.52,38.22,5.96,40.7,604.5,2,0.61,356.8,62.9,37.54,66.4,1
2.37,18.83,28.76,28.98,32.03,0.0,35.73,2115.5,3,0.3,39.2,17.1,4.45,36.8,0
8.81,47.72,105.75,92.5,44.91,9.03,36.11,2176.9,3,0.94,258.7,33.4,29.14,88.2,1
2.06,8.36,18.87,33.5,27.59,0.0,36.15,1418.5,3,1.1,251.2,10.1,0.85,23.5,0
8.14,82.31,199.21,142.72,83.87,48.0,34.86,1013.5,4,1.32,34.5,97.0,11.69,94.3,1
8.72,75.09,185.15,165.6,66.1,29.66,30.83,1247.2,5,0.07,109.6,310.0,0.62,100.0,1
7.0,43.65,108.21,82.0,53.0,13.63,39.55,2126.2,4,0.45,244.8,301.1,36.36,97.5,1
9.44,38.58,89.85,92.01,40.18,3.51,33.58,743.1,4,2.97,86.8,423.5,29.26,96.4,1
18.42,87.19,148.41,141.53,67.68,36.62,41.22,919.2,3,3.0,55.4,246.4,8.83,100.0,1
4.7,20.21,39.72,71.86,37.19,2.05,36.94,1949.4,1,0.72,126.2,50.5,42.19,58.3,0
1.75,12.81,31.85,61.4,26.79,0.0,32.71,2264.1,4,1.11,22.7,218.2,12.45,59.9,0
4.0,16.09,44.01,41.53,45.58,8.31,49.3,495.1,2,0.36,21.2,252.3,0.05,68.4,0
6.6,67.69,102.24,108.24,55.27,21.82,35.13,1987.9,2,3.11,214.5,141.0,23.57,100.0,1
1.32,14.82,31.86,38.15,33.16,0.08,41.29,1654.6,4,5.65,5.1,296.1,0.7,99.8,1
7.3,32.39,59.52,85.2,40.57,13.0,30.05,784.6,4,0.62,195.3,13.3,1.18,75.4,1
46.73,196.63,337.32,256.17,88.0,48.0,18.78,1887.2,3,2.74,41.2,162.6,0.07,100.0,1
6.87,72.02,151.83,139.03,56.54,26.3,31.18,1828.6,4,0.78,79.2,117.7,0.0,100.0,1
2.63,26.5,59.59,47.56,37.85,3.34,17.83,598.3,5,0.0,94.1,294.5,1.61,46.1,0
1.06,12.33,17.43,42.55,27.18,0.0,33.99,1354.7,3,1.65,174.8,24.6,18.74,35.8,0
7.36,75.24,187.53,163.85,70.11,38.84,48.48,1892.4,4,0.95,258.4,43.0,0.09,95.3,1
3.98,34.42,87.71,100.78,47.35,12.85,28.31,702.2,2,2.56,195.7,147.2,13.42,92.8,1
4.03,16.46,45.29,35.73,40.07,1.12,18.1,1271.8,5,2.49,101.9,529.4,0.0,45.7,0
3.15,16.25,26.86,64.72,24.99,0.0,48.75,553.6,2,5.25,51.3,15.6,0.28,82.7,1
20.78,97.85,218.43,148.93,80.84,48.0,31.96,944.4,4,1.04,89.7,244.8,6.38,100.0,1
9.05,42.7,85.28,88.08,38.95,4.36,35.87,757.7,5,1.19,3.7,41.4,1.99,98.6,1
12.9,75.43,140.96,127.83,48.75,26.08,42.7,1360.6,4,0.92,33.7,20.1,3.76,100.0,1
16.97,78.72,172.55,121.99,72.99,39.5,40.45,596.6,4,0.63,54.7,90.4,7.22,100.0,1
6.88,37.97,94.74,68.74,46.37,11.88,42.38,1104.6,3,1.83,46.2,157.5,10.62,89.0,1
3.51,26.26,37.61,64.77,30.82,0.0,43.65,877.8,5,3.17,12.0,315.8,8.59,92.3,1
3.57,20.36,56.13,58.8,29.8,0.0,21.16,1866.7,4,0.31,6.3,181.3,5.06,57.9,0
4.12,24.15,61.18,49.59,36.02,1.58,23.98,1769.3,3,7.22,65.5,121.8,29.1,93.7,1
5.86,26.62,65.27,81.75,44.86,5.59,45.95,499.4,1,2.07,9.3,60.6,30.72,91.4,1
13.8,55.88,137.71,132.73,58.57,25.95,29.36,2302.3,3,2.73,40.5,62.3,1.39,100.0,1
5.26,35.1,68.25,75.79,39.28,0.0,30.28,1863.8,4,12.19,77.3,265.0,12.32,97.3,1
18.48,88.12,216.08,152.71,81.75,44.81,25.27,1593.5,4,1.26,28.3,21.8,4.01,98.6,1
1.99,20.51,39.82,31.57,23.73,0.0,32.56,1303.2,4,0.13,9.9,28.5,0.85,45.6,0
9.5,44.78,119.05,113.92,57.08,17.47,33.03,673.6,2,2.81,67.9,229.0,10.1,97.1,1
5.17,36.11,59.52,68.44,29.13,0.0,28.03,2320.2,3,3.68,71.4,584.1,13.82,82.3,1
2.97,34.22,61.92,74.53,31.7,0.0,27.05,316.5,3,0.32,296.7,23.1,3.73,41.9,0
6.84,48.24,104.77,109.7,43.04,15.04,38.71,1754.2,4,0.04,16.4,169.2,0.13,92.2,1
3.08,16.76,30.95,44.66,27.62,0.0,29.13,1365.6,3,0.26,114.5,49.2,4.8,22.0,0
3.05,30.46,60.74,50.08,34.89,0.0,30.85,2195.4,4,0.7,46.2,4.7,0.98,54.9,0
2.05,8.66,18.1,59.06,25.06,0.0,17.42,1099.5,3,4.65,15.8,321.4,0.62,57.6,1
2.93,31.45,81.72,82.66,37.45,1.73,52.47,1389.2,3,0.0,59.9,127.9,0.53,77.3,1
7.86,33.03,70.44,78.47,45.76,8.54,44.01,1858.9,4,2.93,67.0,4.4,2.67,100.0,1
7.47,37.32,71.18,93.27,44.94,8.35,31.79,399.9,3,3.47,54.2,406.5,6.53,98.2,1
15.19,111.68,195.08,173.72,73.58,48.0,28.36,414.4,2,3.0,174.2,138.1,1.99,100.0,1
6.63,45.25,89.24,88.75,42.12,4.99,36.09,744.5,4,0.15,219.3,240.5,19.68,80.0,1
10.74,52.16,110.68,90.33,47.51,13.9,35.86,607.5,2,2.05,19.3,99.1,7.43,95.8,1
4.76,26.12,63.85,91.37,36.02,1.55,25.15,313.5,4,5.54,22.1,36.8,1.07,98.2,1
9.04,46.56,73.08,83.14,32.06,0.0,14.32,1608.3,2,0.23,65.6,112.8,18.01,51.0,0
1.7,11.67,19.95,36.35,19.83,0.0,31.53,1971.5,4,0.06,46.3,61.1,2.06,24.2,0
3.07,18.83,36.37,53.83,35.34,0.0,22.71,2309.9,4,3.72,205.5,63.4,7.23,62.3,1
4.1,16.53,31.47,44.17,30.62,0.0,37.46,1225.9,1,1.86,689.8,185.8,6.26,27.5,0
2.85,24.49,47.72,75.99,43.17,6.04,37.51,887.4,5,1.87,24.0,17.8,10.39,93.0,1
1.66,10.97,27.55,44.62,25.92,0.0,27.73,2114.2,1,6.01,172.5,91.1,1.38,43.8,0
1.09,8.4,15.57,52.18,22.19,0.0,31.46,2073.2,1,2.64,112.1,142.4,7.15,23.6,0
3.97,18.9,39.75,68.64,28.68,0.0,50.99,1612.2,4,0.91,124.1,222.7,11.91,63.3,1
27.86,132.74,301.78,238.25,88.0,48.0,42.59,873.6,4,1.03,36.9,180.4,5.53,92.8,1
2.38,18.34,31.64,58.06,24.9,0.0,32.16,2207.9,2,0.28,12.3,391.3,1.97,33.0,0
3.5,37.25,89.63,101.73,46.72,15.82,55.48,674.6,5,0.65,94.0,878.0,9.56,98.1,1
1.66,20.28,43.92,50.97,32.47,2.31,25.83,391.7,4,1.06,114.1,498.8,12.19,44.5,0
6.7,43.86,88.84,67.91,41.82,7.62,29.09,1972.9,2,0.54,395.8,260.0,9.83,63.3,0
1.9,12.7,32.18,63.83,36.52,0.0,35.06,1483.7,4,4.46,135.0,208.5,0.09,78.3,1
2.41,9.71,16.9,38.4,36.11,0.0,22.99,817.6,3,0.02,70.4,6.5,1.24,12.7,0
5.25,32.83,86.56,67.0,51.24,9.45,51.22,1708.9,2,1.59,613.9,137.2,14.6,83.9,1
0.32,2.6,5.69,13.89,24.94,0.0,37.56,1910.1,4,2.66,56.1,196.2,2.0,36.6,0
3.46,14.94,33.66,34.05,34.0,2.28,29.29,2073.5,4,2.37,21.3,95.9,14.52,69.9,1
1.8,11.03,28.96,57.62,39.25,0.51,39.81,892.5,3,1.86,115.5,87.4,32.24,73.4,0
1.57,8.62,21.94,51.25,30.7,0.0,37.24,353.7,4,0.95,37.2,140.8,11.46,44.4,0
0.91,9.46,21.22,27.96,22.43,0.0,33.41,1371.1,4,4.51,306.4,426.8,17.11,65.1,1
3.49,24.07,59.09,81.52,38.9,0.67,25.73,2097.8,2,0.72,67.0,54.4,12.89,51.1,0
14.12,58.72,117.83,94.25,56.75,22.85,23.79,736.4,4,2.5,19.4,91.7,5.75,95.5,1
6.52,36.16,78.34,91.6,35.97,0.0,54.59,1184.4,3,4.7,18.3,190.6,26.43,98.0,1
4.06,29.28,43.53,55.29,30.48,0.0,24.5,838.5,3,0.25,125.9,37.0,0.01,28.7,0
4.75,25.48,38.87,63.19,37.49,3.9,50.43,328.1,5,5.29,54.7,324.2,0.64,96.7,1
22.2,94.57,242.21,179.6,76.88,45.88,28.82,2186.9,4,2.69,54.3,197.4,11.78,98.2,1
3.98,31.41,46.6,50.91,25.55,0.0,42.72,583.6,3,1.73,113.7,78.2,0.69,61.1,1
2.6,15.68,25.68,59.55,26.13,0.0,39.96,1910.2,3,0.84,30.0,230.5,19.75,55.8,1
9.25,38.06,95.69,68.79,48.91,11.47,41.66,1027.9,3,4.22,18.9,59.0,11.53,100.0,1
1.76,16.07,22.52,63.5,18.16,0.0,42.22,883.1,2,0.08,128.5,268.1,6.42,25.2,0
3.09,15.29,27.45,52.01,26.93,0.0,22.3,2276.2,4,1.02,0.6,13.2,12.17,64.2,1
7.25,39.29,87.12,81.09,51.32,17.86,30.25,1680.1,4,2.54,285.5,100.2,35.8,95.2,1
15.73,80.46,179.72,150.08,70.73,38.13,24.37,1742.5,4,3.0,24.2,54.6,11.74,90.8,1
3.96,28.36,70.56,56.39,45.39,9.27,37.61,1895.3,3,0.41,71.3,305.4,5.09,74.9,1
6.38,47.84,100.87,93.7,44.69,11.14,24.75,1016.0,2,0.09,28.5,251.5,4.03,78.9,1
34.11,173.76,367.18,287.99,88.0,48.0,19.16,1483.7,4,2.92,29.5,332.0,1.2,96.9,1
2.31,19.77,47.76,46.63,38.47,0.0,33.98,867.5,3,0.99,216.2,189.8,1.41,35.3,0
1.79,11.83,24.82,53.64,29.17,0.0,17.22,2052.5,1,0.28,105.5,285.5,13.53,14.4,0
3.07,27.39,61.67,64.66,30.16,0.0,38.2,1558.5,5,0.16,44.8,104.0,17.15,70.0,1
2.1,25.82,68.59,78.95,34.4,0.0,25.31,811.2,4,1.84,34.7,204.0,3.29,70.2,1
8.02,32.76,64.28,56.0,47.39,9.73,28.86,2189.5,3,1.57,28.7,5.7,3.93,75.9,1
13.35,87.05,168.81,135.9,61.72,34.04,16.62,1519.8,1,3.46,97.0,382.7,3.66,100.0,1
12.68,51.8,72.77,96.41,45.98,12.4,50.03,1339.6,2,0.06,157.5,207.8,0.0,87.2,1
4.15,40.0,90.36,72.52,42.43,5.97,23.57,372.4,3,3.65,35.1,361.9,34.67,88.7,1
4.23,23.5,33.88,55.66,29.47,0.0,32.91,2210.6,3,3.93,48.5,265.2,25.98,83.7,1
7.05,61.78,130.1,115.47,58.2,27.04,20.77,2299.8,4,1.06,152.9,60.7,9.24,96.7,1
23.89,111.49,281.62,213.48,86.25,48.0,28.9,1481.5,4,0.14,160.4,57.4,1.98,99.7,1
13.53,63.47,137.72,122.2,49.79,16.77,50.89,1229.3,3,5.28,27.9,289.4,10.42,100.0,1
1.1,11.13,19.78,40.46,26.06,0.0,38.53,1055.1,4,0.13,57.8,36.8,0.17,28.8,0
8.99,38.25,95.64,67.93,42.43,7.3,29.85,862.9,4,1.61,244.8,21.1,8.63,79.6,1
1.18,10.44,18.56,57.57,31.18,0.0,35.71,1506.5,4,1.22,161.7,2.7,7.06,44.0,0
2.52,13.65,33.13,63.75,19.64,0.0,31.24,569.0,5,3.24,21.3,63.8,0.17,70.7,1
3.73,15.07,33.98,34.92,32.91,0.0,35.21,2230.3,4,1.26,58.5,18.8,0.09,46.0,0
10.7,46.54,76.23,73.14,33.09,0.0,42.32,669.5,2,1.14,434.7,291.2,13.96,67.4,1
11.74,48.39,129.05,123.56,54.02,18.79,33.19,1865.6,5,3.83,89.4,119.3,10.2,100.0,1
1.32,9.54,16.04,59.53,18.1,0.0,37.87,944.5,2,5.98,152.5,52.4,20.97,76.2,0
2.0,20.46,56.99,84.84,47.37,12.15,38.01,774.7,5,1.43,11.6,165.9,60.34,96.5,1
2.47,22.07,31.12,65.7,20.68,0.0,33.23,1471.5,4,1.09,214.4,13.1,0.12,37.8,0
3.33,20.15,35.64,35.29,29.25,0.0,29.74,1906.8,3,3.2,111.4,233.1,1.65,46.0,0
3.08,14.33,24.07,61.8,16.38,0.0,31.54,1826.1,3,3.2,23.2,125.3,0.84,60.4,0
2.85,27.01,38.34,69.45,40.33,8.43,41.94,790.9,2,0.69,57.4,1.2,2.35,74.2,1
12.08,62.85,152.42,121.04,65.09,33.95,42.65,994.1,2,1.55,10.4,69.2,0.0,97.1,1
1.15,8.52,20.2,35.89,26.48,0.0,26.33,2124.5,4,0.3,180.1,249.7,1.52,13.8,0
1.84,13.33,33.46,47.44,38.21,0.0,33.78,1818.8,3,1.82,163.9,37.5,2.41,42.1,0
4.37,22.68,39.89,60.46,32.05,0.0,29.6,1796.7,3,3.23,80.9,588.0,0.0,61.2,1
17.08,107.18,216.72,157.61,82.0,48.0,42.8,864.7,5,0.37,72.2,408.5,13.43,98.4,1
9.3,42.67,99.11,70.45,48.54,17.92,31.99,1963.2,2,0.7,74.7,271.1,5.12,83.6,1
4.96,46.56,93.85,72.36,49.66,14.48,54.71,1052.7,4,1.07,4.6,14.7,6.56,99.3,1
4.88,22.79,54.15,60.0,32.21,0.55,37.85,1142.9,3,3.36,55.1,78.6,0.51,76.2,1
3.83,42.12,96.35,80.32,45.69,9.44,46.05,903.9,2,2.37,16.5,63.7,0.0,95.5,1
1.63,14.47,22.57,54.08,31.18,0.0,27.38,554.9,4,0.69,24.5,26.7,6.89,50.6,0
7.72,40.32,100.54,75.15,49.81,15.83,36.1,1182.8,4,0.5,392.8,1417.0,24.19,95.3,1
19.43,86.21,207.68,181.28,77.47,48.0,41.24,335.6,1,2.14,36.4,28.7,1.03,97.1,1
5.0,40.63,94.19,106.52,37.97,3.73,27.22,1257.4,3,1.18,79.3,68.2,6.4,77.6,1
10.93,80.58,130.32,130.6,65.48,26.05,36.17,1822.5,4,1.62,262.5,381.9,29.74,99.5,1
8.15,47.58,84.46,93.18,39.68,2.17,44.94,2317.6,1,1.88,64.0,28.1,0.01,87.6,1
1.84,15.9,31.02,29.98,34.61,0.0,33.22,465.1,3,1.47,90.3,114.1,48.71,59.8,1
20.97,96.23,172.44,136.8,69.34,34.95,28.76,890.7,4,1.71,22.2,669.0,6.55,100.0,1
3.51,16.59,28.52,29.45,20.23,0.0,51.33,1337.7,4,3.93,40.3,51.1,3.77,77.5,1
3.11,29.68,75.01,98.21,48.52,11.73,26.04,657.8,4,3.65,84.7,218.6,0.0,91.1,1
2.94,18.5,42.42,47.56,33.41,0.0,37.33,545.3,3,0.29,54.5,15.0,46.28,58.3,1
2.32,10.98,24.06,46.98,34.75,0.0,29.98,1249.9,3,1.59,4.7,165.3,23.34,73.2,0
3.57,26.0,44.62,69.07,31.4,0.0,28.04,1519.5,4,1.04,61.5,74.5,1.0,52.0,0
3.82,20.35,54.63,81.94,39.52,0.0,42.3,2022.4,2,0.61,202.6,216.5,3.44,49.9,0
3.19,36.04,60.1,78.06,26.25,0.0,34.25,2395.4,3,1.8,14.8,102.1,3.28,78.0,1
6.85,37.33,93.81,96.33,43.27,5.17,39.45,1926.0,4,1.29,2.3,63.9,3.54,96.5,1
0.76,7.16,19.72,38.79,17.88,0.0,16.83,764.8,4,2.68,15.2,142.1,10.81,44.7,0
2.65,11.99,29.0,51.09,25.87,0.0,40.28,1870.8,2,0.18,139.3,27.1,1.44,20.9,0
5.24,37.31,104.1,76.91,51.98,14.69,29.87,1428.0,3,0.65,190.0,303.2,1.5,80.0,1
2.24,17.55,40.56,71.14,27.73,0.0,20.03,1246.7,3,0.05,6.0,250.0,0.74,39.6,0
13.21,59.23,100.96,95.09,53.45,19.08,52.02,2265.0,4,2.47,262.2,141.7,5.27,100.0,1
4.17,47.09,79.36,58.39,37.08,1.26,41.11,1774.4,4,4.38,118.4,82.3,7.5,95.6,1
11.04,74.89,138.87,136.66,64.2,27.93,37.93,1731.6,2,1.59,87.6,444.2,10.91,94.2,1
6.11,42.77,60.3,66.21,44.74,5.51,46.62,324.7,1,1.73,35.1,181.1,1.85,82.6,1
3.69,28.73,67.65,88.06,45.02,4.59,38.1,2116.7,4,0.09,55.8,60.3,3.64,81.7,1
9.62,40.93,72.7,90.82,38.29,9.58,29.21,1965.9,5,1.26,352.4,295.8,17.61,87.5,1
2.59,12.45,31.65,62.28,16.11,0.0,34.51,927.8,4,1.35,291.0,181.4,12.59,37.8,0
1.88,20.71,39.41,33.38,34.53,0.0,30.23,913.4,3,0.07,117.8,24.5,2.74,24.6,0
12.19,60.5,125.34,97.59,54.34,19.51,31.75,412.3,5,2.75,103.8,21.8,23.85,97.2,1
5.01,29.53,81.26,97.22,36.88,0.0,25.31,406.8,3,0.59,28.4,500.8,8.37,67.7,1
13.38,57.39,99.8,110.32,44.61,12.7,27.75,1704.0,3,2.31,367.6,61.1,5.93,93.3,1
8.92,66.96,161.35,130.49,73.78,38.62,43.6,691.1,1,0.93,169.0,196.0,0.24,99.2,1
12.58,70.83,174.04,137.93,61.91,29.41,38.82,2239.5,5,9.79,57.8,6.7,8.07,96.4,1
16.8,101.77,173.96,125.95,71.52,41.93,31.72,2069.0,3,0.43,203.0,146.4,3.68,92.3,1
4.6,28.15,59.16,87.03,37.87,1.3,27.26,1032.7,3,0.11,28.6,47.3,2.04,55.8,1
3.74,23.75,44.9,43.77,30.43,0.0,32.55,1098.1,1,7.03,28.8,27.1,0.03,82.1,1
4.07,35.43,87.88,70.72,48.47,12.29,21.69,987.3,3,0.5,187.8,267.3,47.24,83.9,1
3.68,17.66,40.11,60.8,41.02,6.58,37.08,494.0,1,1.82,98.3,298.5,1.12,54.7,0
7.34,46.8,96.71,78.79,45.3,16.97,44.04,366.0,3,0.84,97.4,226.1,7.58,94.9,1
11.44,47.09,117.31,123.5,51.39,16.03,56.12,1249.5,5,1.84,102.3,2.0,9.61,100.0,1
5.86,47.17,81.57,58.51,46.57,12.27,26.62,2280.4,2,1.63,16.1,60.4,1.79,84.8,1
5.13,26.17,64.26,47.03,43.5,8.4,43.68,2226.2,3,2.21,51.6,80.6,7.41,83.5,1
1.62,6.76,17.65,39.19,24.18,0.0,29.99,2000.7,2,0.03,102.1,211.3,18.49,14.9,0
6.14,31.86,83.8,81.43,41.63,4.71,26.41,1620.0,4,3.26,34.1,253.6,2.24,95.2,1
3.06,13.43,33.54,34.16,16.09,0.0,26.4,2098.1,3,1.17,84.1,177.9,0.03,25.9,0
17.98,81.46,160.57,131.63,60.29,27.0,37.2,1381.6,2,1.32,97.7,280.1,38.23,97.1,1
2.23,15.78,43.78,51.98,25.42,0.0,28.09,678.3,4,0.95,343.4,100.3,25.51,36.8,0
1.51,8.31,16.05,55.5,28.6,0.0,30.84,1736.8,4,8.18,33.8,140.5,38.38,93.1,1
1.53,14.33,32.87,26.78,27.74,0.0,32.26,2233.4,5,2.91,69.4,12.0,3.74,56.3,1
7.97,46.62,75.78,98.19,39.52,5.01,29.71,341.2,1,0.67,478.9,100.3,0.0,62.9,1
4.67,39.21,108.7,103.76,50.38,17.57,29.09,828.0,3,2.75,24.8,102.0,29.55,100.0,1
3.21,15.56,37.12,35.96,25.17,0.0,15.35,857.4,5,1.03,181.7,170.2,4.49,16.5,0
2.2,12.96,31.82,27.79,38.23,3.55,36.74,508.0,4,3.67,23.4,85.4,6.05,76.8,1
4.05,27.03,40.33,55.43,39.08,5.82,36.58,773.5,4,0.06,227.7,49.0,3.07,60.3,1
2.4,19.12,47.2,46.25,42.92,4.33,29.22,1106.4,3,0.79,80.3,48.8,0.04,50.7,0
11.25,45.02,111.86,91.26,55.42,26.46,39.06,2273.7,4,1.01,429.8,25.9,0.55,99.7,1
3.3,35.83,83.86,70.54,43.3,8.59,47.87,2106.6,4,2.45,22.4,217.3,1.1,93.3,1
2.27,25.92,46.87,64.73,42.81,0.0,36.2,2286.6,1,0.36,139.7,175.4,7.06,36.5,0
2.71,23.16,48.31,61.31,29.44,0.0,47.31,553.2,4,0.61,142.6,155.8,42.96,79.0,1
38.61,157.54,244.91,167.7,83.35,48.0,55.02,358.9,4,2.32,152.3,136.3,1.11,100.0,1
7.43,30.14,62.09,69.05,33.78,1.62,57.51,530.8,1,0.14,12.8,82.5,29.27,86.4,1
9.02,47.16,82.12,93.98,46.13,10.93,25.9,2220.0,2,0.4,40.9,263.5,16.8,79.9,1
2.76,12.0,22.67,23.39,21.77,0.0,25.94,630.7,3,2.52,49.5,459.2,0.16,29.1,0
3.15,27.08,44.07,73.69,31.41,0.0,32.22,1502.5,4,3.75,47.0,104.4,3.55,85.5,1
3.28,13.35,23.0,45.97,16.83,0.0,37.09,777.9,4,2.35,134.9,94.7,2.99,46.2,0
3.33,31.92,48.11,79.05,36.36,1.27,49.49,343.3,4,1.35,6.8,32.0,0.0,92.6,1
12.1,124.52,334.68,229.21,88.0,48.0,41.33,477.7,4,0.19,157.2,199.9,20.17,100.0,1
2.13,21.54,46.15,79.71,27.33,0.0,25.77,1790.6,3,3.16,89.7,147.0,9.31,64.7,0
0.73,4.12,8.06,39.23,29.56,0.0,30.8,683.0,4,0.24,22.8,796.1,0.92,27.4,0
0.51,2.39,5.13,33.87,28.52,0.0,35.64,781.2,2,0.88,30.8,158.0,0.04,22.0,0
3.97,27.9,63.59,69.52,40.05,3.41,23.34,1092.2,4,0.09,12.3,61.3,0.05,66.8,1
2.23,9.05,24.34,21.89,28.47,0.0,36.12,1680.2,2,2.23,73.7,149.0,2.84,24.1,0
1.72,11.18,18.45,59.27,21.98,0.0,25.9,1285.7,1,1.26,108.4,752.3,4.99,11.3,0
5.83,55.26,100.22,99.12,43.43,10.12,21.97,2283.7,2,4.29,104.4,231.3,6.61,98.7,1
4.41,27.71,76.64,58.94,39.29,0.0,27.95,1211.8,3,0.27,393.6,24.8,0.77,33.2,0
3.71,18.99,36.45,29.64,21.12,0.0,39.49,718.2,4,3.08,42.1,75.7,2.57,70.1,1
19.08,86.14,123.31,87.44,56.04,29.58,39.43,1425.9,3,1.29,172.3,63.9,16.89,98.2,1
0.92,5.83,9.37,38.51,22.92,0.0,36.82,1246.9,2,0.82,154.1,349.9,40.75,33.8,0
20.61,113.9,163.67,139.01,60.23,32.18,44.43,1953.0,5,1.86,7.6,170.0,41.65,100.0,1
2.9,23.15,64.48,69.4,47.47,11.13,43.53,2263.8,2,2.81,319.1,299.0,0.43,85.2,1
16.46,86.74,155.3,119.75,67.12,37.64,37.74,2056.2,5,1.04,321.4,34.9,0.56,97.7,1
9.07,36.62,98.62,93.03,51.77,15.48,36.56,1117.0,5,0.48,60.6,429.5,0.08,98.1,1
6.03,68.25,190.7,152.19,70.47,36.19,37.1,753.8,3,4.45,64.9,10.8,0.67,96.4,1
34.07,147.66,330.73,220.85,88.0,48.0,34.75,2220.4,1,0.68,205.5,84.6,13.26,100.0,1
2.65,15.06,21.79,31.87,29.87,0.0,17.52,1110.5,4,11.41,82.0,2.6,6.47,100.0,1
14.01,114.01,172.64,119.61,69.26,48.0,45.65,1917.4,4,2.62,192.7,36.7,13.31,100.0,1
7.44,30.72,63.72,86.93,47.45,8.04,39.38,2378.0,3,2.1,4.4,589.7,16.16,96.1,1
3.28,20.2,39.78,63.49,29.91,0.0,25.66,1512.6,2,0.02,34.6,14.7,13.65,30.3,0
2.45,17.98,40.42,76.1,28.29,0.0,48.14,1307.7,4,1.07,11.5,28.3,4.23,85.9,1
3.49,31.48,63.41,59.82,41.56,8.74,30.99,1769.7,3,1.26,72.7,465.9,18.29,82.8,1
0.94,7.77,21.04,58.21,18.3,0.0,35.08,707.3,2,0.85,231.0,222.9,0.94,14.1,0
8.38,37.83,81.28,84.97,48.3,13.19,44.7,1325.3,5,0.29,101.2,94.1,5.55,94.6,1
5.24,28.44,67.43,69.22,31.08,0.0,37.87,955.9,5,0.82,88.2,12.8,0.27,70.2,0
12.29,52.24,138.7,105.17,62.67,24.6,47.35,644.9,3,0.14,54.7,276.7,0.29,98.3,1
8.65,72.45,116.33,113.84,48.68,20.48,33.01,1581.3,1,0.62,7.9,122.2,22.55,99.3,1
2.56,25.42,43.76,74.13,35.11,1.62,50.37,1509.0,3,0.16,174.5,70.2,0.92,64.2,1
1.88,23.22,36.0,38.99,35.52,0.0,29.39,1898.5,3,2.51,101.5,80.5,1.29,48.4,0
3.14,18.87,30.1,32.46,29.35,0.0,47.2,2133.2,1,2.0,320.8,126.7,6.53,38.8,0
2.85,11.42,24.17,52.04,19.57,0.0,16.75,762.8,4,5.06,67.9,144.2,16.88,62.9,1
2.35,11.84,21.9,63.2,20.75,0.0,26.65,1937.4,5,0.86,61.6,306.8,39.46,58.5,0
2.17,16.42,32.71,60.01,24.79,0.0,38.53,1071.5,3,2.78,439.6,265.9,26.52,68.7,1
4.37,19.07,52.94,52.21,23.45,0.0,32.6,1620.5,4,1.59,18.3,262.3,17.82,71.4,1
26.68,125.34,202.97,155.83,83.6,48.0,35.36,2085.5,1,1.87,34.9,235.2,6.54,97.6,1
2.69,32.57,70.26,67.96,40.33,6.63,36.35,838.0,3,1.43,80.4,255.2,3.63,77.1,1
5.25,23.99,36.91,67.33,23.52,0.0,25.88,1562.0,2,2.72,89.0,203.8,2.18,47.7,0
5.7,43.47,80.24,91.87,51.2,10.19,26.51,1308.7,1,0.08,95.5,364.5,18.65,73.1,1
2.13,20.23,43.26,59.62,27.91,0.0,37.97,1960.2,3,0.15,28.6,146.7,4.3,45.9,0
3.51,29.66,80.84,69.92,44.14,7.08,30.34,1764.2,4,0.18,313.8,132.4,1.2,66.4,1
6.47,40.52,78.91,98.5,37.14,1.49,47.4,1916.2,3,0.61,145.9,217.5,0.65,80.4,1
4.09,26.87,40.06,60.44,19.11,0.0,34.37,904.7,3,1.61,35.9,32.7,10.35,53.9,0
2.82,21.84,42.44,76.26,23.7,0.0,42.11,1779.1,2,1.87,41.8,270.1,30.61,75.4,1
20.26,185.38,297.35,224.39,88.0,48.0,39.76,1572.2,4,2.24,254.8,495.2,3.78,99.7,1
16.73,79.81,137.43,131.28,63.87,31.24,30.89,1259.0,3,0.59,57.4,63.2,6.6,100.0,1
11.89,47.89,108.48,112.1,52.45,19.99,19.17,1094.5,1,1.89,97.5,170.0,2.81,91.2,1
7.43,35.01,52.32,54.19,35.49,0.0,46.07,996.4,2,0.23,15.4,6.0,3.91,72.2,1
5.15,39.53,81.06,101.07,30.64,0.0,27.68,320.3,2,0.02,34.8,261.3,5.13,55.3,0
1.66,13.62,30.69,25.94,36.21,0.0,32.57,656.1,3,2.14,64.7,147.6,6.77,47.4,0
3.53,30.15,60.01,78.6,38.14,3.11,34.72,423.9,1,2.26,128.1,201.6,0.01,67.8,1
1.15,11.17,15.94,58.81,23.75,0.0,35.57,2081.6,4,1.75,39.5,27.8,24.35,62.1,1
5.52,31.8,88.4,77.71,51.55,13.64,44.18,2106.2,5,0.54,361.3,298.4,0.43,88.7,1
5.93,32.42,62.05,74.5,44.86,7.0,36.05,2077.0,2,4.72,29.8,53.2,0.0,96.6,1
4.26,21.31,53.07,64.8,41.79,1.5,34.92,2017.6,3,3.75,181.1,207.8,1.46,77.0,1
22.88,116.95,217.05,180.35,79.29,48.0,44.66,764.8,3,1.3,54.4,161.9,20.28,96.7,1
12.6,97.13,200.57,174.35,70.14,39.17,41.11,1332.8,5,8.14,215.1,190.9,2.78,96.2,1
7.15,52.51,102.08,98.49,54.52,22.07,29.75,2206.5,1,0.64,307.8,9.3,7.14,98.5,1
6.4,32.65,61.37,81.61,28.99,0.0,26.25,1895.5,4,1.22,24.8,243.8,0.72,64.7,1
10.99,78.86,112.81,92.38,63.27,29.61,29.0,303.8,3,4.73,81.1,285.5,14.29,95.9,1
1.73,14.91,28.39,33.74,28.12,0.0,35.58,1264.8,3,1.12,20.1,115.9,17.37,54.2,0
7.89,54.9,145.22,118.78,54.3,20.0,25.41,322.4,2,1.15,146.8,94.6,0.1,90.6,1
2.24,17.74,41.98,62.79,24.36,0.0,36.77,889.4,2,0.15,214.2,75.5,5.58,24.4,0
5.89,62.03,99.48,78.08,40.19,8.17,34.9,1215.1,2,0.43,59.2,473.3,6.39,81.2,1
3.63,16.44,36.62,59.42,31.09,0.0,14.39,2175.1,1,0.31,60.7,253.2,3.41,11.4,0
16.98,75.44,199.86,152.64,75.92,42.98,24.05,1674.2,2,1.5,27.4,215.9,0.53,98.2,1
12.62,107.5,255.86,207.11,84.23,48.0,14.0,1061.2,4,0.69,43.9,467.7,0.02,96.9,1
1.19,13.08,21.04,20.33,23.75,0.0,33.08,1330.4,4,0.14,47.0,77.2,0.23,23.9,0
5.71,27.8,72.68,82.3,32.14,0.0,45.13,2016.5,3,1.28,20.3,179.0,1.46,78.4,1
17.26,148.87,271.27,210.57,88.0,48.0,19.93,929.3,1,1.99,44.5,208.5,22.12,100.0,1
4.32,29.43,59.91,86.29,36.45,1.33,24.76,1591.6,2,2.4,285.4,1004.4,8.72,56.8,0
7.65,84.13,179.76,153.95,68.06,36.31,34.61,850.7,4,3.27,47.2,100.3,41.11,100.0,1
4.75,40.09,103.85,108.34,41.35,6.54,26.96,1307.9,2,1.18,38.5,92.0,5.01,83.4,1
6.14,28.58,77.29,95.94,39.84,2.98,26.92,351.8,5,0.89,58.3,15.9,1.72,79.8,1
2.91,13.42,36.26,58.94,27.66,0.0,40.6,2089.8,4,2.07,387.1,18.7,2.57,57.7,0
1.6,13.91,19.63,30.82,27.4,0.0,31.79,401.5,2,0.02,173.6,129.1,8.91,10.0,0
7.58,55.27,148.7,140.79,62.64,31.74,23.36,771.2,4,1.81,27.0,33.8,2.78,95.3,1
2.64,25.64,37.86,63.25,35.35,0.0,18.25,1000.4,3,0.94,167.6,13.6,0.28,25.8,0
3.52,37.98,67.3,67.84,35.94,1.86,54.77,1612.8,3,1.09,174.4,602.9,20.82,87.3,1
6.19,24.9,52.82,71.3,23.63,0.0,45.59,1812.1,4,0.63,359.8,544.4,0.35,51.2,0
5.98,31.23,64.7,86.1,44.06,11.42,32.16,468.9,3,0.25,266.1,70.8,15.85,74.8,1
14.29,82.99,186.45,170.1,66.59,40.85,36.75,391.3,4,0.92,12.0,280.8,2.49,100.0,1
29.72,141.43,292.94,238.27,88.0,48.0,31.85,1977.9,4,0.66,72.7,370.8,0.01,100.0,1
6.32,28.36,76.79,69.55,41.24,4.84,40.34,1795.5,4,5.8,145.7,112.5,3.18,88.6,1
15.12,69.65,120.97,102.61,55.69,20.41,28.74,2046.3,4,5.17,435.1,45.6,15.45,99.2,1
5.23,63.11,112.56,83.1,48.33,12.22,31.38,1720.7,1,1.86,10.7,25.0,15.28,95.0,1
3.54,31.7,85.25,71.55,40.64,0.0,39.87,1877.1,2,4.21,55.1,27.3,1.54,87.5,1
21.3,111.31,167.79,153.77,64.64,35.25,48.36,1096.0,5,2.5,81.3,287.0,25.46,99.3,1
2.33,16.18,36.47,44.94,38.71,0.0,42.3,1539.4,2,0.76,64.0,87.3,0.99,40.4,0
4.51,18.25,42.96,60.85,32.01,0.0,46.49,1991.3,3,1.67,73.0,212.9,2.04,68.1,1
14.21,73.56,155.05,135.75,57.61,27.27,33.34,661.4,3,0.45,55.3,139.3,9.5,100.0,1
6.1,25.14,59.64,78.95,30.95,0.0,30.7,1187.9,1,2.09,423.3,90.4,21.77,48.2,0
8.55,74.8,122.81,93.05,52.88,25.5,19.52,1855.0,2,0.08,195.1,23.8,21.76,94.1,1
20.92,92.21,239.16,174.17,88.0,48.0,36.61,1418.5,2,3.2,160.1,73.0,16.6,93.5,1
1.99,14.81,23.64,40.54,29.52,0.0,39.22,1731.5,3,1.58,63.5,330.1,2.78,39.6,0
22.38,90.17,176.83,136.36,70.26,33.44,33.45,915.0,4,0.11,256.0,300.3,0.02,97.5,1
2.26,21.16,31.85,69.93,23.87,0.0,29.4,367.9,3,3.7,11.8,5.2,0.0,79.0,1
4.48,26.69,57.74,80.1,33.62,0.0,46.57,361.2,4,3.78,18.6,27.2,25.61,99.9,1
9.37,43.62,101.97,92.87,52.95,17.6,41.37,2279.8,3,3.45,369.6,253.8,22.24,95.1,1
15.91,103.62,281.61,227.61,88.0,48.0,47.16,2283.5,4,2.68,100.4,73.6,1.0,100.0,1
0.79,4.95,12.06,28.49,20.58,0.0,27.89,743.7,4,2.04,20.8,185.7,0.02,41.1,0
6.51,26.26,56.67,77.19,39.45,3.39,29.98,609.7,1,0.91,357.5,148.9,0.08,41.3,0
8.0,52.54,142.16,107.47,65.06,30.33,46.23,338.1,3,0.26,441.9,190.0,14.54,100.0,1
8.36,45.74,94.67,101.29,45.35,8.7,35.6,785.6,4,0.61,255.9,9.9,3.32,84.2,1
4.18,46.82,102.33,92.06,46.19,17.33,31.16,1002.1,4,0.77,32.7,481.6,0.88,92.5,1
2.82,12.64,28.24,28.2,19.98,0.0,31.75,806.6,5,0.8,39.2,3.8,0.21,37.0,0
3.97,20.86,41.17,44.06,34.68,0.0,35.91,1974.5,2,1.5,62.7,1.5,3.9,45.4,0
3.94,26.48,68.15,67.4,47.0,8.7,44.53,1873.8,5,0.42,103.9,46.1,5.73,87.9,1
5.17,62.44,103.6,106.06,64.4,33.7,34.64,470.1,2,0.38,582.2,906.4,5.02,100.0,1
3.73,20.63,44.9,37.47,34.89,0.0,42.72,1764.4,1,2.27,375.2,13.6,6.31,40.8,0
1.4,17.06,41.14,61.42,31.21,0.0,39.97,1393.2,3,0.01,304.8,373.6,0.33,30.3,0
9.52,118.71,316.43,242.9,88.0,48.0,28.53,577.5,2,0.29,11.2,31.2,0.11,100.0,1
1.83,9.92,26.16,51.43,16.05,0.0,28.53,1853.0,4,1.03,169.8,20.8,23.35,32.1,0
24.49,218.4,461.31,339.08,88.0,48.0,32.17,480.7,5,0.29,251.3,271.7,0.84,100.0,1
4.6,40.8,93.87,74.03,60.38,24.48,24.64,672.0,5,5.79,48.6,337.5,0.05,98.9,1
12.13,63.49,123.94,111.98,62.33,25.62,31.63,613.4,3,2.0,29.7,282.8,2.95,99.8,1
1.39,15.58,32.03,68.17,35.67,0.0,48.86,2272.0,3,1.02,165.6,49.6,7.31,59.5,0
1.07,8.01,21.37,46.38,27.46,0.0,35.73,1766.1,5,0.21,11.4,381.4,17.97,63.2,1
6.27,59.47,160.74,136.99,67.17,34.73,29.49,1163.7,3,0.88,339.3,13.4,5.11,94.8,1
13.11,73.4,194.78,164.75,60.0,32.92,52.28,2026.6,5,1.89,20.4,75.3,22.14,100.0,1
11.37,59.05,94.1,81.16,50.92,12.81,28.09,753.5,5,6.24,73.4,112.0,6.04,100.0,1
2.16,10.66,27.61,54.47,24.25,0.0,27.82,2255.3,2,1.15,487.5,12.6,6.31,18.2,0
6.8,55.07,150.22,143.88,57.85,24.9,46.45,1763.7,1,2.12,533.0,156.1,1.87,93.1,1
5.44,57.18,108.97,76.32,48.57,16.75,41.62,1475.1,3,0.39,179.5,147.5,0.09,89.7,1
3.78,40.49,86.08,100.11,41.96,10.77,34.89,1968.8,4,1.76,219.3,873.3,0.11,95.1,1
7.89,51.77,128.95,98.65,51.8,19.76,43.07,1654.0,4,0.49,410.0,175.0,35.11,94.1,1
17.9,74.32,162.54,131.17,65.59,29.95,38.56,2162.9,3,0.4,314.8,91.2,16.03,100.0,1
5.63,48.12,134.3,130.65,54.25,16.29,25.92,2041.2,2,1.28,116.8,281.1,1.22,96.2,1
0.71,5.75,11.72,49.69,23.88,0.0,15.62,715.4,2,0.43,159.2,73.4,3.75,9.0,0
2.34,24.1,57.84,82.73,27.27,0.0,31.18,803.3,5,2.3,108.1,137.0,1.36,66.7,1
2.66,14.52,36.44,71.01,28.92,0.0,45.22,436.7,3,4.99,84.7,10.3,4.08,83.4,1
4.32,22.11,46.25,55.18,26.37,0.0,32.36,762.4,3,0.9,255.3,70.1,4.55,36.4,0
5.82,30.74,79.92,86.48,38.53,0.22,39.91,1021.3,5,0.7,160.7,135.2,0.3,73.9,1
2.93,12.95,28.03,40.79,28.71,0.0,37.57,360.5,4,0.35,235.8,218.1,6.68,33.4,0
4.75,29.2,57.71,58.29,26.53,0.0,21.61,961.4,3,0.89,12.1,18.8,27.4,61.3,0
1.05,10.25,15.9,34.76,19.52,0.0,32.55,1920.2,3,1.48,103.1,287.2,2.26,25.2,0
8.75,67.73,132.13,124.32,60.41,30.7,39.05,2064.7,4,0.84,48.0,414.8,3.67,99.4,1
21.23,110.24,267.61,201.51,86.45,48.0,29.31,318.6,3,1.76,86.4,59.4,4.86,100.0,1
2.23,12.09,32.51,62.76,39.77,0.37,32.92,315.0,3,1.95,113.9,260.9,8.35,52.3,0
19.64,115.37,202.17,169.95,83.83,48.0,39.33,607.2,1,0.19,224.3,35.8,4.01,96.2,1
5.63,28.71,54.47,41.32,32.28,0.0,36.62,2132.4,4,2.15,3.9,133.4,31.22,85.0,1
3.78,20.08,32.44,54.45,24.36,0.0,44.9,1285.5,5,4.15,21.5,287.6,36.1,93.3,1
2.47,10.73,25.39,41.15,28.32,0.0,39.26,2364.1,5,0.05,305.3,87.9,3.44,32.5,0
6.55,36.46,100.06,90.59,39.33,4.89,27.88,2163.4,3,1.44,410.3,4.8,8.53,73.9,1
14.1,66.42,152.58,141.0,50.71,21.67,31.94,2169.3,3,1.67,6.8,139.8,13.34,93.4,1
6.47,52.93,119.83,107.53,50.8,11.55,36.17,569.8,2,2.23,48.4,335.2,0.86,100.0,1
0.68,3.5,7.62,49.81,21.33,0.0,47.38,1298.0,3,0.88,1.2,20.6,0.7,61.6,1
3.14,13.46,20.51,50.41,26.31,0.0,31.98,2386.5,3,3.07,170.0,5.4,14.84,51.2,0
3.72,25.55,61.87,70.09,33.63,0.0,21.27,613.0,4,1.4,137.5,298.0,7.61,52.1,0
5.45,25.66,57.55,76.36,43.76,0.0,39.74,1505.9,1,0.95,99.8,55.9,7.52,53.7,0
4.68,23.05,53.63,41.58,26.04,0.0,29.58,1023.0,3,2.29,141.2,81.6,0.1,41.2,0
1.12,12.37,32.89,27.6,22.38,0.0,25.07,1114.5,3,4.72,92.6,16.4,1.87,44.1,0
12.39,69.25,172.97,121.18,71.35,34.61,36.16,2170.7,2,3.01,32.7,18.3,6.96,96.9,1
9.52,93.26,232.51,175.82,78.13,47.39,44.27,1534.6,1,4.8,168.5,171.6,6.56,98.0,1
5.79,23.69,63.9,57.13,30.69,0.0,31.12,1893.4,3,0.56,183.5,144.6,12.48,37.0,0
19.82,90.93,253.33,213.96,88.0,48.0,40.22,1713.8,3,0.23,231.1,62.3,0.14,99.7,1
1.56,15.8,34.97,52.13,23.47,0.0,41.8,1410.9,3,1.38,369.7,108.5,2.11,40.9,0
3.41,33.84,52.54,68.96,33.91,5.33,42.73,1962.6,3,0.08,165.2,88.4,4.43,56.8,0
1.65,9.09,18.58,29.62,21.0,0.0,29.78,2338.5,2,2.02,6.7,213.8,1.58,42.1,0
5.31,38.33,95.93,81.84,41.69,10.39,26.47,2330.3,2,0.49,2.5,356.6,11.26,89.9,1
12.37,143.89,207.04,154.67,65.36,44.21,27.63,1957.8,1,1.09,161.6,260.7,6.01,100.0,1
7.42,43.09,63.76,77.89,38.69,1.11,42.72,1323.4,2,1.92,6.9,0.8,1.36,92.4,1
4.27,29.25,43.7,54.72,24.75,0.0,41.67,642.6,4,1.19,45.6,18.9,7.37,70.1,1
4.58,47.11,114.17,102.5,50.96,21.03,27.86,393.4,1,0.48,17.6,101.0,3.0,88.5,1
3.17,14.67,30.83,51.68,25.56,0.0,54.13,786.0,1,3.82,416.5,343.7,4.97,65.1,1
19.49,82.75,158.58,142.67,63.16,38.94,26.85,1014.5,2,2.6,45.6,48.7,25.58,95.6,1
5.11,24.5,37.92,33.71,29.72,0.0,44.5,572.7,3,1.65,6.8,380.1,10.83,78.6,0
4.99,22.69,55.02,75.72,36.57,5.23,48.92,772.0,3,2.16,358.5,21.0,27.97,92.7,1
4.54,38.87,71.89,77.08,35.76,1.31,36.93,475.4,2,0.97,112.6,13.6,28.06,76.4,1
5.55,44.44,78.72,86.27,49.5,17.14,29.46,1399.7,2,0.85,4.4,440.4,25.91,95.1,1
1.02,8.87,20.52,33.07,14.66,0.0,29.64,565.3,5,0.31,215.0,31.8,0.23,16.5,0
10.74,51.13,111.59,95.96,49.89,20.24,33.77,1859.8,5,2.93,19.9,112.2,3.42,100.0,1
4.23,17.52,33.42,37.13,34.38,0.0,45.19,998.6,4,0.86,194.6,71.0,17.26,61.1,1
9.07,44.92,103.23,116.17,51.76,14.17,25.8,1711.3,2,2.12,110.8,28.8,1.2,88.2,1
14.57,63.39,112.82,100.7,45.74,14.15,20.37,2153.3,3,0.64,23.4,180.0,16.5,97.3,1
13.13,69.63,174.96,163.55,64.14,27.06,39.08,480.6,4,2.86,167.6,596.7,0.0,98.6,1
5.69,39.02,67.15,70.69,32.76,0.42,40.94,2376.9,2,0.2,72.7,193.2,0.01,52.0,0
5.96,39.12,63.47,56.15,41.37,4.57,52.73,1655.0,3,1.77,122.0,78.6,0.28,88.3,1
0.66,7.16,17.87,39.45,20.56,0.0,24.25,412.1,4,2.97,244.4,223.9,1.7,28.2,0
5.73,67.12,160.48,111.09,66.46,30.85,34.85,959.4,3,1.94,36.2,27.8,14.99,95.7,1
2.82,14.22,23.55,61.02,28.18,0.0,45.88,2161.1,3,2.14,54.7,156.2,2.62,64.0,1
3.74,24.21,37.83,66.42,44.8,11.92,37.03,1552.1,3,1.34,708.5,114.1,24.76,82.2,1
4.64,26.67,68.64,82.27,41.1,5.48,34.34,903.2,4,1.47,85.1,80.3,4.08,79.3,1
1.62,9.24,22.99,47.39,21.57,0.0,42.71,2275.0,4,0.12,98.1,242.2,5.65,28.8,0
5.69,44.78,83.2,85.17,34.54,5.36,30.91,1953.2,4,0.52,40.3,22.7,0.14,85.6,1
0.74,4.61,10.69,56.8,21.34,0.0,43.24,1844.6,3,2.3,64.5,137.0,4.47,50.9,0
9.13,57.03,89.76,75.86,44.42,10.03,25.34,2165.7,4,5.23,83.6,346.8,4.63,99.5,1
3.93,26.93,56.83,77.02,22.65,0.0,23.08,1916.5,5,1.4,35.9,40.6,0.12,58.2,0
1.06,4.81,6.86,35.62,17.64,0.0,33.67,902.2,4,2.33,32.6,55.3,29.6,54.7,0
5.5,35.1,68.39,93.37,40.93,1.66,14.21,1526.2,3,2.07,110.1,194.5,19.91,67.5,0
0.82,4.5,6.77,46.65,18.7,0.0,36.72,2068.8,4,13.31,24.3,266.6,0.48,97.7,1
4.8,20.68,42.72,77.7,37.77,2.39,21.27,679.8,3,2.85,96.7,60.0,5.12,59.1,1
10.91,48.01,95.56,93.59,37.41,7.28,38.4,642.3,4,1.78,147.0,80.3,4.63,89.5,1
1.26,5.43,10.99,21.35,27.14,0.0,37.58,633.9,4,0.22,26.5,242.4,0.02,36.6,0
8.65,68.69,100.53,93.01,53.63,24.21,35.42,707.9,4,0.81,164.4,60.5,5.5,100.0,1
0.24,2.82,5.37,40.49,27.24,0.0,39.71,516.8,4,0.52,53.5,197.5,2.19,32.7,0
2.92,23.45,57.66,77.33,26.75,0.0,37.74,2059.0,1,3.46,587.2,31.1,17.55,61.5,0
6.78,53.23,102.01,71.33,50.45,15.95,33.51,2018.5,3,1.06,464.0,95.4,12.7,94.3,1
3.98,16.99,40.79,54.24,27.41,0.0,51.56,617.9,1,1.38,192.3,210.0,23.45,50.0,0
2.0,10.49,20.11,28.66,17.19,0.0,39.34,1781.6,3,6.03,50.4,110.9,17.13,82.4,1
1.92,20.44,40.73,70.85,28.92,0.0,42.56,1616.6,4,3.26,332.2,3.5,0.16,75.9,1
2.29,22.2,48.61,43.47,28.18,0.0,45.12,880.0,3,2.81,805.0,93.9,0.01,62.5,1
8.44,79.31,216.58,175.77,86.17,48.0,41.68,777.5,1,0.28,74.4,61.2,1.35,100.0,1
3.69,19.73,30.63,36.88,31.65,0.0,53.53,826.2,3,0.04,114.4,19.2,17.95,51.5,0
13.81,67.36,97.41,84.36,40.36,12.21,37.41,1834.3,1,0.24,0.7,1.7,14.56,95.8,1
19.53,86.34,194.37,173.67,70.08,39.06,35.94,970.6,4,2.43,5.3,8.4,50.47,100.0,1
5.34,22.27,60.76,55.32,34.73,0.0,30.48,883.7,4,0.95,83.3,536.5,0.98,53.7,0
10.81,94.62,263.56,180.59,88.0,48.0,33.82,347.2,4,0.22,112.8,249.4,0.66,100.0,1
3.22,24.28,50.45,40.91,40.17,4.64,29.78,2207.3,1,2.42,44.9,505.6,3.23,53.5,0
15.25,126.18,259.35,196.28,88.0,48.0,41.76,1880.7,1,0.39,12.5,21.9,14.28,98.5,1
2.34,16.62,38.27,58.75,31.02,0.0,28.25,1292.8,5,1.6,182.9,152.1,0.12,51.3,0
11.13,47.26,102.93,86.64,47.26,14.86,36.63,2280.1,2,2.44,65.1,15.7,0.0,94.4,1
6.64,37.35,85.44,91.6,33.28,0.0,40.76,916.4,4,1.69,125.6,4.9,26.66,90.3,1
5.84,28.43,74.58,56.22,48.63,9.15,37.28,1716.9,4,9.1,126.0,113.0,0.17,99.4,1
6.92,42.39,103.62,110.94,46.33,10.05,28.38,940.8,3,1.03,95.0,187.1,2.91,79.8,1
4.38,51.64,108.22,112.09,59.63,22.74,41.94,960.6,3,0.67,23.6,11.8,0.18,99.1,1
0.46,5.04,10.31,56.05,24.06,0.0,35.27,2073.9,2,0.4,114.9,81.8,38.33,31.1,0
3.63,21.15,48.54,78.7,45.74,5.13,14.0,1952.7,5,1.26,46.6,17.0,54.76,87.1,1
10.86,53.71,109.45,92.17,54.28,23.58,27.64,917.6,3,3.44,205.2,80.9,16.27,99.8,1
4.56,39.08,79.76,74.81,33.74,3.68,47.91,470.9,2,5.28,25.8,114.9,21.48,93.5,1
25.0,123.3,175.43,152.6,65.43,41.97,48.62,1050.9,3,6.44,41.3,74.1,7.13,100.0,1
12.95,59.45,97.72,74.55,46.35,14.44,40.47,1896.1,2,1.36,69.6,154.5,8.72,92.3,1
15.94,106.24,221.4,163.04,76.75,48.0,42.66,511.1,4,1.67,161.7,158.1,26.82,94.1,1
8.85,42.79,109.2,81.31,48.31,12.66,29.38,1711.4,3,1.57,153.1,72.9,9.01,90.2,1
2.85,19.14,34.26,47.74,21.39,0.0,33.79,2168.5,2,1.13,49.3,88.9,5.37,32.9,0
1.74,8.89,18.94,42.15,25.34,0.0,46.5,676.4,1,0.3,85.8,104.7,2.5,14.6,0
12.56,59.86,112.71,87.77,52.98,20.97,39.62,2110.6,2,0.12,32.0,84.8,2.64,91.4,1
9.97,40.1,62.03,46.52,31.34,0.0,36.55,407.9,2,1.03,176.6,257.4,7.78,45.6,0
0.58,4.2,11.51,44.85,34.87,0.0,34.41,1700.4,3,0.37,26.3,27.1,1.97,28.4,0
3.89,25.96,67.41,49.71,39.25,1.05,45.98,1961.2,4,3.92,205.3,350.1,0.08,84.3,1
12.73,117.69,177.69,164.3,64.85,44.84,45.54,1234.0,1,2.58,331.5,72.4,4.26,100.0,1
3.13,27.29,65.71,57.68,28.62,0.0,41.52,727.8,2,1.73,573.8,231.7,4.27,50.1,0
4.87,24.64,46.48,65.09,33.37,0.0,36.56,2241.9,3,0.09,233.4,387.4,8.88,40.9,0
7.15,30.29,84.61,79.56,42.13,8.52,32.97,341.9,3,1.75,30.1,393.2,11.6,82.3,1
1.37,9.28,16.93,18.69,29.44,0.0,41.89,1465.6,4,1.75,64.6,108.4,6.48,47.8,0
2.02,18.31,31.76,46.89,28.03,0.0,26.63,1083.0,5,1.04,11.2,53.4,49.37,83.7,1
2.22,17.26,37.89,52.88,23.45,0.0,28.4,1268.2,3,1.93,21.6,167.5,0.12,45.4,0
2.21,14.07,36.14,66.95,40.14,7.72,23.67,1426.8,2,3.51,6.1,36.6,20.14,84.7,1
8.07,62.36,104.11,105.62,51.76,18.41,46.5,1423.0,2,2.55,123.0,281.4,10.85,98.7,1
3.61,30.15,72.17,55.48,38.68,6.52,29.87,727.6,2,1.15,91.4,223.7,5.18,52.2,0
14.6,71.19,105.79,83.17,50.61,12.2,39.43,1727.4,4,0.55,298.7,285.8,1.25,89.2,1
6.22,76.52,205.58,152.66,80.41,42.3,34.93,340.2,4,1.17,74.6,102.2,0.06,95.1,1
2.66,15.49,23.45,25.48,17.99,0.0,58.0,344.5,2,5.25,123.4,146.7,0.81,71.1,1
10.13,47.12,126.28,107.64,56.3,14.83,39.76,1304.8,4,3.09,61.6,19.5,1.05,100.0,1
2.87,22.95,47.89,80.42,30.71,0.0,20.17,1438.0,4,0.05,212.3,209.5,0.02,27.7,0
15.26,83.58,169.44,138.29,70.49,39.39,45.99,877.3,4,2.75,313.1,120.1,17.0,97.0,1
3.91,20.17,55.73,74.61,31.16,0.0,32.71,1458.5,2,0.34,67.8,128.1,24.6,46.9,0
9.02,47.15,131.38,121.13,53.16,18.21,34.29,1383.8,2,1.52,10.4,337.9,10.48,98.8,1
5.94,38.12,88.06,100.49,54.63,20.58,30.28,1033.4,2,2.96,21.4,266.4,19.36,93.8,1
2.28,16.41,25.9,31.54,34.64,0.0,37.66,1668.7,3,1.48,153.0,137.9,0.91,37.2,0
3.28,14.78,31.17,59.18,12.0,0.0,37.55,2311.7,3,0.93,47.2,79.0,6.02,38.6,0
9.88,47.3,101.26,110.48,55.29,19.09,30.51,1330.7,4,0.7,184.7,106.4,0.23,95.8,1
8.08,60.02,127.26,95.44,55.19,21.99,31.68,1950.7,2,0.66,166.2,77.8,0.33,95.6,1
1.8,18.41,40.45,46.9,27.08,0.0,36.86,820.0,3,3.27,142.2,29.6,1.49,58.3,0
4.41,47.78,68.14,92.95,33.04,3.92,16.09,1900.1,4,3.14,202.0,186.8,2.41,79.3,1
2.5,26.02,62.33,80.65,31.76,0.0,23.75,1662.7,2,3.12,169.5,211.7,20.23,66.8,0
10.2,56.96,136.55,106.47,54.15,22.66,50.19,1643.4,2,0.6,120.2,638.6,4.95,95.3,1
1.39,15.69,24.51,46.31,20.1,0.0,38.79,2175.4,4,2.89,0.5,109.5,34.87,90.2,1
11.68,85.09,187.05,144.78,64.25,33.81,31.54,790.0,4,0.07,87.0,1064.1,0.36,97.8,1
4.27,20.53,45.07,56.35,26.38,0.0,21.58,1073.7,5,0.42,108.5,37.3,7.38,39.9,0
3.55,27.29,64.28,62.76,39.94,8.43,35.52,474.4,4,1.3,388.2,192.4,4.12,77.7,1
3.47,16.57,25.17,33.93,27.35,0.0,44.37,1824.9,4,0.94,126.1,945.6,39.63,59.8,1
1.08,5.24,11.94,43.12,26.68,0.0,58.0,2072.1,4,0.21,102.8,184.1,0.96,46.8,0
3.19,26.19,46.96,70.56,32.75,0.32,52.08,1152.3,2,0.08,93.5,108.4,0.51,46.8,0
5.09,24.96,52.67,78.56,26.91,0.0,28.46,1049.3,4,1.7,13.1,130.3,24.44,85.0,1
14.73,71.11,176.55,126.75,72.4,35.74,31.79,1683.2,5,0.68,67.0,336.2,1.47,96.4,1
1.44,9.74,23.26,57.15,20.49,0.0,23.49,458.7,3,0.03,17.3,503.8,19.45,31.7,0
2.77,23.92,37.46,40.82,34.37,0.0,28.85,917.1,3,1.01,6.5,108.9,3.86,63.9,1
2.67,15.81,35.21,47.12,22.86,0.0,34.19,1069.0,3,0.66,48.0,266.4,11.12,31.9,0
2.89,12.2,33.64,67.43,25.3,0.0,32.88,1389.0,5,1.55,124.4,488.4,10.18,58.8,0
2.99,15.86,25.68,42.14,25.02,0.0,53.46,1300.8,1,4.78,241.9,59.7,0.15,63.8,1
2.56,23.36,60.6,53.26,41.01,2.89,24.82,738.2,4,0.66,199.5,122.3,7.96,41.8,0
5.56,28.36,67.59,56.13,39.98,5.24,35.62,1435.7,4,10.54,41.9,969.4,3.47,99.6,1
4.69,30.7,76.24,75.84,41.47,9.76,18.46,2244.3,4,0.16,5.7,78.5,22.78,88.1,1
4.98,27.58,49.5,71.5,45.17,7.45,38.81,356.9,3,0.17,61.8,174.0,14.25,79.4,1
9.19,44.86,80.89,102.45,31.63,0.0,24.6,1728.6,5,2.25,45.4,192.6,0.12,83.5,1
0.7,4.2,11.2,47.72,16.91,0.0,45.37,1611.9,2,2.49,55.7,30.1,15.56,38.8,0
6.71,30.73,58.5,82.49,29.89,0.0,33.53,2241.3,2,0.99,98.3,295.8,7.27,50.1,0
26.34,129.9,193.33,164.31,63.51,38.46,24.08,1655.2,3,0.61,3.7,95.9,9.89,98.1,1
6.61,35.79,80.2,97.42,38.14,0.6,18.13,1612.2,1,2.84,55.6,124.9,40.93,77.0,1
4.84,45.83,72.17,55.34,44.33,14.52,27.68,1916.6,3,5.63,98.1,185.3,5.63,93.8,1
5.2,23.42,58.92,85.14,32.95,0.0,38.03,862.4,2,8.27,67.7,95.1,11.46,95.2,1
13.68,57.21,131.5,108.31,54.82,23.54,39.58,1551.0,4,1.81,132.0,70.8,2.23,92.5,1
5.79,56.04,147.1,142.09,50.85,18.19,31.76,1390.8,3,2.43,24.7,142.3,0.05,96.4,1
6.64,40.73,101.78,74.57,43.72,9.37,43.87,1220.8,4,3.11,20.0,76.7,2.39,99.0,1
17.59,141.82,220.81,180.71,79.06,48.0,26.35,466.9,2,2.89,44.2,102.5,3.97,100.0,1
2.99,14.37,27.78,56.16,31.63,0.0,14.0,914.5,2,9.04,12.9,20.7,1.7,86.4,1
1.2,5.93,14.73,59.43,14.07,0.0,38.4,888.0,2,2.99,32.3,335.3,52.68,70.4,1
5.43,52.2,103.58,106.93,46.27,9.92,46.97,1820.9,2,1.96,10.9,95.5,4.8,100.0,1
13.3,58.07,160.35,126.45,71.42,29.53,47.04,2233.4,2,0.85,61.7,15.6,25.37,100.0,1
1.42,12.8,31.09,50.29,26.04,0.0,24.95,784.7,2,1.64,149.1,280.9,4.6,22.4,0
4.79,22.23,31.61,42.04,16.16,0.0,31.37,456.7,3,3.82,40.5,3.6,0.51,54.1,0
1.37,8.68,22.85,28.67,34.07,0.0,42.15,2399.9,2,0.66,0.4,164.6,13.79,68.0,1
3.36,24.76,38.16,40.99,35.09,2.23,30.67,1751.5,3,0.06,97.7,218.3,0.13,30.3,0
5.6,52.42,83.7,69.4,48.65,14.58,36.9,2161.6,1,0.71,141.3,38.2,0.13,79.2,0
3.37,31.04,75.38,78.69,30.64,0.0,29.91,602.1,4,5.8,59.6,25.3,1.09,93.7,1
3.57,18.53,48.38,77.23,42.62,4.05,26.74,1981.6,2,2.84,42.3,21.8,13.14,73.4,1
3.99,22.98,49.42,78.2,29.2,0.0,28.38,2008.0,3,0.37,81.0,901.8,4.11,40.2,0
0.11,1.13,2.04,8.79,17.52,0.0,44.12,618.1,3,0.02,12.8,253.2,3.22,25.7,0
2.66,26.79,50.67,41.53,29.97,0.0,36.12,638.9,4,1.99,123.9,67.5,1.09,59.9,1
3.67,39.74,74.71,64.59,46.6,14.54,46.81,920.4,3,1.56,158.6,73.6,30.59,93.5,1
29.28,141.84,263.44,187.71,88.0,48.0,40.42,755.3,3,0.16,146.3,188.3,30.13,100.0,1
14.5,72.11,125.47,90.83,58.02,24.99,49.65,2348.4,4,6.09,47.8,110.1,9.98,100.0,1
1.4,15.62,35.18,45.35,30.31,0.0,42.95,1062.2,3,1.73,222.0,57.0,2.95,46.8,0
15.49,88.4,235.2,184.33,85.28,48.0,42.45,1898.7,1,1.9,352.2,10.6,5.12,100.0,1
6.37,67.47,123.46,111.27,48.89,15.0,34.98,1990.6,3,3.46,42.3,275.7,5.14,100.0,1
12.41,53.13,88.28,86.83,55.59,23.49,58.0,1110.5,5,0.74,36.6,394.4,10.31,98.4,1
7.65,32.66,84.07,74.88,34.76,2.06,36.96,1733.4,3,1.47,146.1,41.5,3.12,68.6,1
6.22,31.31,76.35,86.42,43.85,8.5,19.23,526.4,3,1.55,147.8,11.8,2.5,66.2,1
3.5,14.73,39.81,68.07,33.41,0.0,38.28,1133.6,2,6.16,85.7,22.7,2.49,81.9,1
0.83,3.82,6.23,24.63,28.67,0.0,27.65,2331.4,4,0.25,308.2,96.3,6.38,12.6,0
3.41,15.44,24.73,24.92,35.25,0.0,44.64,653.9,2,2.56,19.0,64.0,0.32,63.8,0
4.23,23.92,51.61,51.88,33.63,0.0,42.17,1110.0,2,1.54,77.9,13.7,2.36,54.9,0
4.13,31.3,70.74,57.16,42.99,7.12,34.37,1960.1,3,3.36,4.3,109.2,0.03,94.6,1
6.56,56.08,116.2,101.56,63.13,30.75,28.45,1697.4,3,3.21,6.5,41.0,17.46,98.8,1
3.34,24.59,55.05,47.8,35.02,2.09,37.24,1626.2,5,0.02,6.6,12.5,7.2,82.0,1
0.39,2.1,3.47,28.08,14.57,0.0,30.55,2091.8,2,0.53,81.2,193.1,4.07,5.0,0
13.44,122.93,254.65,180.46,88.0,48.0,42.7,361.1,3,0.36,106.7,153.0,1.41,96.3,1
12.57,101.41,235.4,191.26,78.09,48.0,40.73,1919.4,2,1.11,0.4,315.2,1.56,98.7,1
10.11,63.34,127.04,88.82,57.8,23.68,58.0,2153.4,4,4.24,120.1,64.8,4.03,96.6,1
21.52,179.89,422.95,304.88,88.0,48.0,32.22,334.0,3,0.01,80.7,26.3,8.24,100.0,1
5.52,30.65,62.27,53.1,36.71,0.0,33.42,1473.8,3,1.21,30.4,80.4,34.99,74.4,1
29.65,125.15,233.66,156.92,75.7,45.34,34.68,1032.0,3,3.89,1.8,271.5,0.38,97.2,1
0.81,3.93,7.18,48.78,28.14,0.0,35.06,406.6,3,4.69,20.4,49.8,1.13,71.6,1
4.83,24.99,49.36,67.3,23.16,0.0,44.73,1177.3,3,1.93,110.1,53.0,6.81,65.7,1
2.04,11.4,16.32,20.06,15.3,0.0,33.65,1652.5,3,3.19,129.0,28.7,4.48,30.5,0
3.04,18.67,43.61,63.23,31.14,0.0,52.77,2229.9,3,0.7,125.0,775.1,10.26,57.8,1
1.1,9.83,25.39,49.03,28.62,0.0,40.95,1603.1,3,0.61,19.9,615.7,0.47,47.1,0
9.53,41.04,77.83,76.89,44.33,9.75,31.87,2099.2,4,0.09,290.6,193.2,27.28,85.0,1
7.6,62.2,91.08,83.07,45.11,10.66,29.7,555.3,3,1.26,63.5,43.5,14.01,91.9,1
3.13,32.79,91.21,104.2,56.1,17.05,44.85,742.1,5,1.1,175.3,261.9,0.43,98.0,1
3.46,16.69,29.52,35.22,28.66,0.0,36.24,2337.6,2,0.84,21.9,157.8,0.06,39.2,0
6.91,62.87,99.17,87.38,53.97,19.4,36.08,2163.5,2,0.22,76.3,249.2,40.12,98.4,1
6.49,45.3,86.87,76.28,49.05,16.5,30.91,794.0,3,0.47,88.5,354.4,12.74,88.0,1
1.66,19.57,47.63,70.66,25.58,0.0,35.48,1604.0,2,0.41,176.5,69.0,12.52,33.9,0
5.12,49.57,89.79,104.6,44.12,10.95,30.57,1061.5,3,5.19,116.6,441.0,4.17,93.3,1
1.36,12.46,27.46,61.09,40.43,0.0,47.57,1284.1,2,6.11,61.2,411.9,3.39,90.1,1
1.89,21.2,42.01,68.21,28.74,0.0,42.1,2107.8,4,0.01,39.8,142.6,18.81,65.9,1
17.44,91.03,142.44,141.99,55.84,26.48,34.51,1845.0,3,0.34,433.2,207.7,16.03,97.1,1
5.17,23.24,43.28,64.5,33.14,5.78,34.39,800.7,3,3.95,40.2,95.3,4.4,90.3,1
3.75,26.15,63.15,79.84,34.87,1.52,36.78,963.6,4,0.07,16.6,191.6,22.43,80.1,1
20.7,90.53,204.3,182.02,72.44,40.52,35.95,908.4,2,5.17,42.9,143.3,4.21,100.0,1
6.56,56.43,88.46,62.82,41.87,11.4,27.87,1939.4,4,0.86,47.5,70.2,39.94,94.3,1
0.7,5.19,8.46,39.03,30.96,0.0,19.84,1329.2,3,1.39,16.4,70.2,26.95,38.3,0
1.56,14.78,33.96,60.33,28.69,0.0,29.22,2296.5,2,2.6,147.8,189.8,8.1,36.6,0
0.3,1.59,4.04,48.93,13.16,0.0,34.91,2015.0,4,0.5,115.8,564.8,1.13,16.2,0
6.17,40.76,77.0,94.83,32.49,0.0,29.73,743.5,3,0.19,45.7,40.5,23.92,75.0,1
5.8,31.48,70.3,88.58,52.92,14.85,42.96,1950.5,3,2.99,595.4,89.7,0.51,89.0,1
3.13,14.94,24.48,63.47,25.51,0.0,34.05,1362.8,4,7.52,127.7,294.9,10.35,87.9,1
20.78,120.27,220.8,172.7,84.43,48.0,51.93,832.8,4,1.94,145.8,23.6,5.1,97.2,1
5.72,30.64,43.76,33.76,27.63,0.4,31.23,1063.0,4,3.14,97.8,926.0,41.09,81.0,1
3.67,15.36,38.03,30.22,32.57,0.0,37.2,2341.5,3,5.1,96.2,204.1,32.78,83.8,1
3.38,25.85,50.7,62.46,42.95,12.81,33.54,1316.3,4,0.47,2.4,435.0,8.98,91.2,1
7.14,50.62,128.72,108.25,52.13,18.41,39.74,1811.2,2,0.78,176.8,327.7,0.55,91.8,1
2.09,10.33,24.72,41.37,29.67,0.0,45.06,1301.9,4,0.44,289.9,270.2,10.45,37.1,0
4.02,21.87,56.0,59.42,27.25,0.0,41.17,1080.3,3,0.11,15.6,6.0,6.35,59.4,1
6.77,61.31,110.34,118.02,63.03,32.44,18.74,1972.5,3,2.37,190.5,93.9,12.44,99.5,1
3.8,26.41,43.82,49.65,33.88,0.0,40.25,2081.5,4,0.28,91.7,40.6,0.11,56.0,0
5.22,32.7,90.26,102.2,42.8,9.74,27.41,451.0,4,0.18,40.3,369.1,27.95,89.2,1
3.06,20.23,48.65,77.25,31.83,0.0,33.37,885.9,5,0.8,304.4,205.3,1.35,55.0,0
0.74,6.69,17.17,38.64,21.75,0.0,41.86,1366.5,3,0.11,2.1,20.4,0.0,44.3,0
4.36,18.39,26.09,42.07,24.55,0.0,26.48,964.6,2,0.36,38.4,80.2,8.66,22.1,0
7.15,34.1,64.66,81.28,23.42,0.0,45.83,1945.5,5,0.13,260.9,12.9,20.76,74.4,1
2.59,15.99,39.01,62.21,30.33,0.0,33.0,540.9,3,3.78,78.7,242.5,33.31,78.6,1
1.69,8.63,13.02,28.25,22.81,0.0,54.45,1975.4,4,2.72,109.6,97.5,19.63,70.9,1
15.21,65.41,143.53,102.91,63.12,26.83,36.58,1597.6,4,3.53,166.2,48.1,3.9,100.0,1
15.71,152.26,304.63,214.93,88.0,48.0,50.5,907.7,4,3.65,19.2,131.3,18.01,97.9,1
6.78,55.35,78.85,62.15,37.45,2.06,46.18,1023.4,4,5.2,29.1,7.7,9.33,100.0,1
14.03,81.46,140.96,109.89,59.42,31.71,30.81,684.1,4,0.37,791.1,53.5,11.23,95.8,1
3.68,17.03,30.64,36.7,18.91,0.0,24.94,830.4,2,4.14,32.5,34.7,41.82,74.1,1
10.2,118.34,184.21,153.44,72.44,46.52,36.97,1806.3,5,1.34,93.0,480.3,0.03,95.8,1
5.33,21.54,49.2,79.93,22.6,0.0,31.05,1089.4,2,0.33,42.6,85.2,0.02,29.7,0
16.71,106.23,184.78,155.96,78.46,48.0,49.43,1743.7,1,1.92,228.8,158.1,0.07,89.9,1
27.22,192.92,345.07,270.99,88.0,48.0,33.9,1379.6,3,0.71,391.7,125.8,2.66,93.9,1
6.72,51.77,137.58,129.71,52.96,27.08,33.45,605.1,4,0.09,18.3,193.8,0.94,97.7,1
15.6,142.27,292.22,227.7,88.0,48.0,24.13,1348.0,4,0.15,110.1,58.9,11.91,98.3,1
7.71,35.93,70.04,69.16,40.28,4.68,39.56,1888.6,3,0.99,200.3,23.2,48.86,87.5,1
4.92,20.3,48.99,51.46,27.66,0.0,26.02,925.1,4,3.15,207.8,15.3,7.08,57.5,0
4.66,31.01,82.91,96.98,31.08,6.47,39.76,1661.0,4,0.67,69.7,38.7,4.6,82.8,1
7.63,31.52,45.24,75.15,34.56,0.0,40.93,718.0,3,2.62,30.6,118.7,35.3,92.5,1
3.68,16.71,33.88,47.36,24.72,0.0,29.63,585.0,3,0.1,58.8,48.5,2.63,22.0,0
5.91,36.55,82.42,58.98,49.65,13.75,44.13,1056.5,3,0.9,166.9,102.4,8.28,84.2,1
27.74,142.55,263.14,211.71,88.0,48.0,33.66,1117.3,4,0.25,609.6,5.4,23.38,98.6,1
1.74,11.33,28.12,36.11,23.68,0.0,23.49,1898.1,5,3.59,97.0,177.8,0.72,47.7,0
9.73,55.63,153.53,105.24,73.78,38.54,49.13,1266.2,1,6.19,26.0,378.9,9.97,100.0,1
7.67,85.32,232.13,192.11,88.0,48.0,28.15,470.6,2,0.71,5.1,8.8,0.21,99.3,1
22.91,115.49,204.7,161.34,55.38,34.71,40.31,1631.4,1,8.1,345.2,44.3,1.79,97.6,1
10.46,117.51,201.75,166.97,73.57,41.79,39.62,1285.4,3,2.51,79.2,68.8,2.3,95.3,1
6.03,27.53,75.43,95.19,32.82,0.0,39.31,996.5,3,0.0,151.3,61.0,49.62,78.5,1
29.54,134.11,273.85,207.36,88.0,48.0,39.16,1984.7,3,1.2,129.5,7.4,23.88,99.7,1
7.26,60.35,102.09,94.0,47.72,9.15,27.75,624.2,4,3.23,265.8,20.3,6.43,97.2,1
2.56,18.99,45.38,47.58,34.83,0.0,50.38,2217.7,3,1.37,37.1,438.4,18.37,73.9,1
4.29,26.53,47.71,49.75,34.93,0.0,44.13,1001.5,2,1.44,69.9,223.7,6.92,53.9,0
8.1,44.66,79.23,92.35,48.65,18.45,40.04,1268.0,3,1.07,293.9,572.5,0.75,94.3,1
1.71,13.29,34.97,47.94,33.61,0.0,24.67,2251.4,1,0.9,105.7,104.5,5.39,18.1,0
6.63,36.67,59.67,51.15,40.16,9.51,27.68,1898.6,4,0.05,8.9,380.2,17.2,83.7,1
5.22,40.0,59.6,47.99,37.9,3.07,41.59,456.0,3,1.75,26.0,305.2,65.34,97.8,1
1.13,12.69,22.54,40.94,34.03,0.0,18.97,1514.4,3,2.62,32.5,374.2,11.46,48.3,0
2.62,32.59,73.32,73.58,38.63,1.55,38.88,951.8,3,2.81,609.7,7.2,5.85,83.2,1
5.78,59.43,93.44,95.14,44.42,10.29,24.68,1367.8,3,1.76,30.5,190.3,1.31,95.1,1
6.01,27.99,57.66,63.67,24.71,0.0,28.62,1860.2,3,0.75,244.5,150.5,2.91,33.5,0
3.54,14.53,33.11,32.98,35.61,0.0,24.01,1342.0,2,0.04,9.8,141.8,0.24,29.9,0
2.12,13.91,35.99,51.25,29.62,0.0,38.09,449.1,3,4.07,24.1,126.4,0.02,77.2,1
4.01,23.96,41.25,72.62,49.15,13.71,45.49,1413.0,2,1.01,246.7,286.1,48.96,93.3,1
10.13,96.54,245.62,171.83,86.34,48.0,38.96,350.7,3,1.65,275.0,619.9,43.95,94.6,1
2.57,14.8,25.6,52.68,27.7,0.0,39.89,1031.7,4,0.39,23.3,317.8,3.39,55.6,0
4.33,41.39,97.17,94.88,50.49,15.65,37.43,1303.9,3,0.28,31.3,367.8,0.23,92.1,1
3.62,19.7,39.46,64.34,24.44,0.0,41.8,1653.8,4,0.16,90.7,119.1,14.79,55.1,1
4.86,20.36,31.77,32.43,31.05,0.0,39.97,1363.0,2,2.89,6.5,211.2,14.45,79.4,1
8.93,78.8,189.11,170.29,73.16,37.28,14.0,619.1,1,1.87,348.7,96.7,1.82,99.5,1
12.57,59.84,102.02,99.26,46.74,16.86,43.7,2257.7,1,1.75,53.9,80.4,9.19,96.2,1
0.72,8.55,14.08,52.27,30.98,0.0,42.81,1665.6,2,4.53,80.6,406.2,2.44,63.5,1
4.03,28.0,53.26,50.71,29.49,0.0,32.92,965.6,3,0.31,13.3,424.1,8.95,59.0,1
0.24,2.46,5.7,41.98,23.24,0.0,19.22,2328.5,3,0.34,4.0,206.4,2.15,26.1,0
3.63,25.95,44.84,69.29,41.28,2.6,38.06,2153.4,4,0.38,75.7,327.5,3.17,67.8,1
4.84,44.21,73.26,70.51,36.27,6.69,38.78,601.3,4,0.99,15.6,80.4,15.63,95.0,1
1.08,7.51,10.62,29.18,21.19,0.0,32.26,1676.4,4,3.73,119.4,102.4,39.48,65.0,1
3.79,25.08,51.67,68.19,48.54,12.9,37.59,1476.1,3,3.84,189.9,309.7,0.0,88.2,1
2.64,20.13,40.26,35.37,34.12,1.86,45.11,704.9,2,1.61,3.9,91.4,0.42,74.2,1
18.21,95.03,164.16,144.81,62.93,32.59,56.38,790.3,3,1.93,113.7,7.3,0.23,100.0,1
43.47,184.05,271.49,183.4,88.0,48.0,37.25,1483.9,2,4.1,202.9,78.5,7.3,97.2,1
1.78,11.99,23.98,29.17,23.31,0.0,38.84,974.7,3,1.76,69.5,91.4,13.06,42.5,0
6.29,55.84,139.8,125.76,49.75,19.22,29.0,2053.1,4,0.47,385.4,30.2,54.52,99.1,1
3.69,29.3,70.37,55.16,47.94,8.63,31.74,505.3,3,2.2,14.1,75.9,15.24,90.1,1
5.85,25.97,67.65,92.7,32.32,0.0,34.84,2219.5,1,2.64,46.8,490.4,32.12,81.4,1
9.87,55.72,78.75,95.26,56.76,18.38,46.01,2065.2,5,1.82,31.4,352.0,8.29,98.2,1
13.96,88.73,244.27,191.96,85.46,48.0,42.96,1851.1,2,0.58,668.5,106.3,1.73,100.0,1
11.86,112.48,211.23,179.16,88.0,48.0,52.4,851.4,5,0.92,41.8,222.7,33.96,100.0,1
6.64,42.43,118.25,121.8,44.9,9.46,23.33,1801.4,4,1.14,58.9,29.6,7.15,96.1,1
3.14,24.68,43.28,44.81,38.27,0.0,24.75,1221.4,3,0.28,225.8,251.4,0.07,23.9,0
16.03,66.7,137.41,132.54,61.47,30.28,45.37,1630.9,1,1.08,319.0,116.3,1.52,100.0,1
4.04,17.53,33.22,35.36,34.33,3.58,48.32,956.4,5,0.32,333.2,230.8,15.96,68.9,1
2.91,30.84,58.53,61.65,42.2,8.46,36.28,2055.3,4,1.25,98.0,185.9,1.56,83.9,1
2.64,15.75,40.61,56.52,28.39,1.37,14.0,385.2,2,0.09,130.6,47.7,0.02,9.7,0
4.96,41.96,102.6,103.81,40.87,2.9,29.68,1752.1,3,5.34,51.5,324.0,2.4,94.1,1
3.01,20.09,56.04,42.78,35.39,0.0,38.85,2040.1,3,0.51,112.1,152.8,10.89,45.2,0
4.42,19.3,43.59,46.41,33.54,0.0,28.35,1657.5,2,1.13,43.3,276.0,27.42,48.2,0
15.62,92.07,188.62,154.99,69.98,39.66,37.57,703.2,1,0.06,164.5,17.8,35.03,95.7,1
1.53,11.19,17.08,32.18,26.45,0.0,52.14,898.5,2,0.39,44.0,172.0,20.41,46.0,0
3.58,31.0,86.64,96.19,46.24,7.7,48.12,1381.3,1,2.13,253.8,62.1,7.67,88.4,1
3.22,14.89,32.35,55.35,23.6,0.0,42.88,991.8,1,0.21,18.6,355.1,1.09,33.7,0
0.9,4.86,11.57,23.07,25.61,0.0,35.45,310.3,2,1.78,101.8,537.5,7.56,22.4,0
0.53,3.33,6.56,15.83,20.23,0.0,31.8,385.4,2,0.0,88.2,10.3,4.93,5.7,0
1.13,9.69,21.0,46.96,21.68,0.0,42.44,1912.3,2,1.13,36.7,231.9,20.23,39.1,0
9.77,71.38,194.12,151.45,79.08,43.01,36.22,475.8,5,2.3,3.4,19.6,23.16,99.5,1
3.55,14.59,23.83,28.09,22.01,0.0,36.51,2248.8,3,4.69,19.3,350.7,41.42,86.7,1
17.74,105.31,190.54,143.54,70.61,39.11,22.81,1229.7,3,1.22,412.9,23.9,2.32,94.2,1
5.91,39.91,64.37,60.47,38.45,2.51,29.93,1892.2,3,3.3,340.2,39.0,35.31,88.8,1
4.19,24.83,62.3,50.36,45.69,10.3,42.39,563.6,1,2.92,15.2,52.2,7.4,91.2,1
9.55,44.97,66.86,73.07,39.88,9.05,26.64,2245.7,4,0.63,56.4,234.2,0.75,81.0,1
3.91,28.35,42.94,67.27,35.19,4.45,38.26,371.0,3,3.74,75.1,62.3,0.9,87.4,1
6.07,54.96,99.91,95.84,46.19,14.91,39.51,388.5,3,1.84,78.0,163.2,18.45,97.4,1
3.05,16.99,36.01,65.59,29.61,0.0,40.0,414.6,5,0.2,42.6,152.7,19.54,68.0,1
2.97,15.37,30.26,30.41,28.18,0.0,40.76,517.2,4,5.04,293.0,92.6,8.21,80.3,1
18.34,91.17,133.36,111.29,59.1,29.11,41.34,1322.3,3,0.35,287.0,139.6,8.2,100.0,1
23.67,102.93,282.09,215.78,88.0,48.0,30.7,1955.4,5,1.14,2.3,22.6,5.39,96.2,1
13.19,92.18,252.02,199.24,88.0,48.0,23.52,898.4,4,1.13,126.0,376.0,31.22,95.8,1
3.01,32.41,58.06,74.05,34.02,2.46,28.57,1866.1,5,1.77,9.3,41.8,11.91,94.4,1
14.84,61.09,148.08,134.06,51.22,19.33,42.2,1925.5,1,1.97,109.2,382.0,8.13,96.0,1
4.74,30.8,68.06,78.55,55.51,20.14,25.79,2207.4,5,0.48,242.0,131.6,5.97,87.8,1
6.3,33.9,58.72,47.41,34.48,0.0,27.15,613.6,3,0.78,125.8,171.3,2.63,40.1,0
2.67,13.82,24.42,52.16,34.72,0.0,27.11,584.6,4,0.28,75.9,53.5,4.68,39.0,0
7.09,41.01,85.61,93.26,52.4,14.12,20.31,556.4,2,0.24,380.1,45.3,3.86,64.4,0
0.91,7.88,15.66,59.88,30.06,0.0,26.25,1054.6,2,3.14,164.7,121.5,0.8,35.1,0
3.11,14.91,26.95,53.72,26.36,0.0,44.5,1327.8,1,2.5,34.4,56.0,0.13,55.6,1
16.13,74.45,188.4,158.37,74.47,41.17,29.91,1269.4,3,1.05,58.7,99.0,2.72,100.0,1
2.85,16.37,33.94,50.23,21.86,0.0,21.13,839.8,2,0.18,171.2,104.4,2.72,11.6,0
2.59,15.9,36.84,68.0,42.26,5.49,31.65,1606.2,1,1.08,2.3,56.9,29.47,79.1,1
0.4,4.07,6.78,54.27,16.79,0.0,40.34,1010.4,5,0.63,7.9,62.1,2.89,57.9,1
10.49,111.27,238.89,195.33,85.36,48.0,20.44,1068.8,4,2.71,235.4,649.5,9.46,99.4,1
3.84,27.9,51.48,66.02,35.01,0.0,44.1,521.6,3,0.18,5.3,159.4,0.28,77.7,1
3.23,24.34,52.02,42.37,33.92,5.28,23.75,1543.7,4,1.08,136.2,320.9,11.59,52.1,0
15.26,63.04,157.16,139.86,60.06,30.92,32.64,1676.1,3,1.61,46.1,8.4,0.12,100.0,1
14.76,69.24,171.47,148.34,76.38,44.5,32.53,1891.7,2,7.65,209.8,0.3,16.87,99.6,1
3.15,16.39,31.07,60.1,34.4,0.0,31.23,2198.4,3,0.17,225.5,131.8,9.48,33.2,0
8.22,48.96,116.12,86.08,54.45,22.22,35.45,1908.6,4,0.22,367.8,315.6,3.26,93.9,1
6.9,63.63,172.95,146.83,66.03,32.23,42.62,795.1,2,7.97,12.1,169.9,0.18,97.1,1
10.8,43.83,99.77,83.16,54.32,22.42,35.65,794.9,3,0.94,66.0,173.6,2.07,96.2,1
1.89,13.11,21.08,52.92,23.12,0.0,30.85,2221.7,3,2.45,102.4,27.0,1.48,34.9,0
8.42,85.76,201.67,146.9,85.89,48.0,39.89,1959.3,3,2.75,297.3,691.7,1.53,100.0,1
6.18,37.7,58.32,73.69,37.0,3.8,37.76,1942.7,2,0.68,37.2,135.8,0.83,66.4,1
4.34,18.97,49.73,50.6,41.3,0.0,30.31,1811.4,4,0.43,8.9,19.5,2.97,68.7,1
5.37,23.25,49.36,37.49,33.14,0.0,36.36,861.1,3,0.58,27.0,96.3,1.18,44.0,0
1.2,14.61,28.34,51.92,28.36,0.0,29.61,2079.6,4,2.6,82.1,13.4,1.93,54.7,0
3.1,13.44,19.89,23.03,32.92,0.0,28.64,600.1,5,3.3,137.1,97.5,0.62,60.2,1
6.82,54.08,104.55,102.63,62.44,25.53,42.85,1035.0,4,2.16,140.8,223.8,1.85,97.8,1
0.35,4.04,10.76,53.64,32.37,0.0,39.8,1027.6,4,1.05,9.3,70.4,17.97,70.0,1
6.93,30.91,44.18,77.33,37.63,0.0,42.55,1476.3,2,0.55,172.0,67.6,2.89,55.6,0
6.02,26.53,54.78,51.22,38.87,7.4,41.4,1273.2,4,1.0,129.5,130.0,4.5,75.2,1
3.06,16.85,45.55,71.02,29.71,0.0,28.46,1265.6,3,4.43,62.8,124.2,4.09,67.9,0
22.82,128.47,250.88,183.98,88.0,48.0,44.51,1462.5,4,3.58,101.6,113.3,7.87,97.8,1
4.56,20.91,41.81,72.7,26.23,0.0,33.47,1172.4,4,0.7,175.2,130.9,4.8,49.5,0
3.98,18.62,41.14,67.18,33.77,2.16,43.9,825.0,3,0.72,36.5,8.8,10.38,68.0,1
4.64,20.06,41.09,35.04,34.15,0.0,34.94,1694.7,3,2.73,337.7,115.7,0.04,46.2,0
3.89,22.38,36.61,47.12,18.49,0.0,38.66,1960.3,2,1.0,17.8,869.3,26.49,55.4,1
1.53,6.25,8.91,25.97,22.73,0.0,38.92,1305.9,3,1.53,279.0,260.2,9.61,28.1,0
13.42,53.8,121.26,119.15,56.44,25.03,42.91,1663.9,3,0.99,162.0,61.0,8.49,100.0,1
11.97,119.97,322.61,233.16,88.0,48.0,22.11,1424.3,3,0.5,129.6,203.8,4.12,100.0,1
2.0,8.92,13.82,44.79,26.02,0.0,22.6,423.9,3,0.38,10.4,72.1,0.19,29.7,0
6.89,41.75,70.77,78.11,31.77,4.33,41.71,1188.5,4,0.27,301.6,38.3,0.44,69.4,1
8.4,57.61,110.52,120.74,46.29,15.22,39.03,320.7,3,0.02,42.0,267.3,0.02,94.6,1
12.5,67.85,171.82,158.88,74.32,41.71,29.41,1689.9,5,0.59,164.3,42.3,1.04,100.0,1
1.87,20.93,37.19,48.42,30.42,0.0,39.1,1367.1,4,0.34,259.3,352.1,1.93,41.4,0
3.12,18.79,49.52,69.75,35.91,1.31,24.03,566.3,5,0.54,33.6,86.2,2.98,58.7,0
5.36,23.49,34.69,64.88,26.43,0.0,58.0,1438.6,4,0.14,295.3,254.5,0.67,58.1,1
6.32,54.32,147.62,141.4,61.45,20.44,47.15,2186.7,3,0.75,113.6,54.1,6.43,99.5,1
9.47,62.07,135.63,96.23,44.17,15.03,41.29,1015.0,3,1.32,129.1,190.4,0.84,89.5,1
1.97,8.21,19.06,30.98,30.41,0.0,36.64,2363.0,4,5.21,295.1,43.0,2.7,69.0,1
4.64,30.33,58.07,57.16,47.11,9.83,30.74,2314.7,4,0.77,89.8,4.0,9.29,76.9,1
12.0,85.19,212.52,162.69,73.12,39.29,24.86,1949.2,4,0.06,69.7,303.3,15.83,95.4,1
10.89,70.32,114.85,87.27,46.52,21.22,35.03,2009.0,4,0.81,120.4,349.0,11.41,97.5,1
26.86,159.61,234.39,179.68,88.0,48.0,28.69,1162.1,4,3.06,96.9,382.5,0.09,95.4,1
11.38,60.71,118.61,111.94,62.05,27.65,29.19,1145.3,2,0.75,7.6,6.7,12.32,98.0,1
4.33,20.02,51.95,61.15,34.53,3.44,23.96,2304.2,3,0.62,23.9,257.6,0.0,41.6,0
6.84,43.59,107.09,104.57,42.61,7.7,38.12,1069.0,3,4.52,1.6,325.3,12.5,100.0,1
10.82,49.4,104.93,76.19,48.13,12.36,32.8,503.4,2,0.63,13.7,67.2,2.86,83.7,1
2.02,11.81,25.99,61.32,21.1,0.0,40.55,620.7,5,6.33,157.1,114.4,5.88,90.6,1
4.48,32.58,51.54,80.76,30.42,0.0,39.89,1791.8,4,3.22,0.6,94.3,3.66,90.5,1
9.05,47.18,121.58,111.84,52.22,17.03,37.95,1104.3,3,2.08,43.6,104.4,6.87,97.6,1
1.66,8.24,20.61,58.06,20.19,0.0,58.0,718.6,3,1.64,71.6,337.6,15.73,66.6,0
10.62,60.74,140.86,102.48,54.77,22.23,43.0,2009.0,4,0.46,333.3,97.4,2.37,97.9,1
3.54,39.46,80.99,93.53,43.13,8.78,25.29,1326.2,1,2.36,47.5,64.8,14.01,83.4,1
12.18,111.83,307.56,210.28,88.0,48.0,39.9,1492.0,3,0.77,183.4,25.1,7.86,95.9,1
1.11,8.65,22.75,38.15,17.83,0.0,35.54,623.3,3,1.2,63.1,202.2,0.36,22.2,0
2.08,16.24,37.4,43.88,32.85,0.0,24.6,704.8,4,0.2,12.4,15.8,0.0,44.1,0
8.13,41.82,80.32,83.56,40.2,7.62,23.92,564.3,4,0.63,12.5,11.4,1.37,84.4,1
2.15,25.83,58.51,56.6,40.71,4.25,39.85,1380.5,3,1.36,68.0,206.0,6.8,76.6,1
9.66,46.32,102.17,100.09,53.29,20.07,41.93,1928.9,4,1.14,7.2,213.3,39.28,100.0,1
6.95,55.53,108.38,91.98,47.08,11.01,27.11,1837.8,5,0.76,101.7,40.0,12.47,100.0,1
0.78,5.9,10.79,50.75,26.71,0.0,44.25,848.6,3,1.15,81.7,567.2,0.04,33.5,0
5.88,34.62,68.19,77.85,34.07,3.64,38.42,2088.3,2,2.46,145.5,279.1,4.43,67.0,1
4.18,35.82,78.93,65.99,50.04,15.93,46.16,521.9,4,1.11,24.6,208.8,8.12,95.5,1
6.94,30.11,60.2,59.26,32.06,0.0,45.26,539.5,3,1.27,107.9,252.7,2.91,61.2,1
9.33,98.75,174.69,156.68,71.03,44.41,34.65,2083.5,3,2.17,23.0,95.6,18.52,100.0,1
11.78,75.76,186.78,143.8,71.17,35.67,49.9,813.3,1,3.32,153.7,109.5,1.66,99.8,1
9.6,42.76,91.69,88.71,39.57,3.93,26.45,1787.0,3,1.35,44.0,367.5,0.47,81.7,1
9.77,52.9,79.07,85.6,47.54,11.81,56.32,319.1,3,5.33,114.4,4.6,3.52,100.0,1
2.92,22.53,43.17,48.71,28.4,0.0,28.53,496.6,4,0.78,257.1,291.9,0.87,28.8,0
15.49,102.24,269.81,193.61,85.35,48.0,35.59,1579.5,1,0.52,80.4,106.8,1.16,99.1,1
9.9,49.46,121.54,105.39,36.74,2.35,31.18,683.1,3,2.13,25.6,112.2,2.59,94.0,1
13.68,55.74,103.25,81.78,43.66,12.34,32.8,359.2,4,0.35,260.7,70.9,7.56,92.4,1
18.94,81.71,221.72,161.91,88.0,48.0,58.0,1280.6,1,4.14,53.3,168.1,0.25,99.0,1
1.86,13.47,20.3,20.99,33.23,0.0,32.07,994.1,4,0.88,157.2,202.7,17.23,35.0,0
14.52,58.17,159.72,122.49,60.41,19.44,43.23,1984.7,2,2.16,46.3,31.5,0.6,100.0,1
1.68,20.79,36.25,42.99,27.9,0.0,34.0,2019.5,4,1.52,42.5,150.1,8.1,55.9,1
1.66,19.55,27.62,66.24,24.94,0.0,43.96,1590.3,3,0.1,123.3,112.6,24.98,54.6,0
3.57,16.25,32.61,52.73,21.13,0.0,31.37,915.4,3,2.22,20.4,274.1,2.3,56.6,0
16.11,141.46,269.13,215.37,88.0,48.0,38.18,1269.4,3,2.81,242.1,141.9,58.94,100.0,1
6.95,76.93,165.77,114.79,72.3,37.74,41.34,1774.7,2,7.28,58.8,101.0,7.57,100.0,1
5.14,42.74,107.51,79.68,53.13,12.83,29.86,445.5,1,0.97,2.3,135.5,9.15,95.6,1
7.56,49.57,127.86,124.76,57.44,28.09,58.0,998.2,4,1.26,43.7,121.4,6.2,98.7,1
6.0,29.39,57.66,70.54,28.13,0.0,41.79,2027.0,3,3.74,184.4,492.5,2.78,81.6,1
20.32,109.18,218.55,155.65,81.8,48.0,34.08,1152.7,5,0.56,235.4,67.3,25.59,98.2,1
4.51,37.43,60.16,62.32,23.02,0.0,30.07,1611.8,4,0.38,100.7,6.9,0.63,49.7,0
5.22,31.5,46.2,59.27,37.99,0.69,36.78,502.3,4,0.26,41.8,195.2,13.49,67.6,1
3.75,15.78,36.27,66.54,31.71,0.0,25.66,1931.8,3,6.89,90.1,166.7,0.29,83.5,1
12.33,56.42,84.08,62.37,35.47,2.21,51.15,511.0,1,0.57,217.2,433.4,5.5,71.3,1
8.1,60.0,145.63,126.51,70.48,39.49,39.67,2109.2,5,2.55,45.6,22.5,0.56,93.8,1
6.11,24.72,53.27,71.89,24.14,0.0,35.25,523.9,2,1.08,58.4,133.1,3.35,41.0,0
0.64,3.2,5.37,52.49,24.69,0.0,44.89,2170.9,3,0.5,93.1,29.4,0.86,23.2,0
7.05,77.75,167.57,150.24,70.25,33.48,29.87,1063.9,4,4.4,261.8,109.5,7.96,97.4,1
1.01,11.76,19.48,30.09,18.02,0.0,26.17,1611.5,3,1.12,104.7,289.1,28.46,25.4,0
5.82,53.55,107.86,107.04,49.97,16.16,34.89,2077.8,2,1.5,27.9,350.6,0.02,99.1,1
27.23,133.67,336.76,258.24,88.0,48.0,37.08,321.5,3,0.45,11.2,323.1,2.54,97.6,1
2.58,23.15,47.39,68.64,16.19,0.0,40.51,858.0,5,0.71,12.0,142.7,0.73,66.9,1
2.09,12.54,20.17,55.01,19.24,0.0,23.45,2207.5,5,2.48,360.1,180.9,7.53,41.0,0
5.08,53.04,128.0,128.87,52.14,16.81,32.12,1115.2,4,0.76,207.4,144.4,16.8,100.0,1
14.85,62.76,104.27,77.21,53.06,19.36,14.0,1783.4,4,1.27,174.2,148.3,0.01,86.1,1
4.74,34.25,83.37,63.9,43.75,13.98,25.95,594.0,1,0.22,82.3,389.5,14.62,57.5,0
30.74,131.16,271.65,217.41,88.0,48.0,42.08,1724.6,2,3.42,134.0,42.3,5.4,98.4,1
3.28,13.62,27.71,34.37,21.67,0.0,44.17,453.6,3,2.41,16.3,104.0,0.38,56.5,1
2.54,31.4,81.38,60.53,39.61,6.9,26.29,1806.4,1,2.57,116.4,169.5,3.59,57.1,1
8.94,56.24,134.54,110.51,52.09,18.52,33.24,980.0,3,0.35,199.8,260.9,1.04,97.9,1
6.91,82.06,118.66,119.03,45.88,14.25,36.22,1278.3,1,1.23,7.7,258.3,1.05,100.0,1
3.92,16.74,30.37,30.44,24.94,0.0,45.16,649.1,3,0.05,42.1,22.4,9.9,34.9,0
10.05,59.76,156.52,136.97,64.27,29.41,49.0,1618.5,1,0.68,14.0,45.2,15.06,100.0,1
2.99,32.27,46.0,35.07,29.45,0.0,37.3,1008.9,2,0.77,36.2,436.5,4.11,45.9,0
2.21,22.4,48.46,41.44,31.63,0.0,33.78,1105.1,4,4.41,177.7,79.6,2.23,79.5,1
0.97,6.7,16.2,31.32,28.7,0.0,23.73,1669.6,2,8.88,48.4,0.5,0.55,80.2,1
17.81,74.26,168.62,118.36,64.21,35.5,36.92,675.6,1,1.73,140.4,40.1,3.3,96.3,1
1.81,9.13,22.51,57.7,18.3,0.0,53.64,2089.2,2,1.31,178.1,628.5,9.95,37.0,0
4.51,19.81,47.85,74.99,36.78,0.0,46.97,1852.5,4,1.04,203.6,66.7,5.57,71.0,0
3.65,25.62,60.68,78.44,38.59,4.09,37.49,1513.2,3,0.03,248.0,171.2,2.29,53.5,0
6.41,73.36,187.07,137.51,74.35,37.64,38.58,569.5,3,2.9,109.2,233.5,1.23,100.0,1
12.26,49.9,114.96,103.27,55.94,22.72,30.15,1742.9,1,2.01,39.5,187.2,21.64,95.1,1
5.48,66.06,129.71,97.6,59.06,28.75,32.96,338.0,3,1.89,19.6,85.3,2.31,100.0,1
2.78,11.53,23.75,33.1,26.82,0.0,37.25,1989.2,2,2.98,84.1,101.3,0.16,42.3,0
6.87,48.16,115.74,103.45,66.76,29.48,37.28,938.0,3,4.74,13.1,327.6,20.9,99.6,1
3.12,38.21,100.37,103.31,40.39,4.82,44.59,546.1,3,0.89,289.9,195.7,0.19,85.7,1
13.42,68.06,121.23,88.06,50.42,17.19,44.18,645.4,4,1.0,70.1,4.3,17.76,99.6,1
23.22,94.14,176.87,133.32,75.33,41.98,40.42,2322.6,2,6.65,247.6,40.9,17.84,99.7,1
1.05,4.29,11.59,54.23,24.1,0.0,27.51,1925.0,4,1.97,148.2,60.7,0.53,28.8,0
5.33,49.63,109.69,95.61,55.26,19.79,27.83,799.5,1,3.43,233.6,81.9,0.26,98.1,1
0.27,2.46,4.06,49.89,22.15,0.0,28.45,2323.3,3,0.45,258.5,154.8,0.09,10.5,0
7.12,40.45,94.22,110.85,54.62,15.07,38.0,594.2,2,0.69,6.6,82.2,5.99,97.5,1
3.5,18.59,51.82,62.38,28.46,0.0,18.78,1840.4,5,0.89,155.0,313.7,2.39,32.4,0
4.6,22.37,57.12,55.09,44.05,5.49,35.95,1679.2,2,0.69,30.8,115.6,3.37,63.8,1
2.06,18.56,45.35,70.06,39.72,0.0,47.97,2025.1,3,3.88,544.5,125.6,22.04,87.2,1
10.73,44.14,74.65,60.69,33.64,3.71,41.67,1101.6,2,1.29,180.8,100.4,0.24,68.8,1
4.87,25.81,67.8,60.41,42.77,11.54,33.02,1143.9,3,5.53,0.5,66.9,8.22,94.7,1
11.93,53.28,113.8,114.29,51.61,20.75,30.06,1611.6,3,0.7,314.8,232.2,3.04,91.3,1
4.71,27.41,72.5,71.64,36.66,0.0,42.85,1136.2,1,0.07,41.5,46.9,7.85,48.6,0
1.4,9.32,17.36,25.35,13.53,0.0,38.6,386.8,4,0.27,64.7,210.5,2.58,21.7,0
16.49,67.01,99.63,99.06,41.83,16.23,33.91,1832.4,4,0.44,113.7,135.8,0.27,95.3,1
3.44,19.25,39.77,63.83,35.38,0.0,30.99,1646.0,2,1.84,297.7,19.4,3.1,38.6,0
7.38,32.47,57.73,48.15,41.05,8.11,36.65,1189.8,3,0.36,314.6,3.3,0.43,55.2,1
12.71,52.5,126.07,99.41,54.04,15.46,33.42,935.9,3,0.86,99.5,33.4,19.7,91.7,1
3.96,20.3,55.63,51.12,40.48,8.5,42.67,973.5,4,2.86,45.7,257.6,19.14,93.2,1
0.95,5.49,13.0,30.54,29.31,0.0,46.55,1856.2,4,0.24,39.3,87.4,0.96,36.2,0
1.81,22.48,59.39,77.96,37.56,7.98,24.38,1831.2,1,0.15,54.4,294.1,10.02,42.1,0
9.86,113.56,231.01,187.27,80.35,48.0,25.58,2019.7,4,1.4,23.9,125.5,8.8,94.5,1
4.49,39.34,97.58,98.24,49.97,14.05,47.46,1900.6,2,2.16,133.0,6.0,21.69,96.5,1
5.23,46.83,120.83,83.82,56.75,19.11,37.41,1891.7,2,4.35,90.0,336.9,2.06,100.0,1
5.81,47.11,112.83,84.74,55.64,20.94,26.38,828.7,4,1.95,178.2,495.5,0.14,96.4,1
1.72,13.07,27.59,32.98,32.92,0.0,44.36,513.4,2,5.26,11.9,13.9,0.0,85.4,1
4.04,28.6,65.1,59.55,30.05,0.0,38.9,1899.7,2,0.5,61.3,42.1,11.3,52.1,0
7.93,52.34,124.6,92.58,51.83,12.93,54.73,507.1,3,0.75,32.9,226.3,17.0,96.3,1
0.52,5.38,9.44,29.6,12.0,0.0,34.0,2362.4,4,3.29,91.9,1056.5,23.94,46.4,0
2.03,23.31,59.05,46.77,41.02,1.03,45.42,2137.7,2,3.0,75.8,376.2,24.23,82.8,1
2.49,12.8,34.96,61.47,28.51,0.0,23.68,1420.3,3,1.97,71.6,18.8,1.48,34.2,0
4.09,23.87,48.96,72.27,36.29,3.4,47.87,1039.6,2,1.27,45.5,168.2,8.36,72.6,1
23.39,150.4,358.17,263.65,88.0,48.0,44.03,1406.4,3,0.03,155.7,197.0,13.53,95.0,1
1.44,7.64,18.59,21.12,33.61,0.0,49.64,1842.0,4,0.59,78.8,179.4,11.45,44.4,0
8.87,40.19,93.53,105.85,39.02,2.64,45.44,1888.3,3,0.31,27.1,151.1,54.65,98.4,1
3.3,21.61,46.82,78.88,37.76,1.95,35.16,454.7,4,0.09,95.1,62.2,0.79,58.7,1
24.11,127.55,336.01,232.51,88.0,48.0,26.05,1990.2,3,2.69,109.0,198.7,7.79,100.0,1
1.17,4.82,9.78,43.07,21.6,0.0,30.88,1647.1,3,0.25,2.6,234.7,6.85,43.4,0
6.38,28.67,42.58,70.57,30.3,0.0,21.03,385.2,3,0.8,27.3,154.3,14.72,54.8,0
8.17,53.63,138.49,119.31,54.95,20.31,28.17,957.6,4,6.83,33.3,123.7,6.56,100.0,1
8.38,44.19,103.55,86.86,56.77,25.87,39.62,1372.3,3,0.95,34.2,44.5,0.79,94.0,1
3.29,29.84,77.26,76.76,41.71,8.48,35.59,695.7,4,0.27,32.8,141.6,0.18,82.0,1
2.69,15.36,24.48,43.96,19.24,0.0,34.1,626.0,5,2.11,38.0,24.7,1.11,56.7,1
7.6,30.79,44.44,51.91,30.14,0.0,29.26,330.0,4,2.99,36.6,13.6,4.2,82.6,1
2.16,12.82,34.72,69.41,30.49,0.0,20.93,2214.3,5,0.59,258.6,270.8,9.81,39.7,0
2.37,9.95,15.99,48.87,29.87,0.0,37.55,417.8,3,2.98,46.2,203.0,0.79,60.5,1
3.84,25.73,65.18,58.23,34.62,0.0,39.22,1068.6,1,0.57,51.7,188.5,0.52,36.1,0
6.33,25.35,64.7,73.41,34.89,0.0,27.57,732.1,3,2.13,37.1,473.9,1.76,75.1,1
3.97,22.26,53.25,70.6,35.05,0.0,31.47,1856.2,2,0.24,411.5,86.3,2.3,27.9,0
4.31,49.45,78.31,62.21,47.17,13.31,49.11,1785.1,3,1.0,92.0,91.9,9.33,91.8,1
22.83,127.03,296.53,213.87,88.0,48.0,45.86,1993.1,3,1.32,113.2,96.1,32.95,100.0,1
4.74,37.43,99.0,110.1,50.75,12.98,23.38,1595.3,2,2.33,159.6,112.7,23.63,87.0,1
0.54,6.32,12.61,38.72,20.75,0.0,35.28,1542.5,3,1.89,48.7,129.5,13.97,35.6,0
2.19,9.96,19.71,27.58,23.57,0.0,48.37,1154.9,3,3.46,416.0,270.9,21.23,59.8,1
14.48,114.14,230.56,160.39,88.0,48.0,34.16,1636.4,2,0.37,19.8,44.2,3.19,99.9,1
4.7,21.83,33.07,49.81,28.08,0.0,33.71,541.9,2,1.95,73.5,102.5,32.21,58.6,1
0.93,7.24,19.17,42.11,29.9,0.0,45.29,1737.5,4,0.25,18.9,126.6,12.24,55.6,1
5.22,46.22,120.94,98.66,58.18,18.35,44.39,518.2,3,1.17,187.5,33.3,9.84,96.1,1
9.02,36.75,102.79,100.18,41.7,8.67,43.95,2109.7,4,1.34,13.6,217.9,2.79,86.8,1
7.23,51.08,113.36,81.77,40.67,6.27,33.77,1361.9,4,0.05,96.9,10.4,0.87,81.0,1
2.03,11.11,27.25,29.24,32.55,0.0,41.63,1413.7,4,0.13,13.3,158.7,8.63,55.4,0
1.42,7.75,13.05,38.06,17.15,0.0,48.71,1528.2,3,3.29,72.3,40.6,0.28,57.2,0
21.45,122.35,285.63,193.44,88.0,48.0,35.58,1929.7,4,0.61,39.5,1.5,5.45,98.9,1
3.97,16.85,38.91,69.93,37.05,0.0,32.57,1304.8,2,0.76,280.3,68.3,20.06,43.2,0
9.35,48.01,127.78,94.46,49.66,18.01,46.46,1197.9,4,1.84,6.5,100.9,19.1,98.2,1
7.35,49.46,126.76,117.72,50.86,19.25,53.39,905.5,3,0.45,126.0,306.0,0.76,100.0,1
8.88,39.18,106.33,91.72,61.62,22.34,53.98,568.9,4,0.39,142.6,94.3,6.08,98.1,1
2.67,24.13,63.12,64.02,27.72,0.0,32.82,699.7,4,0.99,263.8,444.6,3.46,46.6,0
3.68,21.36,55.87,75.74,28.11,0.0,33.67,301.1,3,0.11,252.2,332.7,0.04,29.4,0
10.72,44.37,66.07,70.42,35.74,0.74,27.25,2125.8,3,4.48,453.0,38.5,3.17,87.0,1
13.81,74.12,191.56,162.17,72.19,39.21,37.0,1906.4,2,5.07,35.1,30.5,0.02,100.0,1
24.47,111.78,251.55,191.24,85.07,48.0,26.87,759.2,3,1.07,38.6,50.3,3.53,100.0,1
2.43,12.7,24.54,47.63,19.92,0.0,31.52,305.0,3,0.42,60.8,80.2,0.19,20.0,0
2.55,11.43,16.91,50.22,33.8,0.0,41.96,1333.4,3,1.14,92.6,157.6,0.05,43.6,0
26.13,108.64,255.16,198.19,88.0,48.0,39.31,1166.4,3,0.19,54.9,23.8,2.52,100.0,1
6.5,51.39,95.56,94.82,50.27,17.98,20.61,1929.6,3,0.91,161.8,136.7,5.47,95.0,1
8.4,77.22,158.68,143.66,63.61,28.91,49.35,1146.1,3,0.14,1.0,156.5,12.34,100.0,1
1.81,11.13,26.21,64.75,29.08,0.0,26.76,2114.6,4,2.2,2.1,194.7,5.79,79.4,1
6.49,32.58,87.21,78.64,50.02,11.97,27.83,501.3,3,0.58,151.1,143.8,1.12,70.1,1
6.23,52.52,134.22,118.21,51.6,14.05,25.47,1068.3,1,1.32,257.6,313.9,4.44,86.5,1
4.02,49.8,101.14,74.62,49.91,14.37,30.38,2261.3,1,0.02,179.8,184.7,17.34,71.6,1
4.51,32.62,63.37,62.34,41.92,7.33,28.38,324.6,3,1.34,14.9,465.2,21.67,88.4,1
2.81,11.49,19.94,36.5,34.85,0.0,28.58,1120.7,4,0.01,328.0,217.3,0.82,20.1,0
6.22,31.39,60.31,81.79,48.57,8.19,15.05,845.4,1,4.67,88.6,103.1,13.77,85.9,1
3.48,23.48,36.52,51.84,30.64,0.0,37.1,1416.9,3,1.25,162.7,42.4,5.47,45.9,0
3.82,33.88,93.5,98.67,53.01,18.31,37.97,885.4,4,0.19,26.9,1.9,16.4,93.8,1
16.48,117.26,258.37,173.8,76.32,48.0,55.08,2126.8,1,0.75,95.5,17.1,0.0,97.6,1
2.9,26.61,42.02,53.21,41.08,7.57,40.13,2268.0,2,0.08,48.1,37.9,11.9,68.0,0
7.72,78.74,149.12,142.49,57.4,30.7,31.78,2083.2,5,1.36,441.5,43.9,5.25,100.0,1
3.58,15.3,33.13,36.63,27.83,0.0,25.79,1137.0,1,0.23,77.1,243.9,37.38,21.2,0
13.14,52.64,112.98,79.85,54.28,18.79,35.18,2378.9,3,1.15,169.1,87.8,0.05,98.3,1
14.38,133.29,193.22,150.1,73.18,48.0,39.81,1843.6,3,0.66,110.9,70.6,10.59,100.0,1
0.59,6.63,18.1,48.46,26.25,0.0,31.72,1046.8,2,2.58,11.9,9.7,18.06,56.8,1
0.94,6.9,12.33,33.46,32.98,3.36,36.52,496.8,1,1.18,93.9,139.3,10.56,23.4,0
4.54,28.67,40.78,52.21,29.11,0.0,52.13,1700.8,3,3.39,93.2,170.8,1.12,79.2,1
1.8,15.65,23.58,50.47,20.08,0.0,32.74,1830.0,4,5.11,150.9,378.5,28.59,80.4,1
8.28,63.12,139.64,107.21,69.98,37.13,19.96,557.2,2,6.28,46.6,125.8,6.66,100.0,1
10.49,91.93,146.43,134.01,64.16,34.4,43.42,1454.4,4,0.54,236.5,1.4,5.09,97.4,1
4.37,20.63,30.09,31.45,39.96,6.55,38.67,2372.9,3,2.63,116.9,12.2,12.47,69.9,1
4.52,22.5,43.45,51.05,37.35,4.14,21.47,985.1,3,1.04,4.8,56.9,9.82,74.0,1
5.45,29.01,65.91,77.36,30.51,0.0,39.63,934.0,4,1.0,147.2,27.0,12.22,71.7,1
6.99,47.97,74.66,90.81,44.78,10.3,27.52,2196.9,2,3.65,285.0,265.0,0.49,90.1,1
1.82,7.74,14.23,49.87,18.08,0.0,39.75,546.6,3,0.28,137.9,20.5,45.42,33.4,0
10.35,42.29,83.95,92.04,43.55,11.56,52.21,2260.4,3,1.17,57.4,31.6,0.02,96.6,1
4.91,44.81,72.74,68.44,39.91,7.29,34.5,1936.9,3,1.62,107.2,197.8,53.98,89.6,1
5.07,43.03,90.72,69.47,35.7,0.58,45.21,1120.8,3,0.12,22.6,49.3,1.31,79.9,1
2.42,14.28,21.69,28.86,21.2,0.0,25.56,475.5,4,3.6,110.3,625.7,13.17,51.7,0
5.58,58.42,85.6,99.56,57.2,25.37,23.08,340.3,4,0.68,83.4,358.0,0.03,99.9,1
2.05,13.3,28.31,61.98,29.36,0.0,53.15,1089.2,3,1.93,3.2,245.6,50.57,92.0,1
2.49,13.9,24.29,63.61,25.75,0.0,38.62,1781.2,4,4.74,46.6,75.7,0.0,85.6,1
13.11,77.69,119.13,85.86,64.23,34.78,41.41,1323.8,5,2.29,25.5,10.5,0.07,99.4,1
7.89,57.94,115.51,104.24,49.96,18.81,45.79,1851.2,3,3.91,59.4,73.8,2.97,100.0,1
0.71,4.12,11.04,41.37,22.54,0.0,31.51,1708.2,3,0.13,33.2,85.1,0.21,15.1,0
3.05,12.57,30.34,56.7,34.44,0.0,43.01,1503.1,4,1.22,215.7,24.5,6.77,50.7,0
1.89,16.39,41.67,61.06,29.26,0.0,41.73,2331.7,2,1.5,143.6,23.1,13.46,53.6,0
2.95,15.4,40.37,65.89,26.82,0.0,24.99,1829.6,3,2.1,161.7,198.5,4.06,42.1,0
1.69,19.39,53.55,55.98,21.47,0.0,48.86,2220.7,3,0.22,53.7,47.6,4.95,41.2,0
0.37,4.03,9.95,19.54,17.17,0.0,47.11,808.5,5,1.92,0.4,204.0,5.27,79.8,1
5.44,31.32,70.53,60.05,34.07,4.4,25.09,1798.6,5,0.28,29.7,143.1,0.61,65.0,1
4.93,50.43,96.41,68.2,47.95,15.33,37.7,1555.4,4,0.13,168.9,417.1,0.54,92.0,1
2.74,32.67,54.04,55.89,31.47,0.0,34.04,2241.0,3,1.14,110.8,287.2,0.73,46.2,0
4.48,41.01,96.85,72.08,60.06,26.33,48.06,1372.0,3,1.65,92.8,29.5,0.27,97.0,1
2.99,16.97,47.39,50.27,26.92,0.0,24.01,887.2,3,5.71,39.5,169.6,0.5,75.2,1
23.73,118.92,244.3,192.06,88.0,48.0,58.0,1108.2,4,2.16,9.5,190.6,0.03,93.6,1
7.7,67.32,162.44,150.84,66.8,35.32,34.52,759.5,4,1.61,184.4,356.6,0.0,94.9,1
13.34,68.91,144.23,136.53,65.23,30.56,42.28,761.9,4,0.43,4.7,184.4,7.77,98.0,1
7.74,69.73,139.79,107.23,63.62,29.59,47.79,1287.9,2,0.3,7.3,27.3,1.34,95.2,1
20.09,109.02,215.25,150.95,66.96,37.39,34.33,2174.4,3,1.68,41.9,53.8,1.28,98.7,1
4.97,33.11,69.74,59.02,39.46,3.09,35.02,702.9,3,0.45,102.1,182.7,0.05,56.2,1
3.45,18.04,34.53,71.14,28.1,0.0,31.73,904.5,2,2.21,582.8,437.4,6.57,41.9,0
8.6,34.52,84.52,84.67,36.87,7.5,28.47,2091.3,3,0.22,11.4,399.8,5.64,82.0,1
12.8,53.48,140.33,104.43,62.05,32.15,38.31,1012.4,1,0.75,76.9,80.1,14.85,96.4,1
4.95,61.33,161.66,147.91,75.56,42.7,34.85,2321.1,5,2.67,110.5,319.7,10.28,100.0,1
7.81,33.88,58.23,60.63,20.27,0.0,31.67,864.7,4,3.2,207.9,128.9,0.68,63.3,1
0.62,6.8,18.05,57.2,21.85,0.0,32.17,1228.5,3,0.76,140.4,112.4,6.56,19.9,0
4.37,18.04,33.88,38.75,22.01,0.0,40.9,500.8,2,0.42,197.9,77.8,4.97,14.7,0
12.7,99.29,182.0,141.0,71.39,48.0,29.22,2383.6,3,5.71,88.7,204.1,0.01,98.4,1
5.86,40.41,97.68,91.22,45.4,9.34,33.9,2169.3,2,2.58,68.3,164.8,1.95,93.3,1
3.12,32.66,59.66,83.95,33.07,3.55,43.64,2016.9,3,2.96,115.7,84.5,2.34,86.1,1
2.5,25.22,37.18,68.26,34.55,0.0,38.1,630.4,4,0.45,277.4,259.0,21.3,60.6,1
3.34,16.42,31.57,51.37,38.66,0.0,27.08,2335.7,1,0.99,96.0,85.9,0.06,15.5,0
20.1,83.55,201.37,145.87,88.0,48.0,35.8,2251.2,2,0.13,111.6,158.0,8.19,93.4,1
9.6,52.25,97.06,86.24,42.74,13.96,39.71,1214.9,2,0.21,49.5,89.7,8.2,88.3,1
11.9,59.0,134.61,136.4,46.77,14.45,44.41,1731.4,4,0.45,108.8,22.4,53.54,97.8,1
5.24,24.99,58.07,70.1,39.62,7.12,29.58,2384.2,4,0.65,118.6,31.6,3.91,66.0,1
5.34,42.84,103.97,107.73,58.77,17.38,31.25,1160.5,4,10.57,168.0,192.5,6.38,100.0,1
1.96,22.35,59.36,63.83,41.5,0.47,30.09,537.4,3,0.99,101.9,300.1,5.78,52.0,0
3.56,44.33,88.91,86.73,54.53,19.62,30.51,2122.3,2,2.15,26.4,113.8,10.78,94.6,1
4.7,33.67,54.99,60.04,34.04,1.42,39.44,1300.6,4,4.23,104.7,70.9,0.94,90.5,1
3.92,32.38,59.79,75.49,33.08,3.05,41.05,2372.6,2,0.51,42.4,73.8,3.26,66.2,1
3.57,39.39,78.99,94.66,42.81,10.21,44.93,1456.9,3,0.28,11.0,163.9,4.29,97.2,1
11.83,107.04,256.85,194.78,88.0,48.0,35.23,361.9,3,0.5,209.5,113.5,16.92,96.3,1
0.82,8.09,11.47,34.1,27.19,0.0,24.05,1332.6,3,3.85,8.2,0.1,8.34,66.7,1
15.78,66.99,123.4,100.52,60.37,29.16,41.69,1807.9,3,1.97,119.9,265.7,8.61,100.0,1
2.48,23.85,59.44,51.6,42.93,0.45,37.35,354.7,4,1.08,535.8,27.6,34.14,72.7,1
6.0,34.98,81.83,100.45,45.98,10.2,36.51,1168.2,2,3.09,11.0,202.2,0.47,91.8,1
0.48,2.68,6.49,23.44,23.29,0.0,25.09,626.7,4,0.49,29.8,75.9,3.1,18.9,0
3.25,18.85,47.8,72.1,38.15,0.0,34.34,1650.5,4,0.49,171.7,155.3,3.03,48.4,0
3.07,31.66,79.04,88.57,30.35,0.0,25.85,2310.4,3,1.51,12.2,347.7,8.11,79.2,1
1.03,7.67,18.06,52.33,26.32,0.0,40.1,1611.6,2,2.81,214.6,30.2,27.49,52.8,0
2.58,29.09,58.63,85.27,36.73,2.84,32.35,1759.2,3,0.54,0.0,270.6,7.05,87.4,1
13.61,92.44,256.72,199.92,88.0,48.0,31.58,1132.8,4,0.42,264.8,7.0,2.64,97.9,1
1.59,14.18,31.15,65.66,28.2,0.0,22.93,1482.6,2,1.16,8.3,457.7,0.27,40.9,0
10.03,57.15,96.23,75.09,49.53,13.31,44.73,1442.1,4,0.26,306.1,40.5,0.4,98.2,1
4.23,21.37,38.68,58.34,27.38,0.0,33.8,1895.2,4,2.48,239.9,284.7,6.13,61.5,0
8.44,49.51,117.38,116.05,59.64,24.96,36.74,2099.5,5,1.55,93.1,12.5,29.3,94.8,1
3.47,22.59,60.87,56.79,39.88,2.43,29.75,1692.1,4,1.29,180.6,71.3,6.81,58.0,0
1.95,13.38,22.07,52.68,27.09,0.0,21.97,2357.6,2,3.7,9.3,180.7,0.13,54.7,0
2.36,10.6,16.06,50.47,20.31,0.0,31.48,2039.4,3,2.37,17.4,193.6,12.91,61.0,0
1.42,12.13,31.95,63.17,33.84,0.0,32.84,561.8,2,0.29,55.3,216.0,19.38,40.8,0
2.36,11.51,30.86,39.14,29.88,0.0,38.49,1365.7,1,0.98,92.5,77.8,0.86,25.8,0
8.71,41.74,74.58,84.15,36.35,0.0,32.98,2196.8,4,0.7,243.2,197.4,1.22,63.7,1
12.96,85.66,165.18,126.06,65.91,36.56,29.89,2282.3,5,2.92,93.9,100.7,5.64,95.7,1
7.77,59.5,138.29,128.15,62.5,27.81,23.22,1098.4,5,2.29,131.3,150.2,20.99,96.5,1
6.7,41.87,77.95,76.5,45.14,10.41,36.41,1824.0,2,1.15,136.7,142.6,16.04,81.4,1
0.4,4.2,11.03,39.06,26.01,0.0,29.23,1162.1,2,3.12,252.0,33.1,21.75,31.2,0
1.25,14.24,22.08,38.07,26.74,0.0,47.23,559.7,3,0.95,179.9,337.4,0.18,33.9,0
1.39,14.01,20.36,25.52,31.86,0.0,37.28,2157.7,2,2.93,452.8,363.3,7.86,38.4,0
2.8,25.0,42.3,40.51,39.27,5.64,40.78,2257.1,2,0.06,2.4,41.0,3.58,75.3,1
4.91,29.66,53.4,43.2,39.38,1.38,33.89,1360.0,4,0.26,28.0,97.0,0.26,63.4,0
6.52,29.08,45.31,62.27,29.16,0.0,37.71,338.4,4,2.54,319.9,112.5,16.44,78.8,1
2.29,19.07,28.44,61.68,21.62,0.0,28.43,2013.7,4,0.22,188.6,143.3,20.23,36.4,0
7.01,29.32,72.07,52.79,36.92,7.12,25.99,1301.6,3,2.07,37.3,4.1,6.93,73.2,1
16.85,69.52,113.32,81.64,63.45,25.26,36.13,457.6,3,2.31,439.1,256.0,16.97,100.0,1
14.58,59.98,160.71,130.05,66.69,31.77,40.85,697.7,4,1.95,244.7,356.4,1.44,100.0,1
5.78,25.98,49.75,70.54,46.69,10.4,19.46,619.5,2,3.07,8.0,27.6,20.3,91.9,1
13.01,91.71,214.49,151.52,79.34,42.67,31.76,1741.2,4,1.29,200.1,408.5,0.0,93.4,1
10.34,111.9,191.98,142.01,72.2,46.56,51.66,928.8,1,4.09,184.2,342.6,27.75,100.0,1
3.0,16.96,29.44,34.58,27.8,0.0,40.07,568.2,4,1.52,30.0,140.7,0.03,51.3,0
3.67,20.98,46.26,53.03,32.4,0.0,49.07,2227.1,4,1.28,132.8,57.8,0.87,62.6,1
6.6,29.41,64.25,56.89,33.35,0.0,30.61,2308.7,3,1.28,421.7,41.9,0.3,35.8,0
27.25,109.29,270.62,196.77,88.0,48.0,32.11,591.0,4,4.38,135.2,120.9,18.31,100.0,1
12.89,77.5,190.71,161.75,76.41,45.09,44.22,783.5,2,0.5,201.7,127.4,2.0,97.1,1
1.73,12.45,29.11,51.42,34.48,0.0,41.3,1543.5,3,2.14,12.6,189.9,0.0,71.7,1
2.06,18.45,37.42,32.98,45.15,5.6,35.2,616.1,4,0.5,156.0,291.2,0.0,45.0,0
2.51,31.08,82.27,87.17,40.43,3.72,25.27,633.0,4,0.17,27.5,490.6,8.38,74.7,0
5.09,30.59,69.49,71.64,37.34,2.99,45.83,1006.8,5,5.53,8.9,286.4,0.98,100.0,1
3.77,21.6,60.17,86.17,32.22,0.0,57.34,2293.3,2,0.25,96.4,431.5,18.4,67.8,1
16.34,74.18,188.94,140.83,79.66,47.55,22.64,2321.1,3,2.09,166.6,124.5,1.37,98.9,1
8.21,49.51,72.38,84.73,45.16,10.37,47.93,2067.8,4,0.99,95.0,7.1,23.34,97.5,1
15.92,67.51,124.82,119.02,49.69,14.71,32.02,1761.0,3,3.27,321.9,9.6,7.37,94.9,1
13.15,70.41,154.95,115.69,57.97,26.92,33.17,1813.4,4,2.67,142.8,56.3,17.31,100.0,1
10.96,49.17,118.5,122.67,58.9,22.0,38.29,1286.1,3,0.28,15.0,171.3,1.85,95.6,1
2.61,24.83,53.88,62.13,37.39,3.85,25.75,1413.3,4,1.14,327.1,73.5,13.08,58.0,0
7.97,35.37,88.45,93.04,49.32,13.25,35.68,1632.4,4,0.05,19.9,32.7,5.47,92.2,1
1.7,8.73,15.67,21.75,19.09,0.0,22.3,1835.7,4,1.01,170.4,342.1,14.36,20.3,0
5.51,50.6,83.87,71.12,32.22,0.0,40.05,503.4,4,2.17,19.3,755.9,1.5,92.6,1
0.8,7.15,10.55,38.23,17.7,0.0,54.99,772.3,2,0.48,786.9,3.0,14.72,19.8,0
11.83,49.81,109.71,90.67,54.84,17.99,30.56,2322.2,3,2.99,48.4,16.9,12.6,98.2,1
1.27,14.82,35.04,50.26,42.48,0.67,34.57,1003.8,2,0.1,82.2,124.5,11.56,35.2,0
1.9,11.98,22.23,36.28,23.65,0.0,34.98,863.8,2,0.06,75.5,74.2,22.42,23.8,0
1.97,14.77,33.36,55.51,42.99,3.13,44.38,1186.0,3,0.05,12.9,274.3,1.95,67.4,1
0.92,4.77,7.03,31.49,26.95,0.0,39.45,910.9,5,0.59,81.7,191.2,2.23,30.9,0
10.87,48.82,75.14,54.05,32.68,0.0,43.82,491.5,3,1.13,19.4,12.8,9.3,81.0,1
8.07,57.14,136.13,122.72,59.4,21.25,31.7,736.7,4,0.2,194.3,141.7,5.37,96.5,1
5.86,38.39,73.53,71.79,45.77,11.06,39.69,1644.3,5,10.31,381.3,73.8,31.58,100.0,1
2.23,9.05,21.17,34.14,12.0,0.0,14.0,768.7,1,13.92,198.1,604.0,0.12,87.1,1
0.96,4.52,11.59,16.77,27.11,0.0,41.67,1660.1,2,1.32,67.7,116.1,1.61,21.5,0
3.29,14.14,36.68,38.76,37.31,0.0,25.65,510.2,2,1.51,0.3,472.8,0.84,58.9,1
1.79,11.59,19.02,27.43,27.72,0.0,33.22,387.9,3,4.71,4.5,5.5,25.49,90.4,1
10.28,85.8,178.53,163.13,69.62,40.06,42.33,2109.3,1,2.64,82.0,19.6,0.98,97.7,1
2.26,15.07,36.58,48.24,29.21,0.0,22.94,1896.1,4,0.33,136.5,87.9,2.69,25.5,0
3.47,17.2,42.71,34.65,30.57,0.0,45.26,1698.7,1,2.83,205.5,392.4,2.94,46.2,0
1.26,12.74,31.82,31.93,21.85,0.0,34.94,364.9,2,0.47,109.8,141.6,1.95,17.3,0
2.1,16.68,28.68,27.2,23.91,0.0,48.35,802.6,3,1.01,459.7,312.9,4.81,38.0,0
2.52,28.68,47.88,62.62,30.91,0.0,28.33,2005.9,3,1.37,81.7,60.0,2.25,54.0,0
6.07,39.53,88.0,70.6,45.32,6.96,20.59,603.8,4,2.27,110.0,21.3,2.66,81.1,1
4.81,21.81,53.15,61.99,31.54,0.0,35.75,2007.0,5,0.29,31.4,50.8,4.54,63.1,0
0.92,10.94,20.2,34.78,20.44,0.0,40.99,1526.9,4,0.14,49.8,186.6,1.3,26.1,0
3.66,18.81,29.1,60.09,32.71,0.0,41.7,1854.8,2,3.62,137.9,369.2,10.55,71.5,1
4.19,17.56,42.2,46.85,34.04,0.0,26.35,1653.5,3,3.16,110.4,109.3,0.85,49.4,0
2.31,19.22,34.97,48.35,26.56,0.0,22.19,1175.7,3,1.33,55.4,38.7,28.42,45.6,0
24.63,124.43,203.18,169.53,79.93,48.0,33.35,913.2,2,1.95,14.3,182.7,0.0,98.3,1
10.56,42.96,69.03,69.37,36.61,6.58,40.39,1712.7,3,2.29,50.3,39.5,0.07,85.0,1
7.5,30.78,56.66,77.52,36.24,3.48,39.96,1994.5,3,1.17,5.4,152.0,6.54,88.9,1
3.53,29.46,65.7,77.48,44.25,9.98,49.36,393.9,3,0.54,104.3,19.4,8.54,79.9,1
2.89,29.77,56.61,60.27,32.23,0.0,32.83,1097.8,1,1.18,46.8,300.0,18.47,50.5,0
2.91,27.61,39.46,53.33,24.01,0.0,20.32,1036.5,5,5.42,57.3,294.4,15.03,84.3,1
9.55,47.9,73.56,96.34,39.73,7.82,46.17,1474.9,4,3.27,102.7,140.3,1.92,100.0,1
9.64,47.38,85.61,90.42,35.79,5.99,37.66,539.2,2,1.13,104.5,7.0,0.92,82.5,1
3.24,16.63,38.65,70.85,29.16,0.0,38.4,2260.2,5,0.46,106.5,59.2,21.89,65.5,1
3.77,27.51,42.31,40.54,30.16,0.0,42.52,1451.9,5,3.97,81.2,26.8,3.52,80.8,1
2.99,27.45,59.97,65.73,22.01,0.0,46.74,2239.9,4,1.83,80.4,133.4,4.14,69.6,1
15.24,85.25,133.66,132.77,60.61,27.36,35.8,2015.6,4,0.93,206.6,19.3,0.86,99.0,1
7.61,46.9,79.56,71.23,41.18,8.01,46.0,702.4,3,0.21,75.6,366.9,34.67,89.2,1
8.24,40.43,66.36,91.68,45.67,11.2,40.69,577.9,3,2.51,92.2,341.7,12.45,94.1,1
2.94,18.97,28.34,27.79,29.23,0.0,30.43,2108.6,3,0.69,533.1,30.5,13.46,29.8,0
4.5,32.73,76.58,95.4,45.86,13.73,34.02,1425.8,5,1.68,24.0,213.7,3.49,94.5,1
1.78,13.7,28.08,43.28,35.0,0.22,41.24,341.5,4,1.52,155.5,214.6,0.44,51.7,0
2.39,20.59,52.78,42.62,33.99,0.0,29.97,2261.9,2,2.16,76.9,91.0,0.04,40.0,0
2.29,18.29,28.14,62.87,27.87,0.0,43.53,1293.4,3,1.39,213.0,29.9,3.66,47.4,0
4.33,45.0,72.12,63.22,30.75,0.0,37.34,932.0,3,1.79,62.1,25.5,2.77,73.2,1
3.17,22.8,41.7,33.11,39.11,9.12,39.24,1384.9,4,0.15,43.3,242.1,2.21,63.7,1
2.29,26.61,65.79,53.88,37.55,1.05,48.24,2028.1,1,1.97,28.0,44.8,6.92,73.3,1
10.17,91.01,166.37,142.8,60.55,30.55,39.03,531.6,4,0.39,246.9,166.5,12.46,100.0,1
1.92,9.28,18.3,60.9,29.56,0.0,36.61,1053.8,3,0.9,152.0,361.6,0.67,28.6,0
3.73,27.56,50.23,42.66,20.98,0.0,35.3,969.6,2,1.29,9.6,161.9,0.75,52.8,0
5.88,30.4,45.97,55.67,30.3,0.0,34.86,2063.3,4,2.09,150.0,656.7,14.65,61.8,1
0.2,0.97,2.63,14.84,26.19,0.0,38.65,1934.8,3,2.44,4.3,186.7,1.18,55.2,1
12.04,67.34,145.99,133.42,58.25,29.54,47.59,1140.2,4,2.2,24.1,68.0,4.93,100.0,1
0.66,2.71,6.79,14.73,17.59,0.0,30.8,1695.4,2,0.18,107.8,344.5,2.08,6.9,0
2.71,32.36,75.13,64.63,38.54,0.74,30.16,1128.3,5,0.88,74.7,67.0,12.98,80.9,1
7.04,34.26,72.64,61.05,28.28,0.0,46.92,1499.8,4,0.59,220.3,640.9,7.59,65.3,0
10.65,43.82,66.85,73.32,43.01,10.71,31.19,2381.6,2,0.91,112.3,116.9,0.0,72.8,1
11.62,51.28,117.93,120.95,52.28,16.5,37.84,1424.7,4,1.87,402.2,551.3,7.74,97.1,1
1.67,15.36,24.84,44.15,25.32,0.0,30.97,2376.0,2,0.39,231.9,36.5,1.48,16.9,0
0.27,1.97,3.9,10.16,19.48,0.0,21.72,1869.1,4,1.26,49.9,2.1,6.05,20.1,0
5.03,46.03,104.99,98.59,49.48,14.3,37.68,553.5,1,3.89,215.6,39.3,5.57,98.6,1
6.5,35.68,89.03,98.76,48.85,12.13,45.48,1971.5,3,2.36,244.8,18.6,0.0,92.4,1
14.3,71.11,167.76,119.99,66.66,26.04,35.47,638.7,5,2.33,419.7,238.3,7.07,94.3,1
9.56,71.42,167.14,116.91,58.63,24.97,23.41,1417.9,2,3.4,1.5,55.3,0.12,100.0,1
12.45,72.52,116.66,89.28,56.12,26.72,36.93,1587.8,3,0.92,249.3,183.6,8.36,98.9,1
5.84,29.57,55.72,74.79,38.59,3.17,29.57,2173.7,1,2.56,8.7,198.8,0.16,80.7,1
3.06,20.18,29.46,50.78,29.48,0.0,14.0,741.9,4,0.11,90.1,209.8,5.03,17.0,0
12.45,55.28,133.07,115.82,63.71,31.34,35.31,2139.5,2,0.1,64.3,321.7,1.08,95.6,1
5.5,26.04,71.18,62.5,40.11,3.11,40.4,2262.4,3,0.73,302.9,29.0,0.23,54.1,0
1.98,21.73,38.46,44.95,37.44,0.0,46.01,487.9,3,0.39,62.3,9.3,12.57,60.9,1
14.97,80.68,122.86,128.33,62.84,38.14,50.93,2159.1,2,1.32,108.8,5.4,1.34,92.8,1
9.59,79.9,165.07,123.12,69.71,34.08,41.53,844.3,5,0.36,141.3,19.7,0.55,94.9,1
5.38,30.79,80.05,97.6,37.93,5.49,43.94,470.1,5,6.68,2.3,85.8,57.21,99.8,1
3.75,15.46,33.6,52.96,28.62,0.0,25.08,2313.0,4,3.43,107.3,616.1,10.25,54.2,0
5.46,23.79,34.87,33.21,37.2,1.59,49.79,1123.6,2,7.29,87.6,78.4,0.99,93.9,1
8.51,57.22,158.17,128.84,55.3,18.88,46.77,1608.3,2,2.97,108.2,108.6,12.1,97.3,1
10.67,82.33,210.79,184.7,76.67,39.8,32.88,1461.0,3,5.43,9.5,303.1,17.16,91.0,1
1.87,15.62,24.74,39.92,24.87,0.0,41.79,747.7,5,0.83,6.9,451.5,2.59,75.5,1
2.89,16.97,45.65,73.53,27.59,0.0,40.94,1706.1,3,1.24,23.5,640.0,0.02,56.5,1
8.34,83.84,170.28,127.22,72.92,43.99,48.5,396.8,3,0.49,244.4,315.2,9.63,100.0,1
3.18,18.33,35.21,53.58,32.12,0.0,34.72,726.5,4,1.82,52.9,125.7,6.93,65.5,1
2.42,30.15,61.68,83.06,33.0,5.24,29.66,2283.8,2,2.79,68.3,46.9,4.3,74.7,1
17.84,132.11,339.32,266.99,88.0,48.0,31.84,2302.4,4,1.24,59.3,164.2,0.47,100.0,1
1.76,15.03,34.92,49.56,28.83,0.0,43.62,1313.6,5,0.63,150.4,39.4,41.22,67.4,1
11.24,45.84,67.98,77.97,33.69,0.0,19.68,655.1,5,1.28,36.0,10.3,9.9,78.1,1
2.52,12.36,33.88,27.15,25.21,0.0,14.0,1185.4,2,0.12,8.5,453.2,1.5,18.1,0
2.36,16.9,27.16,34.05,30.22,0.0,43.6,2141.8,3,2.3,57.0,119.4,12.11,66.9,0
6.65,69.43,169.68,127.83,73.14,38.33,38.34,447.6,3,1.08,156.2,127.8,4.86,100.0,1
5.32,31.71,72.64,56.42,37.42,3.13,36.16,568.5,2,4.11,295.8,169.1,23.99,82.9,1
24.35,209.4,348.14,243.87,88.0,48.0,24.9,2180.9,3,4.62,6.3,108.1,56.15,98.9,1
6.73,39.29,64.4,61.31,47.52,12.65,21.47,1172.3,3,0.24,199.6,105.8,15.46,72.2,1
3.73,16.78,43.94,77.16,24.75,0.0,30.61,475.3,3,9.99,8.2,444.0,5.92,97.3,1
1.72,9.31,18.5,47.11,27.31,0.0,39.07,592.3,3,6.3,48.2,305.2,2.43,76.9,1
3.4,18.12,41.98,51.46,36.74,1.87,31.02,2153.1,1,1.78,2.7,43.0,2.22,66.9,0
3.27,18.99,39.99,75.46,30.63,0.0,43.65,1329.2,5,3.14,291.0,62.1,4.43,82.3,1
1.8,7.56,18.28,23.78,32.55,0.0,27.89,642.3,4,0.03,147.2,194.5,11.09,21.0,0
5.35,22.42,46.44,56.61,46.2,13.93,31.59,2177.5,4,6.34,55.3,152.4,0.01,99.2,1
4.93,29.47,53.12,68.64,36.93,3.85,41.98,2075.1,1,1.1,56.9,261.6,14.05,68.6,1
6.87,52.05,99.35,72.08,46.42,15.28,32.8,348.3,3,4.33,122.5,234.1,0.22,97.9,1
6.56,41.48,107.97,107.44,56.09,17.21,33.22,1520.1,2,0.88,11.3,221.9,0.01,96.4,1
4.87,43.61,89.64,67.76,50.15,20.48,30.53,813.1,4,2.79,18.8,382.0,3.8,99.6,1
1.76,9.37,15.92,21.66,12.0,0.0,28.95,1419.6,3,0.97,225.5,261.9,0.3,7.1,0
2.4,14.53,39.35,37.76,31.0,0.0,39.01,886.5,4,0.81,27.1,50.1,2.54,51.3,0
4.14,42.41,106.68,116.14,47.5,11.31,40.11,963.3,2,5.28,155.6,371.2,0.02,95.6,1
4.11,36.16,53.44,70.48,37.34,6.93,37.93,1563.9,1,2.16,30.7,73.6,13.59,82.4,1
1.84,11.39,31.87,55.21,27.76,0.0,30.76,1431.6,5,3.3,11.1,435.2,0.16,79.5,1
16.16,69.99,166.08,137.95,65.99,28.8,34.29,1129.9,5,1.41,276.3,313.0,5.03,93.7,1
10.45,59.29,96.31,80.78,41.79,7.4,49.57,525.9,3,4.51,278.3,13.9,23.69,96.6,1
5.83,29.79,51.6,66.48,38.85,3.06,23.92,2335.8,1,2.42,111.6,265.5,26.62,65.9,1
1.77,12.85,30.45,43.25,38.46,0.0,52.03,666.7,3,0.13,74.4,124.8,0.03,46.4,0
9.57,54.0,134.56,99.01,52.59,18.86,36.85,1629.5,3,2.62,96.6,679.9,2.0,98.1,1
5.82,37.29,64.69,78.08,29.73,0.42,34.47,473.8,4,0.03,62.9,110.4,15.56,75.4,1
10.43,54.28,95.52,72.92,46.87,9.66,44.1,1745.5,4,3.18,169.8,12.5,23.67,99.2,1
5.42,61.15,111.89,86.31,51.16,19.04,18.43,499.2,1,0.73,168.6,62.4,3.53,87.3,1
9.63,58.75,131.43,127.23,63.83,27.32,47.73,782.0,4,1.64,205.1,101.2,0.18,99.8,1
5.09,39.09,64.13,76.39,30.58,2.78,51.79,1658.7,2,2.49,88.8,161.3,9.78,85.7,1
2.47,18.26,28.22,51.74,24.67,0.0,45.25,894.2,1,1.82,193.9,29.7,23.99,45.8,0
11.17,45.89,107.87,93.94,37.32,9.16,18.13,1419.0,3,2.01,20.3,130.3,0.3,88.3,1
5.01,45.07,112.27,95.81,59.69,21.7,42.5,561.5,1,4.02,3.7,118.9,0.83,99.6,1
7.54,56.74,119.24,113.57,54.89,23.48,49.99,725.0,4,0.84,125.3,326.1,13.11,100.0,1
3.09,18.56,35.44,61.34,27.14,0.0,49.11,1840.9,3,1.43,13.4,64.8,0.34,81.6,0
3.19,14.07,28.2,46.29,19.96,0.0,24.03,373.8,3,0.35,96.0,107.5,1.33,18.0,0
13.45,89.17,173.33,161.28,61.15,28.98,44.64,534.8,3,1.13,153.2,88.6,7.13,99.6,1
11.45,55.45,152.16,146.91,65.09,30.62,51.26,751.4,5,0.29,62.7,180.1,32.76,100.0,1
22.04,97.71,241.86,180.77,81.08,48.0,36.25,342.4,5,1.81,5.4,325.6,19.91,100.0,1
7.57,57.06,96.5,104.66,47.64,12.99,23.65,500.3,4,0.71,261.8,202.7,2.32,91.3,1
5.69,38.76,75.11,78.27,53.29,21.53,43.04,890.9,3,3.53,5.3,112.6,15.41,97.8,1
6.88,48.94,105.78,96.79,47.53,15.39,44.96,495.1,2,0.76,282.2,182.8,7.76,90.6,1
19.79,89.3,201.66,138.55,70.7,41.42,34.82,2118.9,3,0.61,6.5,70.0,0.2,100.0,1
3.38,38.58,79.3,82.37,44.5,8.43,25.88,438.8,3,1.22,159.4,28.0,4.12,72.7,1
5.0,37.72,95.6,107.66,39.41,4.6,44.35,2108.1,2,0.35,310.6,69.3,0.12,73.5,1
2.54,12.97,32.1,60.97,39.31,0.61,29.47,2028.0,1,0.41,285.0,105.6,52.46,46.0,0
6.52,37.0,77.97,91.07,50.25,15.28,39.38,511.6,3,2.75,268.6,104.1,0.03,90.5,1
8.54,55.4,143.83,105.69,59.29,26.63,49.24,352.9,4,1.24,257.6,240.8,7.68,97.7,1
3.99,23.23,56.94,58.14,30.56,0.0,21.9,405.0,3,0.42,85.7,495.8,11.36,30.5,0
0.95,8.4,20.92,29.09,23.3,0.0,43.72,1539.8,4,0.06,97.9,88.7,10.18,33.7,0
3.1,20.2,55.33,55.18,33.72,0.0,34.24,1707.7,3,1.13,116.0,16.3,2.92,44.8,0
3.2,19.37,34.35,53.41,31.92,0.0,34.46,1603.4,3,2.44,271.5,6.1,0.54,52.0,0
4.88,20.92,37.13,45.55,36.63,0.0,40.37,1437.1,3,0.78,218.5,0.7,13.34,52.4,0
2.5,20.1,53.15,64.78,28.66,0.0,29.44,666.8,5,0.51,183.3,500.8,1.1,50.8,0
21.9,96.23,238.77,179.93,88.0,48.0,26.01,2066.0,1,0.91,135.1,978.1,0.01,93.4,1
6.25,32.98,88.96,75.72,48.62,9.78,20.83,987.9,3,5.76,115.6,9.5,10.13,100.0,1
0.86,10.25,15.25,19.2,21.22,0.0,46.47,2371.0,3,0.99,306.8,79.8,2.56,28.2,0
1.54,7.56,17.23,56.33,18.31,0.0,32.84,1108.2,2,0.54,25.7,199.2,16.8,36.1,0
3.95,45.92,73.59,53.35,41.3,8.4,40.84,852.3,3,1.52,25.7,35.5,2.42,88.7,1
6.2,24.85,52.33,39.09,28.29,0.0,31.88,2177.9,3,3.0,485.3,162.4,11.43,54.4,0
13.96,61.15,98.95,106.52,53.85,26.2,26.13,1491.6,3,0.04,96.7,302.4,51.18,95.5,1
5.23,40.09,63.31,91.01,30.98,1.2,41.54,1815.9,1,1.47,79.3,351.5,4.64,64.7,1
8.4,67.87,96.17,100.23,50.21,22.9,38.79,1157.6,3,3.26,228.1,220.6,0.46,99.1,1
1.9,13.1,29.89,25.12,27.89,0.0,33.99,2162.5,2,0.44,227.5,15.4,17.04,17.8,0
6.29,44.76,85.16,70.56,40.48,9.59,38.57,2227.2,3,4.58,23.3,77.1,21.43,97.6,1
2.51,17.53,27.13,66.36,26.98,0.0,27.84,1217.2,3,1.55,22.9,615.9,4.5,49.8,0
14.17,105.69,195.73,168.61,81.28,48.0,45.02,805.5,4,1.31,190.3,38.5,0.29,100.0,1
8.7,46.86,76.69,80.35,34.32,1.98,46.99,1660.1,1,5.97,184.8,108.9,19.89,97.0,1
2.21,20.44,55.57,51.78,33.09,0.0,42.45,2304.6,3,0.25,30.6,73.2,0.23,51.9,0
5.11,22.84,42.21,33.08,27.31,0.0,32.84,1607.1,3,2.43,221.0,41.4,1.59,38.9,0
3.64,16.69,31.17,26.2,28.5,0.0,36.5,2303.9,3,3.07,78.5,70.4,0.58,47.4,0
6.96,43.22,111.32,104.89,47.06,13.92,49.34,1022.0,4,1.21,76.2,37.8,47.95,99.1,1
2.47,10.98,25.34,22.45,16.49,0.0,46.89,2221.7,4,0.01,509.6,377.6,40.82,35.2,0
4.66,38.22,91.5,109.19,39.29,9.6,52.95,536.4,4,1.34,87.9,34.5,14.59,97.3,1
1.39,16.71,38.28,38.13,40.54,0.0,29.37,1053.6,2,0.3,17.7,175.9,1.92,32.3,0
9.1,49.11,133.82,123.97,58.95,22.4,28.6,1338.4,5,1.49,39.4,513.5,0.0,100.0,1
10.7,67.76,114.5,86.4,53.33,20.79,37.14,1671.5,3,2.42,48.7,549.0,1.18,96.8,1
10.32,58.5,162.91,135.2,63.92,31.33,39.46,917.7,1,1.36,381.8,165.1,5.65,100.0,1
12.26,52.63,134.92,96.33,57.47,20.67,34.79,2240.9,4,1.79,36.8,56.9,2.49,100.0,1
2.62,10.68,23.76,54.95,24.07,0.0,32.69,2197.3,3,0.2,67.5,51.3,3.2,21.6,0
2.23,11.87,27.63,49.28,30.9,0.0,46.77,1978.6,2,0.18,166.2,247.7,0.85,29.0,0
10.15,48.37,111.65,81.45,51.87,20.79,35.23,540.2,5,3.43,38.4,710.6,0.51,100.0,1
2.24,23.8,35.27,66.11,22.85,0.0,25.67,464.4,3,0.09,145.1,14.5,0.0,20.7,0
2.4,22.38,38.16,54.42,32.21,0.0,26.65,1346.1,3,0.6,27.9,280.5,8.0,43.5,0
2.26,11.05,30.35,66.2,13.74,0.0,38.1,1907.2,3,5.0,33.3,23.6,26.84,84.6,1
3.57,23.31,50.07,78.79,36.5,0.0,58.0,558.8,2,1.11,515.1,63.7,19.19,78.4,0
0.79,5.07,9.78,52.78,14.28,0.0,27.7,1647.0,5,2.02,55.2,150.5,6.47,39.7,0
10.78,81.35,200.67,138.93,75.61,37.73,33.32,1408.5,4,0.45,157.0,63.5,15.32,100.0,1
4.47,24.39,52.07,44.29,27.41,0.0,56.44,1824.6,3,0.57,220.0,189.1,2.18,57.4,0
3.74,33.52,47.55,80.35,33.33,0.85,31.88,1214.3,3,1.28,51.1,97.2,24.48,75.0,1
1.92,10.32,25.08,43.24,30.49,0.0,39.87,1755.9,4,1.83,53.0,44.5,15.84,58.8,0
4.36,39.82,96.58,78.49,56.06,20.91,51.95,635.2,3,5.81,178.0,136.3,13.47,100.0,1
2.07,22.74,37.1,63.75,21.14,0.0,27.91,750.6,2,1.54,112.1,4.4,1.62,31.3,0
11.06,81.21,222.47,161.5,88.0,48.0,33.37,2197.0,4,0.18,53.9,243.2,9.5,94.6,1
10.86,91.05,156.01,139.13,64.47,41.22,31.88,991.7,3,0.82,166.1,133.0,1.03,100.0,1
5.66,24.51,50.01,75.19,31.3,0.0,23.1,2369.6,5,0.5,239.2,527.7,2.35,47.2,0
8.29,92.75,144.75,134.38,65.09,37.55,49.34,397.0,4,0.53,32.2,19.5,0.19,100.0,1
22.58,205.22,460.64,316.75,88.0,48.0,31.02,1341.3,3,1.27,3.0,237.2,8.49,98.7,1
12.12,69.93,134.67,110.61,62.01,28.49,28.55,982.5,2,0.69,38.4,64.4,0.54,96.8,1
11.64,71.97,136.35,112.22,52.22,21.18,32.22,2391.5,3,0.61,134.7,84.1,0.1,98.0,1
2.01,22.9,58.57,65.18,32.6,1.09,43.9,2379.1,4,6.2,296.2,77.1,4.65,96.5,1
3.61,44.44,62.81,53.36,43.25,10.64,36.96,794.0,2,1.58,238.6,79.8,10.66,77.8,1
2.46,9.92,24.98,41.6,35.91,0.0,29.27,861.2,3,0.55,30.1,101.4,4.41,33.5,0
3.35,17.46,38.42,52.96,30.55,0.0,39.48,1874.3,4,0.58,255.4,3.8,13.96,51.1,0
35.1,246.95,686.66,475.25,88.0,48.0,42.91,2168.3,2,3.0,199.8,337.6,1.92,100.0,1
3.51,21.92,48.77,73.6,32.46,0.0,35.8,1693.8,4,3.92,159.1,384.4,4.17,79.0,1
6.9,55.08,81.39,81.18,42.98,10.93,34.0,2115.9,1,2.05,139.9,7.3,2.57,86.2,1
8.41,60.66,89.22,73.38,43.58,9.92,44.63,432.9,1,1.02,197.5,269.3,1.69,84.4,1
13.02,68.38,180.28,152.02,72.5,37.54,34.48,1645.1,1,2.6,237.4,13.5,1.15,99.4,1
49.51,215.17,554.64,401.39,88.0,48.0,49.67,1770.4,3,4.99,205.2,296.9,7.0,99.6,1
1.93,17.32,32.64,40.58,34.17,0.0,29.56,699.7,5,0.33,15.6,170.9,1.31,56.3,1
1.59,7.14,16.18,44.55,17.53,0.0,29.36,1933.7,4,3.56,153.7,65.8,16.37,53.4,0
2.54,25.27,52.69,45.86,42.17,0.0,28.32,2283.0,2,3.4,220.9,171.3,3.23,57.2,0
2.28,19.59,53.94,55.45,44.4,5.99,33.97,2185.7,1,0.82,24.7,127.2,1.97,48.9,0
0.52,6.05,16.51,56.65,19.14,0.0,36.02,814.4,3,0.62,28.9,181.8,0.23,27.4,0
2.33,22.43,62.29,86.49,31.96,0.0,24.73,980.4,1,1.5,185.0,116.1,5.08,41.0,0
13.12,55.6,145.28,125.32,63.14,29.92,36.82,1349.2,4,0.57,50.6,266.8,21.16,96.7,1
4.74,29.95,80.06,88.65,35.29,0.0,40.81,632.6,2,0.28,61.2,8.3,11.62,65.0,1
2.31,24.76,42.2,70.86,28.86,0.0,23.54,2303.3,2,5.51,56.8,76.0,0.8,79.0,1
11.12,45.74,117.25,124.35,59.45,25.16,31.57,639.4,3,1.22,28.7,147.5,1.01,100.0,1
4.74,20.65,49.4,59.16,38.26,0.93,40.82,1899.0,4,1.15,335.2,159.7,0.01,59.4,0
0.57,2.75,7.57,35.19,34.0,0.0,26.74,1017.0,2,0.24,196.7,33.4,7.89,14.2,0
14.12,59.17,130.15,108.3,57.47,21.55,33.31,1504.8,2,1.26,34.6,13.9,20.92,98.2,1
4.46,38.02,57.76,45.78,32.51,3.75,45.25,399.1,3,2.44,13.5,3.8,0.17,86.7,1
11.93,53.71,120.11,102.1,53.94,19.23,51.26,730.5,3,0.51,55.9,95.9,3.04,97.8,1
0.31,1.56,3.69,42.98,20.13,0.0,39.74,1233.2,5,0.83,64.4,72.2,19.92,43.5,0
14.92,65.47,111.85,113.92,50.5,17.69,34.56,1722.1,2,0.35,0.9,151.0,16.29,100.0,1
8.29,38.46,75.07,93.95,40.88,3.22,31.74,1932.9,1,0.79,261.8,107.5,10.6,65.9,1
4.27,30.76,68.83,52.06,33.68,1.6,43.74,363.3,3,3.56,228.7,90.2,4.38,81.1,1
10.39,49.08,94.42,90.09,48.13,9.46,45.63,620.2,2,0.49,227.8,333.6,6.67,85.4,1
9.29,74.57,143.54,103.14,51.74,25.33,26.17,1832.6,3,0.05,196.7,174.9,37.1,95.1,1
4.47,32.9,52.19,47.96,30.31,0.0,43.74,2007.4,2,1.38,158.5,187.0,8.49,59.2,1
3.29,33.43,90.83,104.55,44.72,11.53,30.84,796.8,4,1.56,120.8,86.6,2.22,86.8,1
41.21,172.46,422.64,302.07,88.0,48.0,28.69,782.3,3,0.72,387.1,270.0,17.91,94.2,1
6.53,50.44,70.7,85.09,44.41,12.13,34.69,484.9,4,1.85,149.3,29.7,0.63,96.1,1
5.62,33.37,82.5,61.52,30.78,0.0,44.43,615.6,5,0.07,119.4,92.5,23.65,78.7,1
8.42,57.44,139.9,114.69,63.19,29.38,38.63,316.8,5,0.75,186.6,8.7,4.25,95.7,1
5.1,20.96,29.63,54.6,20.54,0.0,38.4,1538.6,3,0.28,33.9,22.1,4.88,40.7,0
2.17,15.85,30.39,30.76,26.08,0.0,39.0,2198.2,5,0.47,409.9,15.3,6.05,39.8,0
6.82,32.13,72.27,66.64,43.35,4.78,39.98,614.1,4,0.87,2.3,104.8,21.28,97.2,1
22.94,101.79,207.02,142.47,88.0,48.0,35.03,1878.0,2,1.22,125.4,215.1,5.35,98.2,1
15.23,98.86,246.07,194.26,88.0,48.0,41.37,1504.7,4,0.18,9.6,67.5,2.81,96.6,1
2.7,18.7,37.31,72.94,18.55,0.0,30.39,2273.8,3,0.19,230.3,4.9,1.69,20.9,0
6.08,29.36,47.42,73.04,39.0,3.57,41.53,1976.1,2,2.02,411.7,221.1,4.15,70.8,0
4.26,18.13,50.17,81.47,32.66,0.0,43.28,2090.7,4,0.93,63.0,41.8,2.21,70.4,1
40.92,196.41,341.52,265.04,88.0,48.0,41.94,1642.2,3,0.35,233.5,230.9,3.04,100.0,1
16.8,141.63,340.58,264.86,88.0,48.0,42.38,2003.8,4,0.48,49.1,1.3,3.09,95.7,1
10.86,47.03,75.27,79.9,27.72,0.0,39.95,1036.8,4,2.29,20.8,67.4,43.73,98.2,1
9.57,65.59,122.03,107.64,54.21,18.69,45.97,738.9,3,0.1,38.9,174.7,15.2,94.2,1
10.11,56.83,114.72,97.85,49.66,14.3,16.69,2216.3,2,1.28,43.1,368.8,4.67,93.8,1
7.36,33.24,55.48,77.88,42.87,9.72,43.26,1842.1,4,0.8,119.5,252.5,6.96,92.3,1
1.54,13.7,27.82,31.27,32.15,0.0,52.79,490.5,3,3.0,190.8,107.5,12.01,68.9,1
6.69,31.33,50.76,40.52,24.45,0.0,30.71,2120.5,1,2.81,27.6,228.2,1.71,47.9,0
7.44,41.04,89.57,105.88,52.66,16.92,29.76,1032.7,2,2.1,11.1,138.8,0.0,98.0,1
11.6,50.03,116.54,80.92,55.33,20.4,46.93,926.4,2,0.87,30.1,302.2,0.88,95.1,1
2.51,22.97,34.16,71.16,20.28,0.0,28.12,1609.0,3,1.8,42.2,266.2,4.27,46.3,0
17.22,113.65,297.7,231.31,88.0,48.0,30.33,1494.1,1,1.84,39.4,670.2,5.73,93.9,1
1.89,8.53,14.16,28.99,30.17,0.0,37.44,1430.3,2,0.73,29.8,20.0,12.37,35.8,0
2.83,33.93,58.2,74.23,29.01,0.0,29.21,835.2,3,3.82,75.3,75.0,7.98,82.3,1
4.64,46.82,108.9,112.59,58.76,22.57,43.44,2315.5,2,7.54,232.5,38.5,14.11,97.3,1
13.95,56.16,115.48,91.1,43.26,6.68,29.28,2295.3,2,0.68,12.7,179.3,1.12,90.6,1
5.31,41.56,87.24,96.39,39.68,7.87,39.07,308.7,5,2.91,237.7,196.3,2.58,93.9,1
6.32,25.7,40.59,67.58,25.71,0.0,38.42,1009.4,4,1.25,82.5,41.0,0.54,59.0,0
2.16,19.47,49.21,48.21,42.04,2.82,50.14,395.7,3,1.12,129.6,98.5,1.64,64.5,1
5.57,39.42,89.24,64.9,42.04,7.3,45.91,2085.5,4,0.88,202.7,165.9,2.73,87.5,1
9.16,44.06,70.04,59.71,32.63,0.0,31.5,2161.7,2,0.62,43.5,193.6,0.44,52.5,0
4.19,21.85,42.04,41.35,34.44,1.47,25.25,1388.4,3,4.54,370.1,19.5,6.64,62.3,1
8.32,46.53,117.94,84.6,56.99,23.55,43.12,2063.3,3,2.43,10.5,457.1,11.72,96.2,1
4.73,27.81,61.05,77.36,41.1,8.56,30.45,1777.1,4,1.05,90.0,6.2,54.07,86.6,1
10.36,46.37,71.97,68.88,38.52,10.16,33.15,1349.1,3,2.51,35.3,649.8,15.13,94.0,1
8.16,67.99,130.68,129.74,58.12,21.93,26.99,1064.0,2,2.28,62.9,68.4,1.26,94.3,1
1.05,6.74,11.72,23.97,19.38,0.0,41.77,859.1,3,0.56,71.5,68.5,0.09,23.8,0
0.42,3.98,8.45,30.89,32.42,0.0,30.5,844.8,4,0.35,295.1,106.3,1.94,19.5,0
10.35,57.08,147.31,129.51,68.11,27.97,35.7,1480.3,3,3.26,69.9,213.7,0.19,90.6,1
4.85,39.58,79.59,96.22,48.78,12.89,35.83,650.3,4,3.0,143.7,31.3,10.91,94.9,1
6.11,44.66,89.63,86.86,49.86,13.99,37.56,667.1,3,10.38,363.8,53.0,8.81,95.9,1
12.3,76.84,204.96,155.04,80.51,48.0,41.62,321.8,4,0.04,81.9,586.6,20.19,92.3,1
5.7,67.4,148.73,140.69,54.18,14.98,33.94,1588.0,3,1.4,63.0,377.0,1.96,100.0,1
10.97,114.75,251.62,182.51,88.0,48.0,29.7,2388.1,2,2.18,433.3,43.0,3.57,100.0,1
7.2,36.62,64.7,50.63,38.8,4.14,20.19,2167.4,4,1.57,211.0,153.2,5.3,63.1,1
5.09,33.27,74.88,73.7,48.55,15.0,36.87,1781.9,4,2.23,337.2,41.0,4.86,92.5,1
7.34,32.33,71.33,86.7,44.82,8.76,34.67,1949.6,5,0.27,60.7,143.8,5.31,90.1,1
1.17,5.89,11.51,13.87,26.53,0.0,29.96,1175.4,3,0.0,143.0,82.0,4.78,12.3,0
2.72,33.47,93.28,92.0,36.01,0.0,36.53,926.0,4,0.18,34.5,81.0,8.27,80.7,1
4.67,25.27,66.58,75.03,38.11,1.03,43.28,1074.1,4,0.86,241.0,181.4,3.82,71.7,0
9.88,102.96,252.19,210.71,87.27,48.0,45.45,471.0,1,0.72,324.5,52.2,5.22,100.0,1
8.82,41.44,89.19,75.86,46.49,12.6,22.95,1631.0,5,3.73,37.4,93.2,19.99,99.6,1
10.67,42.94,87.88,74.67,42.11,3.33,32.93,667.2,2,0.16,13.3,466.9,1.89,75.2,1
2.85,16.72,27.73,42.85,26.11,0.0,44.17,1902.0,1,1.05,26.9,253.4,0.03,31.3,0
1.88,9.58,17.51,32.44,27.66,0.0,49.57,699.0,2,5.7,120.2,87.0,19.56,82.9,1
0.55,4.6,11.43,45.57,20.61,0.0,29.05,779.1,3,1.26,38.1,47.1,9.25,26.3,0
3.39,21.99,44.75,62.96,33.26,0.0,47.72,2310.3,1,0.26,122.1,193.7,0.0,32.7,0
3.44,15.25,40.18,65.27,22.13,0.0,24.52,521.3,1,0.62,51.7,296.8,14.24,19.9,0
3.76,34.7,55.77,78.15,30.62,0.57,45.76,1347.6,3,1.77,298.4,354.9,9.68,76.2,1
10.2,81.52,172.15,158.43,72.14,45.91,33.61,431.6,3,0.02,72.3,149.5,1.29,100.0,1
13.88,89.15,205.55,158.0,70.17,34.6,49.28,489.8,4,6.2,82.6,130.9,53.96,100.0,1
8.13,40.45,85.89,105.14,51.52,18.17,32.06,1630.4,2,1.51,51.3,228.9,9.95,95.1,1
3.31,22.97,60.77,54.2,42.86,8.38,33.37,1624.5,2,2.19,9.1,34.8,28.31,88.5,1
20.08,84.49,235.33,190.11,84.28,48.0,34.87,705.6,1,1.24,81.7,344.1,2.55,92.7,1
8.1,84.37,131.8,114.7,74.9,39.56,22.94,2132.2,3,5.7,178.7,13.8,21.21,97.6,1
1.46,10.22,16.16,52.27,31.98,0.0,21.02,1774.6,3,1.6,367.0,166.3,9.05,25.3,0
10.34,51.54,81.57,79.47,37.14,3.72,40.34,931.3,3,1.95,9.6,160.4,22.65,100.0,1
2.15,18.18,42.8,68.1,36.46,0.33,44.4,821.6,3,3.55,191.6,67.0,1.1,73.0,1
11.77,61.44,118.06,123.6,53.45,24.73,41.16,1884.0,4,3.56,37.3,6.5,9.51,92.8,1
22.71,210.42,510.62,369.85,88.0,48.0,25.34,1840.6,2,0.05,207.7,227.8,39.02,100.0,1
1.4,15.65,30.79,59.94,22.2,0.0,40.08,612.5,3,0.6,50.2,4.4,10.87,44.2,0
8.25,81.98,186.81,129.45,78.27,42.46,27.58,1033.3,2,0.51,14.6,35.6,2.91,96.5,1
10.74,45.11,111.77,86.87,47.71,17.22,39.47,755.0,2,0.01,113.6,141.4,21.64,92.5,1
22.06,126.92,275.11,227.66,88.0,48.0,45.62,917.7,2,3.77,269.2,506.4,32.91,95.3,1
6.64,30.84,66.46,79.39,33.08,0.0,39.12,903.9,3,0.69,24.0,12.3,1.79,78.7,0
10.86,79.53,121.17,109.03,49.44,14.84,48.48,2349.6,3,0.77,2.6,155.6,7.98,100.0,1
1.19,6.57,12.98,29.95,22.87,0.0,34.73,1875.4,4,0.19,258.3,71.8,0.09,19.4,0
2.8,17.08,36.95,31.02,32.68,0.0,34.16,1938.1,4,8.24,143.6,199.2,24.8,95.3,1
2.94,12.2,24.98,37.85,12.0,0.0,36.57,882.6,3,3.15,198.5,550.0,1.38,35.9,0
29.05,140.28,373.31,270.1,88.0,48.0,24.59,301.1,2,1.53,7.4,56.3,8.85,97.8,1
14.24,69.75,186.19,135.54,67.66,39.73,32.57,422.1,4,2.66,265.4,561.9,23.42,100.0,1
6.31,71.79,183.11,131.81,79.68,43.63,33.32,1461.3,4,2.7,65.2,368.1,5.08,100.0,1
17.53,101.09,194.63,154.39,88.0,48.0,33.59,899.5,4,1.92,273.5,168.1,10.31,100.0,1
2.78,17.45,41.96,58.64,29.59,0.0,38.28,705.2,1,0.34,8.1,255.6,0.05,43.7,0
7.35,30.9,60.36,55.03,26.57,0.0,23.42,404.2,4,2.29,259.3,360.3,0.9,50.4,0
1.17,9.44,16.29,42.02,25.26,0.0,26.26,2139.4,4,1.52,134.3,292.8,0.33,23.2,0
2.64,20.98,39.44,71.15,29.81,0.0,45.62,1560.3,3,2.32,97.0,71.2,24.04,81.8,1
2.38,15.9,23.85,41.79,38.5,0.0,18.94,525.5,4,1.41,7.7,301.4,39.02,75.8,1
3.46,28.53,53.19,78.16,44.89,9.14,41.24,1909.4,4,5.64,139.9,67.7,1.05,98.3,1
1.36,13.3,27.19,64.4,32.81,0.0,32.82,1887.2,3,1.78,109.3,363.2,11.25,52.2,0
2.29,10.12,27.71,27.17,24.24,0.0,37.36,907.7,4,1.53,155.5,53.1,0.26,33.1,0
2.53,14.48,26.62,26.61,31.52,0.0,49.24,695.7,4,3.33,151.4,152.9,7.55,71.2,1
1.34,5.91,15.75,36.66,26.0,0.0,34.88,2009.4,5,0.86,70.4,212.5,1.11,39.2,0
29.47,133.18,229.12,180.39,85.6,48.0,41.32,992.1,5,0.68,27.5,99.9,0.37,100.0,1
7.88,61.57,102.65,90.89,39.39,11.36,36.5,2079.6,3,1.26,301.5,275.0,1.48,90.7,1
22.58,130.41,277.33,199.96,88.0,48.0,35.07,391.7,1,1.58,311.8,467.1,0.11,100.0,1
2.81,29.8,69.79,79.21,40.19,3.33,34.02,1348.5,1,0.45,28.6,37.1,0.42,58.2,0
5.9,25.06,36.64,28.91,29.65,0.0,41.96,677.2,5,2.06,119.5,6.1,0.42,64.7,0
8.37,56.3,96.25,111.13,43.35,14.1,29.78,1711.3,3,2.92,27.2,177.3,1.25,100.0,1
3.26,22.18,45.2,44.82,27.89,0.0,26.38,2394.1,3,1.55,237.0,165.9,43.06,55.2,1
3.19,24.26,45.21,75.66,34.56,0.12,36.63,1166.3,3,1.33,12.4,75.1,24.72,77.0,1
2.75,17.38,41.68,37.0,21.17,0.0,37.64,510.7,2,0.63,555.0,277.1,51.01,35.1,0
1.19,9.72,20.56,29.08,30.49,0.0,20.49,967.1,3,4.33,113.3,314.9,13.6,42.9,0
1.78,12.42,20.17,28.68,19.32,0.0,35.91,2172.2,4,2.53,2.8,72.6,23.28,75.0,1
6.19,28.68,76.06,99.27,28.95,0.0,25.57,1908.1,2,1.18,256.4,206.4,11.7,49.9,0
10.27,46.29,83.79,59.67,54.39,22.56,41.33,787.6,4,1.94,138.4,184.9,7.44,94.5,1
2.03,15.43,37.4,58.1,25.32,0.0,20.67,2302.6,4,0.74,143.4,75.5,0.03,26.5,0
2.73,17.06,42.51,71.77,27.57,0.0,52.36,1606.6,3,0.11,38.6,626.1,0.13,59.2,1
15.55,68.06,187.05,156.84,79.18,40.11,33.13,652.9,3,0.41,49.3,76.5,0.75,99.8,1
1.57,17.63,36.98,45.36,41.48,0.25,28.65,1501.9,4,0.15,295.0,174.3,13.62,36.7,0
5.68,24.57,55.58,84.25,26.37,0.0,33.59,1247.7,3,1.28,120.9,86.1,0.58,47.9,0
8.91,75.97,141.97,137.49,54.02,28.37,40.73,2021.4,3,1.75,2.1,2.1,0.01,96.6,1
2.66,13.6,31.94,45.29,23.65,0.0,43.57,1022.7,3,0.86,47.6,17.3,38.31,62.2,1
2.7,15.07,30.87,50.87,34.25,0.0,33.67,2137.5,5,1.36,109.5,47.6,1.65,55.5,0
5.01,28.8,57.96,86.22,46.06,12.72,23.77,2005.1,3,0.16,19.2,301.0,19.74,75.5,1
4.17,18.43,47.87,80.33,26.92,0.0,25.7,1716.7,4,2.65,12.4,105.0,0.23,79.3,1
2.96,30.44,44.76,54.33,41.02,9.5,38.43,843.1,3,0.06,7.3,159.9,8.02,83.6,1
9.83,70.72,186.33,164.25,67.92,40.97,44.39,2337.7,2,1.81,119.5,518.4,2.61,99.4,1
1.12,6.53,16.93,29.59,26.76,0.0,45.5,1452.2,2,1.02,46.4,28.6,10.11,35.8,0
8.75,40.14,84.66,76.76,36.08,2.97,37.43,2205.8,2,0.37,56.1,356.3,2.0,61.3,0
3.6,30.85,64.35,54.25,37.29,4.42,44.22,753.0,1,1.33,7.4,85.8,0.97,74.1,1
2.5,11.53,21.98,28.7,25.49,0.0,52.25,2365.1,3,2.73,160.7,74.1,20.45,61.8,1
6.57,44.43,124.04,115.18,52.84,12.07,46.12,2013.7,2,0.96,174.7,176.8,0.74,96.5,1
1.37,12.2,18.97,40.32,27.62,0.0,43.84,2293.4,4,0.83,212.2,412.0,4.35,40.5,0
6.76,32.32,71.96,62.18,34.11,0.0,29.14,746.0,5,0.28,126.6,77.1,10.4,63.5,0
1.39,14.59,34.34,45.45,24.31,0.0,44.18,1204.4,3,1.63,178.1,257.9,0.49,33.5,0
5.69,33.96,91.97,81.58,48.38,17.6,39.92,505.0,3,3.17,103.3,3.5,19.23,96.2,1
1.4,15.37,38.3,74.32,38.78,4.63,41.53,587.6,3,1.48,81.2,175.6,20.87,73.0,1
10.4,73.95,170.18,154.03,67.51,35.8,46.72,896.3,3,0.32,36.1,179.2,1.85,100.0,1
2.17,11.9,18.6,34.55,28.23,0.0,39.05,2298.4,3,1.95,6.6,146.2,10.58,67.5,1
5.62,32.21,61.95,86.39,41.89,0.76,35.13,1701.1,3,0.06,41.4,500.0,0.25,63.3,0
4.28,28.74,45.83,50.21,37.82,4.64,26.91,960.7,3,3.28,138.1,502.2,1.55,68.0,1
8.15,53.32,140.42,126.33,53.6,22.37,33.48,2304.6,3,4.58,313.8,75.4,4.8,93.9,1
5.18,43.68,106.98,118.04,45.29,4.33,37.81,1853.4,3,1.64,35.5,109.7,3.05,93.5,1
8.19,52.01,127.97,105.74,51.69,20.03,38.36,2204.7,4,3.84,133.0,283.0,3.22,95.5,1
14.34,59.25,137.06,124.68,69.95,30.07,38.07,2247.2,5,0.16,78.1,334.3,0.59,95.6,1
16.5,73.49,155.04,119.09,66.46,27.6,44.16,1876.6,4,0.47,118.5,97.4,0.23,98.9,1
2.0,19.08,30.72,36.95,31.38,0.0,43.36,810.6,3,0.69,0.2,77.3,1.26,67.3,1
2.79,32.84,61.14,70.58,39.32,1.33,35.47,2392.8,4,2.67,15.7,309.3,1.73,89.4,1
16.34,68.47,108.98,119.9,42.59,10.32,28.8,982.7,3,1.19,29.4,85.1,0.07,94.2,1
27.69,163.34,394.44,281.78,88.0,48.0,39.26,1710.6,4,0.77,268.7,93.5,1.07,100.0,1
15.43,90.02,146.22,142.24,63.82,32.83,55.09,2074.1,4,0.31,5.0,26.2,1.48,100.0,1
3.68,17.3,41.23,72.94,35.88,0.0,38.73,667.8,2,3.0,101.2,140.9,4.99,63.5,1
2.37,17.76,42.08,43.77,21.19,0.0,33.48,1579.0,2,0.04,316.8,71.1,1.78,11.3,0
4.23,26.12,53.36,57.77,39.62,4.64,40.55,1087.9,3,0.74,126.7,160.8,18.17,70.7,1
12.85,52.54,83.5,88.22,41.24,8.26,41.06,813.0,1,0.5,79.5,107.0,6.15,81.8,1
4.79,24.67,45.4,57.83,24.78,0.0,40.97,324.7,4,0.25,58.5,248.2,34.78,72.3,1
2.88,27.15,50.18,41.94,28.33,0.0,47.67,2131.1,4,0.34,117.4,58.6,21.05,64.6,1
7.73,75.28,179.21,166.2,62.59,31.55,39.28,585.4,3,1.23,78.6,34.0,6.07,99.7,1
3.32,28.97,45.17,68.23,24.96,0.0,47.27,2144.0,3,1.0,146.7,218.5,17.43,69.0,1
15.16,72.09,184.59,144.68,72.05,43.75,37.96,1561.5,3,1.32,115.4,87.2,11.35,100.0,1
3.29,25.23,62.21,73.25,35.1,0.0,48.86,1604.2,1,2.34,100.6,149.3,0.16,66.3,0
1.75,20.98,34.84,31.59,31.76,0.0,46.26,2040.2,4,4.01,377.1,509.6,16.87,84.0,1
8.25,34.28,82.51,80.92,53.16,17.04,43.84,1369.8,3,0.23,216.7,119.1,39.92,94.2,1
6.72,61.75,144.24,140.64,59.61,28.82,42.71,1050.3,3,0.16,112.6,29.8,7.52,96.8,1
1.01,12.41,30.37,65.09,15.03,0.0,55.56,591.5,4,0.7,92.8,100.1,8.21,58.6,0
2.13,17.71,29.49,39.35,26.8,0.0,45.15,1497.9,4,1.42,154.5,117.2,0.31,48.3,0
14.23,118.59,192.19,153.83,80.97,45.09,28.78,1461.7,1,0.19,195.5,261.4,1.95,95.4,1
1.05,6.9,11.94,44.14,22.83,0.0,38.09,917.2,4,2.27,42.0,39.1,13.97,56.3,1
8.37,35.4,67.69,64.3,48.13,15.44,33.75,1560.1,3,1.46,131.9,76.7,0.39,85.9,1
10.08,43.91,110.27,79.6,53.59,15.96,53.55,1222.7,4,2.48,17.4,9.2,0.75,98.8,1
5.46,34.65,84.3,82.54,32.57,0.0,46.64,1991.6,2,0.8,67.5,217.9,5.03,73.2,1
6.65,44.36,119.59,109.81,54.14,17.09,53.27,1474.9,2,0.92,334.5,245.2,1.88,98.3,1
2.98,17.08,25.32,21.72,28.87,0.0,29.54,2260.7,4,2.97,47.4,110.0,6.31,62.4,0
4.05,33.37,47.26,40.02,39.72,7.68,45.36,1387.8,3,0.56,20.1,139.1,20.96,85.8,1
2.14,24.1,57.33,51.59,46.97,6.4,24.4,2163.7,3,0.86,19.0,249.4,0.68,67.2,1
11.45,47.76,85.54,76.26,49.4,16.03,22.47,1393.1,3,0.02,60.1,56.2,0.23,85.4,1
1.3,11.6,21.67,43.43,28.71,0.0,32.63,1471.9,3,1.46,30.6,168.1,8.5,39.9,0
4.59,40.32,87.32,74.98,48.51,10.72,48.86,1070.3,1,3.43,66.8,598.0,0.47,98.2,1
3.22,20.09,31.01,37.58,27.67,0.0,27.56,1140.4,3,0.05,152.3,193.1,2.01,13.8,0
2.25,13.75,31.63,64.68,20.08,0.0,35.86,2259.5,1,1.71,262.9,14.6,8.34,30.0,0
1.28,15.41,28.59,30.11,28.25,0.0,46.11,768.9,3,3.36,14.0,61.7,7.0,80.5,1
1.39,13.19,30.14,46.89,30.63,0.0,43.19,555.1,5,1.23,175.5,131.8,1.0,54.8,0
10.31,71.46,183.48,167.14,64.15,30.23,54.84,2043.4,3,0.68,13.1,13.6,0.95,95.9,1
3.05,15.52,25.45,49.67,35.09,0.0,36.03,1511.5,4,10.22,57.3,203.2,4.28,93.9,1
12.03,101.27,273.75,215.21,88.0,48.0,32.25,897.8,2,0.12,680.3,191.1,0.38,98.0,1
20.63,135.81,291.03,213.57,88.0,48.0,26.7,1208.0,4,0.43,8.5,376.2,5.9,97.6,1
6.28,35.91,96.68,68.74,55.27,21.23,32.87,1402.3,3,3.9,2.8,124.8,18.45,96.8,1
4.41,19.07,32.24,55.03,27.18,0.0,26.62,1543.5,3,0.64,48.7,212.1,3.98,30.8,0
4.24,31.32,70.36,79.17,35.03,2.12,20.73,2024.2,4,3.09,362.2,36.2,0.78,72.7,1
5.91,57.53,113.07,83.46,58.13,23.05,52.69,1128.1,3,0.73,2.4,0.5,0.04,100.0,1
3.19,19.52,48.49,57.32,33.27,0.27,36.42,1720.7,3,3.01,30.2,34.0,19.42,78.9,1
3.61,17.44,39.21,71.68,42.38,3.57,58.0,2053.0,1,2.08,110.9,11.6,21.73,82.7,1
4.23,42.85,89.67,72.51,39.99,1.23,28.87,2071.9,2,1.14,32.0,100.5,0.63,65.5,0
10.16,66.74,178.75,141.94,59.66,26.08,32.36,833.9,4,1.33,6.6,113.7,28.5,98.0,1
4.64,55.85,107.68,95.74,48.47,16.93,29.41,1035.4,5,0.35,6.5,186.1,0.29,96.0,1
0.78,9.15,15.64,51.65,29.11,0.0,30.55,1549.3,2,0.22,98.3,27.3,8.33,21.1,0
8.76,54.04,121.66,121.18,48.5,12.68,43.43,2160.1,3,2.27,99.0,43.5,15.83,95.5,1
1.49,11.42,25.96,56.04,19.29,0.0,40.81,1959.9,1,3.4,147.1,288.2,0.47,39.5,0
3.61,16.15,32.55,42.6,30.49,0.0,43.44,1526.3,2,2.3,17.0,154.7,4.75,62.6,1
15.55,85.25,177.42,123.57,60.9,35.57,47.41,2365.8,3,4.39,83.1,5.4,0.28,100.0,1
1.63,10.36,28.42,39.2,29.8,0.0,45.41,1221.9,4,3.97,110.2,339.6,3.26,75.9,1
2.95,19.76,47.93,66.75,31.38,0.0,27.43,2069.1,1,2.71,30.2,178.9,6.3,51.8,0
0.69,4.18,6.5,40.85,24.79,0.0,31.55,2018.7,4,4.11,95.1,37.2,7.69,60.4,0
7.34,84.52,143.43,141.66,51.86,27.42,37.03,2206.9,2,0.33,147.8,52.3,1.19,100.0,1
13.75,59.31,164.04,132.04,73.72,35.6,58.0,2374.1,4,2.37,563.2,145.2,4.83,100.0,1
11.2,44.85,108.4,103.92,49.25,13.93,42.57,1341.0,3,2.52,108.9,148.1,0.03,93.2,1
6.5,58.67,157.3,131.51,68.63,32.11,36.91,710.8,3,0.3,237.0,294.4,12.82,100.0,1
0.91,9.1,16.6,22.57,30.41,0.0,41.72,1267.9,4,4.33,215.3,79.9,0.15,67.4,1
2.29,21.98,53.6,60.59,28.06,0.66,30.87,2093.2,2,0.02,338.1,143.5,0.85,19.0,0
4.09,21.28,51.07,62.71,39.59,2.94,38.23,2055.8,2,1.03,154.1,157.2,9.66,55.2,1
1.5,7.78,14.11,56.95,15.4,0.0,44.11,1005.5,1,0.04,28.8,147.2,42.84,32.5,0
7.94,35.44,76.94,71.5,33.32,0.0,35.75,399.3,3,1.33,42.5,13.6,7.98,67.6,1
20.93,100.73,229.5,198.28,88.0,48.0,29.57,1370.7,1,0.96,184.3,95.4,0.31,98.9,1
1.3,8.29,17.18,40.57,31.48,0.0,35.34,1295.6,3,1.76,88.3,74.5,20.22,48.9,0
3.9,21.16,54.12,51.09,47.6,11.62,33.28,480.1,1,2.62,34.7,887.5,4.35,77.1,0
3.39,17.21,44.15,42.32,30.14,0.0,24.46,1969.3,2,2.63,128.3,112.8,15.7,37.8,0
3.67,21.93,56.81,48.3,36.52,0.0,31.14,895.5,5,2.31,284.4,102.8,0.39,63.3,0
14.49,90.05,227.36,173.16,86.82,48.0,24.16,1656.1,4,0.19,53.1,119.0,0.73,99.4,1
4.97,26.23,54.64,41.5,35.22,0.0,25.49,513.1,2,0.97,108.8,453.0,0.13,24.9,0
4.54,25.95,50.19,57.65,29.58,0.0,26.3,2107.5,4,3.05,104.5,170.2,2.55,66.1,1
11.0,58.08,148.9,146.26,56.32,24.08,44.1,1852.5,4,1.91,16.3,88.7,3.39,100.0,1
2.32,12.61,26.31,52.26,28.65,0.0,48.66,1115.7,2,2.06,11.3,438.7,0.97,74.6,0
6.06,29.98,52.32,73.2,28.25,0.0,22.94,1621.9,3,0.46,264.2,478.3,29.86,47.9,0
3.98,21.04,44.4,39.22,25.86,0.0,49.43,693.7,5,0.71,325.3,55.3,0.01,61.4,0
7.17,42.58,68.07,70.53,41.42,4.83,26.42,2369.4,4,5.61,281.5,90.0,4.67,93.0,1
53.59,273.53,647.79,438.95,88.0,48.0,42.35,1971.8,4,3.38,60.6,611.1,35.5,100.0,1
8.49,54.31,101.57,111.26,54.06,22.22,38.2,1956.8,3,0.32,40.7,140.2,24.54,100.0,1
2.9,23.95,42.26,40.63,29.28,0.0,41.4,622.1,4,1.42,342.0,101.7,0.15,46.8,0
5.21,64.93,177.86,141.25,66.31,30.28,26.09,337.2,3,1.21,257.3,39.1,1.95,95.5,1
2.68,15.31,38.08,56.22,33.2,0.0,20.59,1529.3,4,1.06,205.7,87.3,10.22,34.3,0
1.2,6.65,16.65,38.95,19.79,0.0,29.18,602.7,4,1.14,48.8,179.6,19.97,36.7,0
3.61,14.74,33.5,64.14,25.43,0.0,39.63,1938.9,1,1.85,122.2,7.1,3.8,40.5,0
3.2,22.62,58.25,53.28,32.6,2.05,52.63,1173.8,3,6.15,166.6,15.7,2.08,91.4,1
4.13,28.06,69.11,66.9,38.09,2.17,27.25,1011.0,3,3.75,103.0,1.0,13.1,73.9,1
4.09,35.76,80.03,92.66,53.04,15.37,35.16,454.7,1,3.74,110.6,44.5,0.92,94.1,1
8.99,97.72,268.3,203.16,86.86,48.0,29.63,2391.7,3,2.19,169.6,36.4,0.57,99.2,1
6.65,31.46,52.49,57.21,42.47,13.36,35.85,2307.6,4,0.03,174.7,342.5,1.02,73.4,1
3.74,30.53,83.07,60.32,47.69,13.37,19.59,576.4,5,1.05,32.9,36.9,27.76,87.3,1
0.43,2.34,4.59,41.88,30.69,0.0,48.73,998.9,4,1.29,59.4,194.8,10.45,50.3,0
1.72,8.71,18.64,60.87,44.04,4.83,36.2,1120.7,2,3.33,182.3,22.7,0.39,68.7,1
5.82,36.35,57.14,70.05,44.59,10.35,43.8,923.3,3,4.61,36.4,162.1,6.78,99.3,1
6.54,28.56,61.59,83.57,42.8,3.49,34.03,2262.4,2,1.08,296.7,103.0,17.41,72.1,1
11.59,74.57,168.2,137.59,59.22,29.8,37.62,1814.8,4,0.64,219.1,94.6,1.69,95.3,1
1.13,8.79,24.59,31.41,19.77,0.0,45.6,2307.4,4,0.74,271.0,349.5,13.39,35.0,0
1.08,4.67,12.91,14.04,25.78,0.0,37.12,2136.5,4,1.56,42.3,33.0,0.44,35.5,0
7.48,33.02,90.91,93.5,35.27,1.16,37.43,1884.5,4,0.58,13.3,162.8,1.25,88.2,1
2.56,23.7,44.73,56.27,36.22,0.09,29.25,1763.6,1,4.35,12.7,310.5,0.0,80.5,1
0.32,3.82,10.65,47.12,12.0,0.0,31.46,2118.9,2,0.98,97.4,225.3,1.26,8.9,0
5.01,52.6,107.18,105.93,56.92,19.98,27.39,1736.7,5,8.3,43.8,737.1,0.46,98.8,1
0.95,7.35,19.07,61.85,23.41,0.0,29.73,696.3,4,0.21,36.7,0.4,45.79,55.9,1
8.27,33.71,57.4,65.27,36.83,5.75,46.64,1661.1,3,0.37,30.2,388.3,3.38,80.7,1
2.87,16.43,34.64,46.74,25.21,0.0,51.37,1381.5,3,1.29,99.1,171.1,9.33,49.1,0
1.27,8.82,24.29,33.69,15.41,0.0,25.4,2362.0,3,3.65,95.3,0.4,0.19,31.9,0
6.32,27.37,74.6,74.95,48.3,5.3,39.36,1370.9,3,0.79,65.8,112.8,36.99,88.8,1
10.14,64.59,152.25,143.24,70.65,32.99,33.3,380.8,2,3.27,17.9,262.5,4.29,97.6,1
2.62,19.58,49.28,38.94,31.69,0.0,47.87,854.8,3,1.0,317.1,36.3,13.05,51.6,0
11.7,48.77,80.32,101.21,46.46,10.91,37.15,2226.5,3,3.45,67.0,204.2,1.12,90.6,1
3.77,16.82,40.53,76.04,29.0,0.0,35.94,2320.9,2,0.58,15.8,27.1,34.51,72.7,1
12.18,54.51,123.47,112.16,56.3,20.27,29.67,1829.8,5,1.15,4.5,292.8,0.03,99.2,1
3.1,18.56,28.36,38.35,32.5,0.0,22.98,419.4,2,0.59,19.9,151.3,11.59,29.5,0
9.56,44.65,69.58,60.27,42.81,11.44,42.47,349.4,3,0.44,42.3,6.2,0.13,91.3,1
4.2,37.98,58.94,55.75,44.55,9.56,39.0,1307.1,3,0.98,119.3,17.1,2.84,73.9,0
17.28,97.38,235.09,160.07,88.0,48.0,39.21,2399.3,3,0.73,424.6,358.9,2.9,97.4,1
4.56,18.45,29.49,45.55,28.43,0.0,30.91,2125.5,2,2.78,38.1,6.0,2.45,52.5,0
0.74,5.74,11.8,15.25,18.73,0.0,34.76,2259.5,3,2.48,187.2,63.8,0.59,18.7,0
0.75,3.5,6.65,41.65,18.99,0.0,42.72,1609.4,1,0.8,290.8,150.6,4.51,11.1,0
11.08,67.8,147.17,117.4,66.07,34.55,44.35,2104.2,3,8.75,59.6,43.2,30.97,99.3,1
3.12,35.91,85.79,69.74,35.01,7.28,25.98,971.4,2,6.56,35.0,45.7,12.97,97.1,1
11.79,56.2,132.56,115.68,63.75,30.45,30.62,357.5,2,4.5,81.1,269.3,25.8,99.0,1
1.04,9.53,20.22,61.96,23.98,0.0,24.19,2228.3,5,1.59,272.4,61.9,6.82,38.5,0
4.23,22.6,46.33,66.39,28.06,0.0,37.71,758.7,4,0.96,1.3,7.1,0.51,82.1,1
0.96,10.16,19.88,40.05,18.97,0.0,43.52,1829.8,2,0.68,80.0,229.9,8.49,24.9,0
30.95,128.43,334.79,257.57,88.0,48.0,33.63,1683.8,5,0.03,170.1,555.7,10.19,98.7,1
6.15,47.42,88.35,95.62,44.65,13.5,30.37,632.1,2,1.8,110.3,321.0,14.84,90.6,1
12.06,101.78,179.45,161.77,79.78,46.8,33.15,711.1,2,1.45,82.5,143.2,0.01,98.3,1
1.98,19.4,47.35,44.99,25.68,0.0,55.6,991.1,2,1.79,96.8,99.6,20.09,59.4,1
11.32,47.01,89.48,101.81,41.59,5.22,46.13,1889.6,4,1.54,115.9,466.6,11.97,100.0,1
10.48,52.14,134.83,106.19,57.2,24.78,42.21,382.4,3,0.27,137.5,261.6,9.7,93.8,1
3.75,18.22,33.87,69.36,24.97,0.0,38.72,1154.8,1,2.14,52.8,152.2,9.26,47.2,0
11.46,69.52,165.65,125.32,66.42,33.7,35.89,1696.7,1,0.8,87.4,381.4,0.0,100.0,1
17.17,106.86,156.35,148.33,65.69,37.28,28.29,660.1,3,1.31,38.4,165.7,1.97,100.0,1
8.21,83.22,161.43,153.3,68.11,36.68,26.98,550.8,4,0.82,496.1,653.5,0.52,100.0,1
10.19,58.18,109.41,82.67,59.67,24.26,31.17,1119.4,4,0.04,24.9,351.7,0.38,99.3,1
2.31,18.92,48.13,80.14,25.65,0.0,27.89,901.8,3,3.77,19.6,143.9,1.51,77.2,1
3.1,12.59,34.68,31.4,31.74,0.0,30.83,1663.1,4,0.29,37.6,461.1,0.27,30.6,0
27.27,126.59,258.9,183.12,88.0,48.0,35.13,2336.1,4,1.57,303.2,75.5,21.03,100.0,1
1.87,12.45,31.81,45.66,31.49,0.0,35.78,309.4,3,3.86,129.1,217.3,4.27,64.6,1
5.12,48.41,115.19,124.58,54.84,18.8,30.73,2195.0,3,0.45,73.0,33.8,8.59,98.7,1
11.28,52.84,145.53,121.58,54.83,19.34,40.21,1209.8,2,0.96,311.5,406.3,1.48,99.0,1
4.08,40.51,102.72,96.54,43.36,5.91,34.39,1694.4,3,0.85,276.5,51.3,10.78,80.0,1
19.62,174.9,263.83,207.74,88.0,48.0,37.82,2087.2,4,0.17,61.6,535.8,1.23,99.1,1
2.99,25.76,61.79,88.74,37.44,0.69,29.67,1504.3,2,0.99,99.5,3.1,8.88,47.6,0
3.92,22.42,48.2,71.58,32.18,0.0,41.89,504.4,3,1.18,282.9,206.1,4.47,59.4,1
2.83,13.25,18.86,27.34,29.23,0.0,31.45,595.2,3,0.05,46.2,29.3,8.38,23.7,0
4.5,33.72,59.07,57.03,40.93,12.06,49.67,1957.5,2,1.21,62.8,265.2,1.72,78.1,1
1.7,18.02,48.49,40.91,30.4,1.83,34.09,781.1,2,0.18,189.0,121.9,11.39,25.5,0
3.09,19.42,52.37,68.04,29.55,0.0,35.2,1495.0,2,4.01,143.9,432.7,7.34,70.3,1
15.39,74.28,187.06,134.72,64.81,35.9,41.05,1199.0,3,1.89,6.0,226.0,9.67,98.8,1
11.68,99.23,275.31,195.54,88.0,48.0,42.9,937.6,3,0.1,15.0,263.2,0.49,100.0,1
1.53,13.02,32.93,66.37,20.68,0.0,43.82,1952.6,3,3.16,224.7,23.1,18.88,65.8,1
7.06,29.3,41.43,46.64,32.2,0.0,51.09,1835.6,1,0.81,3.6,18.3,10.96,75.2,1
25.01,103.26,186.18,151.52,79.43,48.0,41.63,1656.8,3,0.46,303.0,342.2,1.72,100.0,1
2.06,8.29,11.96,30.67,21.23,0.0,35.43,1082.6,1,0.53,38.1,46.1,1.46,11.4,0
1.44,6.61,10.13,14.92,19.62,0.0,31.5,775.6,2,1.64,109.5,363.1,9.16,15.3,0
1.29,11.56,19.72,34.15,37.51,0.0,34.86,1383.4,3,0.15,99.8,27.7,6.52,24.0,0
4.17,35.92,75.6,72.5,50.23,14.68,48.61,2015.9,4,0.11,60.6,66.4,0.99,91.5,1
1.15,8.35,21.59,59.34,21.46,0.0,24.21,1508.9,4,1.78,3.8,475.5,0.05,60.3,1
17.66,131.7,343.32,242.76,88.0,48.0,29.04,2337.3,1,7.22,25.7,329.5,8.38,95.1,1
5.94,24.5,55.43,58.09,37.49,3.2,34.14,332.4,3,1.19,114.5,10.0,1.87,53.8,0
6.68,31.18,84.17,94.94,44.79,4.6,28.93,2396.5,3,0.96,71.0,107.0,4.24,71.9,1
3.19,15.7,32.97,60.59,40.12,2.86,32.53,1752.0,4,5.29,64.1,433.2,41.07,98.0,1
4.13,37.02,97.89,104.55,47.93,16.01,51.35,2048.6,2,0.5,12.3,2.7,1.55,96.2,1
10.28,43.82,89.21,105.91,46.4,13.17,33.47,1003.4,4,0.5,51.2,20.4,2.21,92.3,1
11.01,49.89,89.2,98.78,49.11,16.23,39.5,1367.5,3,4.24,89.7,186.5,10.52,98.1,1
5.44,50.41,135.26,111.26,65.01,22.76,21.91,1973.7,4,1.87,9.7,20.0,0.07,97.1,1
8.91,39.05,75.88,91.29,46.87,9.23,26.63,1897.4,5,0.1,8.3,107.2,0.39,87.7,1
11.51,91.14,191.83,152.58,76.94,48.0,43.93,1001.5,5,2.02,81.2,127.6,31.72,98.1,1
6.17,65.8,122.41,97.07,44.92,12.26,50.18,981.3,3,3.09,98.9,354.2,7.54,100.0,1
10.73,56.0,130.36,103.37,53.57,23.73,37.88,1691.9,4,0.58,35.8,568.0,1.56,96.6,1
0.54,2.81,7.85,20.18,27.12,0.0,33.4,2260.7,2,0.87,47.3,129.2,2.78,17.6,0
0.77,7.99,11.47,18.98,24.71,0.0,40.22,1221.5,1,0.4,191.3,128.5,5.66,6.8,0
2.14,15.93,42.37,40.84,36.82,1.23,14.0,1041.2,3,1.81,244.1,233.6,36.44,44.0,0
10.04,40.37,56.73,44.72,47.21,12.48,37.95,2178.8,5,1.96,47.2,38.5,2.84,98.7,1
3.93,20.1,38.38,69.93,23.69,0.0,27.11,1734.4,4,0.13,52.8,509.0,4.91,39.1,0
4.06,19.87,32.51,68.03,35.93,0.0,42.75,1115.4,3,2.04,212.9,0.2,3.05,64.6,1
8.96,77.09,189.66,154.68,71.12,34.61,17.37,420.3,4,1.93,437.2,0.3,15.14,96.3,1
8.24,88.22,129.75,127.16,61.94,29.23,30.66,1815.1,1,0.06,46.4,176.9,15.44,93.0,1
11.04,86.91,189.01,136.12,72.68,39.21,35.65,1041.1,3,1.46,186.6,75.2,19.19,100.0,1
2.07,16.96,30.74,65.56,41.37,3.02,29.52,448.2,2,1.71,78.4,91.4,4.98,54.5,0
5.24,43.71,69.38,72.88,40.21,9.85,32.81,1585.8,1,1.01,36.7,45.1,1.24,74.2,1
2.87,25.46,63.16,49.07,33.84,0.0,43.69,978.3,2,4.17,137.4,94.3,0.53,74.9,1
3.59,20.22,34.46,33.76,32.17,0.0,35.79,1010.8,4,0.72,74.5,316.8,0.02,38.5,0
1.44,10.6,18.16,30.71,27.03,0.0,28.09,1306.3,3,0.13,37.5,216.3,32.16,32.8,0
4.29,19.57,34.93,29.67,36.61,0.0,43.99,1806.7,1,2.01,13.6,17.9,7.08,65.4,1
2.54,22.82,50.69,51.87,36.88,0.83,38.13,880.3,3,1.67,242.0,10.5,5.11,57.3,1
11.06,69.59,161.7,112.8,80.13,44.94,38.49,470.0,4,8.13,253.1,127.0,4.75,96.4,1
0.39,4.76,6.79,20.03,21.23,0.0,28.41,1191.3,5,0.47,9.4,235.8,20.13,43.4,0
9.15,56.54,98.3,80.85,46.93,11.16,14.35,415.3,4,0.91,130.7,196.6,7.18,86.5,1
3.08,34.38,68.88,94.52,35.66,0.0,28.3,1764.3,1,1.11,21.3,359.3,22.78,70.1,1
6.25,25.37,47.3,46.35,33.76,0.0,27.43,2314.4,2,3.56,124.7,25.7,7.25,61.4,1
5.62,26.23,69.18,60.73,40.76,5.64,30.79,1683.4,2,0.96,285.8,167.5,28.51,67.6,0
4.01,24.54,61.42,75.83,38.89,2.2,28.84,878.3,3,2.66,36.2,261.4,0.11,74.4,1
4.13,43.61,99.26,108.19,48.2,13.59,36.96,681.6,3,0.31,51.3,500.1,5.0,100.0,1
3.94,21.82,40.87,48.98,27.79,0.0,43.49,788.8,2,0.95,190.2,19.1,3.43,37.1,0
2.56,12.26,29.2,63.38,22.89,0.0,45.15,765.4,5,0.3,159.5,49.3,56.28,78.7,1
0.77,6.89,17.79,31.87,22.73,0.0,43.12,959.0,4,5.38,63.0,78.8,1.87,77.5,1
5.56,31.51,70.36,59.6,46.55,10.53,28.37,504.4,3,0.35,226.5,140.1,0.07,59.8,0
18.65,85.39,213.34,158.5,87.87,48.0,36.5,2181.0,3,0.98,304.0,94.6,29.0,95.0,1
4.86,23.1,56.56,69.18,35.37,0.0,49.3,2158.8,3,0.15,72.3,355.3,51.67,81.4,1
11.34,52.39,115.28,96.45,46.63,13.3,22.53,1592.0,3,4.58,4.8,541.1,8.85,100.0,1
11.9,51.84,95.23,97.18,46.18,17.94,47.46,430.0,4,1.76,85.5,13.1,0.41,99.5,1
22.92,95.76,234.04,167.79,88.0,48.0,27.53,1988.4,2,5.91,161.5,216.5,24.11,99.1,1
11.14,74.81,126.4,118.7,61.39,30.0,38.5,429.8,4,0.08,29.8,21.8,35.1,98.9,1
5.78,32.72,81.52,73.62,46.13,12.88,39.51,523.5,2,0.35,12.6,410.8,7.38,89.9,1
10.52,49.05,123.91,106.06,60.47,22.25,37.61,983.1,3,0.86,40.3,27.6,4.2,97.8,1
16.9,85.11,217.13,171.23,88.0,48.0,54.94,1206.1,3,1.75,1.4,858.4,8.5,100.0,1
4.98,20.0,41.24,62.68,24.63,0.0,33.44,1043.2,1,0.72,150.8,100.5,2.21,20.9,0
2.2,26.72,44.61,44.74,30.14,0.0,22.06,647.0,2,2.24,18.9,86.6,20.39,57.9,0
0.7,5.01,7.72,47.63,18.99,0.0,39.03,535.5,1,0.32,154.3,158.9,0.35,7.6,0
9.1,71.2,173.77,150.44,72.18,42.91,34.55,2104.8,3,1.65,32.1,90.3,18.14,100.0,1
8.1,65.0,171.65,127.11,69.02,36.81,40.72,1062.7,3,0.91,580.3,48.1,3.7,95.9,1
1.29,10.94,25.28,65.31,31.62,0.0,43.5,759.1,5,1.28,91.1,178.5,0.09,64.6,1
7.53,37.54,60.13,74.0,33.8,4.64,35.71,1322.7,2,1.52,5.1,234.6,2.89,85.2,1
3.1,32.81,88.88,83.13,53.12,20.03,39.71,377.3,2,0.11,177.8,523.1,4.02,82.7,1
1.18,5.74,15.98,22.48,24.06,0.0,37.23,1560.6,3,4.64,63.3,94.7,4.35,55.5,1
29.28,147.95,296.9,221.98,88.0,48.0,51.23,821.8,2,2.78,112.2,220.2,6.98,97.2,1
2.69,21.9,48.89,44.19,40.86,5.75,32.85,1556.2,1,1.05,362.4,322.8,3.72,35.1,0
0.41,3.3,8.22,29.67,28.99,0.0,30.16,1589.7,3,1.43,87.4,320.4,3.58,24.5,0
6.3,33.73,82.0,76.69,45.13,5.24,43.49,1999.4,4,0.06,195.8,6.3,0.19,78.9,1
12.1,57.74,159.08,140.8,69.46,30.89,28.1,782.8,4,1.24,43.3,79.1,12.11,93.6,1
1.77,7.71,12.04,21.48,33.82,0.0,39.33,1273.3,2,1.0,150.4,2.4,14.22,29.0,0
9.82,43.68,96.66,104.82,50.15,16.66,34.56,2320.0,2,0.84,12.6,147.4,3.26,97.3,1
6.99,28.65,67.87,63.79,34.62,0.0,35.14,1827.0,3,3.04,268.6,360.6,1.47,66.8,1
2.04,11.42,30.21,44.62,31.96,0.0,56.72,2348.2,3,0.36,26.7,303.7,13.73,67.7,1
2.0,8.53,22.37,54.3,26.04,0.0,46.49,2247.5,4,0.35,43.1,300.1,32.15,67.0,1
7.94,36.52,101.14,98.88,34.23,4.86,44.68,1582.6,3,1.33,381.0,78.1,0.14,79.7,1
5.51,23.76,50.29,51.55,36.85,0.0,40.51,854.3,1,2.09,20.2,8.5,0.06,60.1,0
8.31,101.37,259.83,191.27,88.0,48.0,30.12,1889.5,2,0.04,35.2,34.1,2.88,100.0,1
16.36,66.99,133.85,105.76,64.42,28.47,38.22,1766.1,5,1.42,104.2,199.9,15.46,100.0,1
25.47,158.68,315.96,237.14,88.0,48.0,40.96,1536.7,3,0.64,473.7,25.9,13.48,100.0,1
4.49,20.82,36.54,43.72,21.2,0.0,37.69,1765.4,4,2.55,141.1,24.1,26.0,70.7,1
13.72,135.03,343.72,261.07,88.0,48.0,36.81,1588.5,3,1.14,14.6,78.6,0.48,99.5,1
3.83,25.97,72.21,78.03,42.5,8.14,32.62,1390.7,4,3.23,165.5,17.9,4.56,91.1,1
3.34,26.46,46.54,41.81,33.6,1.39,38.32,1173.5,2,0.91,66.7,72.0,11.92,42.6,0
0.31,2.42,3.57,21.28,21.12,0.0,31.53,393.9,4,3.16,584.4,629.3,12.86,36.4,0
0.38,3.74,9.51,21.15,16.25,0.0,41.98,2117.9,4,2.27,118.9,3.6,0.0,34.1,0
9.6,44.27,100.41,87.83,47.28,13.9,18.87,2117.6,1,3.17,91.1,319.5,23.84,92.1,1
2.24,27.46,75.34,77.19,39.01,2.95,47.55,1547.5,2,3.01,97.8,909.9,17.18,89.0,1
2.89,21.68,38.0,52.51,37.08,3.2,24.85,862.6,3,1.2,123.1,103.2,18.67,51.0,0
4.22,38.51,57.74,76.49,38.44,5.74,26.93,359.1,3,0.83,157.9,515.8,0.29,61.0,1
3.61,20.02,41.83,40.7,30.05,0.0,39.48,303.0,3,2.61,9.8,54.5,9.74,84.8,1
5.03,40.81,62.01,87.9,47.71,7.1,40.59,453.1,4,0.81,16.8,726.1,0.35,98.8,1
3.02,24.37,43.05,48.41,30.44,0.03,53.67,1055.8,4,0.17,42.9,355.9,1.21,73.7,1
10.77,66.07,104.16,86.21,52.51,18.49,38.52,695.6,3,3.52,78.0,388.8,29.43,97.3,1
13.14,68.81,117.92,112.48,52.02,21.61,35.66,856.6,3,0.91,44.7,25.1,12.26,100.0,1
2.8,27.84,43.12,69.28,41.86,0.01,37.63,1769.3,1,0.26,28.9,367.3,3.89,54.7,0
1.8,16.38,44.81,51.16,33.07,0.0,49.52,2314.2,2,1.87,310.9,512.0,0.06,43.3,0
3.74,30.65,54.87,74.27,36.06,1.55,56.61,734.2,3,3.97,4.0,307.7,22.04,98.5,1
14.55,59.25,119.78,122.62,52.7,20.13,34.43,1277.9,4,3.55,335.0,17.2,51.16,100.0,1
2.21,15.01,39.89,65.43,32.35,4.79,40.61,2382.1,4,1.46,285.3,15.9,5.9,64.7,1
3.89,21.39,50.22,39.18,41.26,2.38,35.37,2256.5,4,0.17,138.2,79.7,0.4,42.4,0
0.92,7.62,17.27,53.46,29.91,0.0,35.2,1039.9,3,2.15,4.0,219.7,14.97,78.4,1
5.19,31.76,75.83,89.14,41.4,7.52,51.97,971.3,2,1.69,30.6,2.3,1.05,91.8,1
2.59,27.97,71.6,81.66,50.26,10.88,28.13,808.6,3,0.42,464.2,541.6,3.07,65.9,1
6.03,70.21,184.57,159.17,76.92,44.33,16.16,626.3,1,4.15,283.7,134.2,0.06,100.0,1
2.03,12.68,29.17,68.03,25.54,0.0,38.7,1266.1,3,0.16,400.8,79.9,2.0,24.7,0
3.24,21.93,58.03,62.12,27.97,0.0,46.21,1016.4,1,0.84,666.3,148.3,4.78,35.3,0
6.61,63.99,137.56,97.44,56.03,29.1,37.87,1864.2,2,0.18,7.9,226.4,2.47,98.6,1
14.08,71.54,127.92,108.89,58.3,26.74,40.27,797.4,3,4.37,101.5,57.5,1.88,99.1,1
6.14,24.67,64.92,49.29,41.76,4.35,42.4,1846.3,1,0.06,215.6,61.9,14.7,42.0,0
5.25,35.66,76.96,68.27,49.7,16.75,36.94,905.1,3,1.0,46.2,113.7,1.29,86.1,1
2.47,13.28,35.43,54.44,23.35,0.0,40.73,1544.7,3,3.56,68.6,199.5,0.45,59.4,0
24.84,101.92,148.42,115.41,58.92,28.72,40.59,1640.7,4,0.52,40.0,220.6,2.47,95.3,1
2.92,13.18,25.79,52.61,20.16,0.0,19.35,1710.7,1,0.2,4.7,70.5,22.06,28.1,0
17.28,108.8,296.7,234.84,88.0,48.0,36.97,668.2,1,0.24,9.1,70.1,6.65,100.0,1
8.43,41.04,71.81,70.59,36.34,2.65,22.63,893.7,4,0.93,2.6,120.2,10.53,89.4,1
3.58,35.15,95.53,107.6,48.95,10.01,35.68,816.8,2,1.01,89.9,140.5,0.27,81.8,1
2.33,13.97,38.21,33.43,35.33,0.0,31.79,1509.9,4,2.28,115.6,188.7,28.26,58.8,1
3.34,26.22,69.09,87.72,33.66,0.56,44.79,459.1,2,0.49,44.1,173.1,14.8,71.1,1
3.38,31.48,68.91,87.08,34.44,0.0,38.08,1388.3,3,2.18,209.9,83.9,1.89,74.3,1
0.98,6.44,14.85,29.14,13.48,0.0,40.02,483.7,2,12.39,262.7,63.4,0.01,96.4,1
4.95,48.38,126.63,100.75,56.74,19.76,34.37,1007.8,3,3.59,18.1,66.2,3.04,95.5,1
27.46,138.1,343.34,241.9,88.0,48.0,44.94,1742.1,4,1.82,6.4,186.6,0.21,98.5,1
6.11,38.77,88.47,99.02,54.75,16.86,22.42,1166.4,3,5.06,46.2,102.2,19.3,99.9,1
8.6,50.49,140.12,133.5,61.69,26.23,28.39,888.7,4,8.5,149.8,26.0,3.71,94.5,1
0.33,3.15,7.45,24.68,21.06,0.0,46.93,1593.3,2,1.52,85.0,1.1,1.76,23.6,0
3.4,32.73,90.51,90.5,41.5,4.91,32.3,1854.6,5,0.58,80.4,5.4,2.38,76.5,1
2.04,11.38,16.85,22.21,15.75,0.0,17.76,834.6,3,4.44,19.8,363.8,32.93,57.6,1
8.33,33.64,53.65,60.96,26.81,0.0,48.35,928.7,2,3.35,52.0,110.2,5.2,86.0,1
10.4,107.94,219.34,192.52,77.68,47.28,45.15,1644.6,1,0.16,383.0,192.8,7.33,100.0,1
5.81,45.17,87.58,69.07,40.33,3.32,42.04,2327.0,1,4.96,50.0,476.2,0.43,93.2,1
1.06,4.66,11.64,55.2,17.26,0.0,36.8,749.1,1,0.82,107.4,24.3,2.5,14.5,0
1.71,18.54,30.13,61.68,30.7,0.0,50.12,1673.9,5,0.7,7.2,106.8,0.0,85.3,1
6.63,28.97,80.14,100.84,45.52,10.7,46.7,2203.8,3,0.76,7.9,139.4,37.68,100.0,1
4.51,26.68,49.12,45.01,31.0,0.0,49.16,1270.1,2,0.69,66.3,331.6,18.49,62.0,0
10.77,72.11,144.25,108.37,72.0,29.89,41.91,965.4,3,1.31,111.2,912.6,0.27,94.5,1
8.83,66.58,118.83,83.0,42.79,23.43,37.04,1700.4,3,1.56,55.9,223.9,17.88,99.9,1
5.92,45.38,100.33,102.83,48.44,14.41,32.61,366.0,2,1.0,23.7,184.8,5.0,89.4,1
3.86,29.28,43.39,62.19,30.84,0.0,25.21,1056.3,1,0.96,159.8,455.3,5.93,30.0,0
4.51,19.55,31.47,33.47,25.51,0.0,40.27,841.7,2,2.41,18.1,326.9,3.71,61.5,0
0.83,4.11,10.04,47.13,18.63,0.0,40.98,771.7,3,0.01,132.3,360.5,5.71,14.0,0
5.0,25.77,42.81,46.29,31.94,0.0,33.03,677.5,3,5.28,376.8,0.5,6.59,81.0,1
5.38,24.93,43.11,39.1,30.72,0.0,41.22,1847.8,5,2.26,76.3,130.0,0.43,69.5,1
5.93,47.91,120.26,102.19,51.32,18.92,33.18,2305.7,3,2.21,26.8,274.8,15.42,97.7,1
8.75,47.31,72.41,56.16,32.48,1.42,43.37,1108.0,3,0.99,221.4,36.0,0.85,65.9,1
1.23,7.8,15.69,27.05,14.69,0.0,28.5,403.1,5,6.08,84.5,250.6,1.54,69.9,1
6.68,31.36,44.92,50.91,30.85,0.0,27.03,1809.7,3,0.0,308.0,1.7,1.45,31.7,0
1.2,9.03,17.03,54.4,22.36,0.0,33.96,1430.2,3,0.14,153.0,154.1,6.59,19.9,0
3.04,16.04,38.16,65.47,29.5,0.0,43.04,1819.7,3,2.93,67.6,343.1,8.05,70.8,1
14.15,61.53,93.91,85.96,45.64,10.24,26.15,1660.6,4,2.42,115.3,101.6,2.7,94.5,1
2.28,15.37,40.63,64.01,28.24,0.0,44.92,2201.4,3,0.57,22.4,242.1,0.11,61.2,0
1.89,20.7,55.35,66.56,34.22,0.0,22.04,594.9,3,1.63,58.8,136.1,18.86,56.3,1
1.32,7.87,12.17,28.25,18.29,0.0,33.9,655.2,3,1.37,108.1,187.6,1.85,23.8,0
10.97,79.01,220.2,180.8,88.0,48.0,23.99,1017.3,3,1.35,107.0,130.9,1.75,98.9,1
6.63,34.1,61.95,76.02,32.55,0.0,14.0,1331.9,4,1.63,106.2,116.3,3.85,45.9,0
3.0,12.43,18.86,45.12,23.05,0.0,39.11,2244.0,3,9.13,163.3,331.7,2.65,86.1,1
5.4,33.21,46.73,63.18,28.74,0.0,34.49,2204.6,2,7.87,13.4,17.5,17.16,96.8,1
8.39,52.66,103.85,103.24,44.63,16.91,24.12,2130.9,3,7.2,9.2,158.2,6.11,94.8,1
21.34,111.56,254.56,187.77,88.0,48.0,31.61,767.3,5,1.43,19.2,22.0,0.09,100.0,1
1.32,13.51,25.2,60.49,26.44,0.0,39.76,1832.3,4,0.69,188.7,148.9,5.2,41.7,0
10.86,88.22,226.84,159.75,80.76,48.0,32.87,1105.3,3,1.48,8.0,596.4,4.16,93.5,1
24.96,105.64,253.88,209.8,88.0,48.0,34.31,2255.5,5,1.75,30.6,10.6,17.27,100.0,1
18.95,97.74,184.75,140.49,67.41,39.59,32.61,750.5,3,0.67,35.3,98.7,0.21,96.8,1
3.77,45.79,111.17,82.89,53.54,19.69,31.05,596.6,5,1.8,125.0,291.5,6.0,96.2,1
4.53,39.45,107.16,101.66,62.34,23.33,30.94,2069.0,2,1.75,61.6,83.1,17.02,100.0,1
3.84,19.56,29.94,41.38,23.13,0.0,30.69,1805.5,5,4.21,26.6,132.2,8.3,85.6,1
11.12,52.94,96.81,104.63,49.47,11.82,29.6,2025.0,1,0.49,71.6,21.9,0.0,86.8,1
8.69,39.0,79.9,76.32,42.64,15.24,27.35,631.7,4,2.15,138.8,45.4,1.09,90.9,1
7.04,54.31,113.89,109.12,55.9,22.63,32.77,2158.1,4,1.08,185.0,208.7,49.3,100.0,1
6.43,26.99,58.27,56.75,40.5,3.73,30.56,1723.0,4,0.25,15.9,317.5,23.52,78.5,1
8.03,46.17,84.06,69.07,44.77,14.77,26.89,1668.3,4,0.68,150.5,187.2,21.81,88.4,1
12.5,63.0,147.05,118.04,60.94,25.0,42.51,1523.4,3,0.11,0.5,326.4,2.05,97.0,1
1.88,10.37,23.89,47.83,24.08,0.0,46.48,1906.2,1,0.69,154.6,167.5,9.53,24.7,0
7.19,71.31,157.51,136.94,59.51,27.51,36.0,1172.8,3,0.13,129.8,299.1,7.11,98.9,1
6.9,28.33,44.17,59.73,31.79,0.0,36.57,578.9,3,4.67,75.9,732.2,1.61,83.6,1
8.0,79.33,164.03,156.08,58.22,26.38,30.11,1432.5,3,0.19,17.7,15.6,12.62,98.9,1
3.11,25.23,47.91,67.24,29.85,0.0,45.07,1871.0,2,3.06,173.6,117.6,43.31,87.2,1
6.63,30.37,63.39,88.12,44.39,5.82,50.77,622.7,2,4.26,8.9,37.9,4.43,98.0,1
18.15,98.01,263.71,181.72,88.0,48.0,34.61,770.4,3,1.13,271.1,112.7,2.08,98.8,1
4.77,21.46,44.47,36.67,37.81,1.35,31.57,1762.7,4,0.1,178.2,124.6,4.85,38.1,0
12.44,74.17,105.3,87.44,58.3,22.01,38.9,866.3,4,1.63,162.1,175.1,1.79,95.1,1
4.69,32.56,65.59,53.78,37.3,0.0,37.1,656.9,1,0.48,168.5,104.1,30.25,46.7,0
8.24,34.83,88.78,86.37,46.1,10.82,31.75,2167.7,5,0.35,8.4,70.7,24.53,95.5,1
1.92,22.34,55.67,64.54,33.78,0.0,40.01,637.9,5,1.51,552.0,7.9,16.48,75.5,1
8.59,38.09,80.71,83.34,37.72,4.35,43.97,1022.7,1,0.79,234.7,6.4,2.74,64.8,1
3.41,28.56,49.98,71.02,28.28,0.0,29.32,1199.7,3,2.36,85.1,34.6,18.11,66.9,0
2.78,12.39,25.41,65.22,32.17,2.76,57.61,1299.9,3,1.61,152.5,107.3,1.29,70.1,1
2.36,22.77,49.84,76.92,35.21,0.0,22.97,1058.8,3,3.18,161.3,97.3,12.88,69.1,1
2.38,13.31,37.27,34.55,41.51,2.15,28.76,2216.3,3,0.11,212.5,38.1,0.72,19.8,0
31.73,137.39,316.25,225.79,88.0,48.0,37.99,1683.1,3,0.48,35.4,311.0,2.03,99.4,1
19.16,119.35,283.09,200.52,88.0,48.0,55.1,1054.9,2,1.51,55.8,207.1,0.12,95.6,1
5.14,24.84,51.87,46.67,39.57,3.21,31.22,1051.2,1,3.82,192.9,75.7,6.29,58.6,1
11.56,53.33,101.12,95.24,46.48,15.56,26.94,1356.2,2,3.02,175.8,287.0,7.24,94.2,1
5.6,27.29,69.27,74.92,46.7,10.97,40.67,370.7,4,2.05,88.7,815.8,1.95,92.7,1
10.82,45.58,95.39,77.23,43.79,9.19,33.89,2245.9,2,1.54,60.5,50.6,0.83,84.4,1
10.27,65.86,183.91,156.58,65.18,31.61,41.65,768.9,4,1.8,414.7,81.1,0.0,100.0,1
12.1,110.56,225.53,184.58,78.37,48.0,35.4,1764.9,3,0.43,64.3,890.5,6.45,99.7,1
1.63,18.46,27.61,23.89,23.26,0.0,28.71,1933.2,3,1.63,173.3,26.7,1.49,27.4,0
7.65,62.75,147.82,118.89,56.35,20.35,55.97,2037.5,4,1.23,63.9,14.5,42.98,100.0,1
2.43,23.24,34.05,67.19,26.1,0.0,14.0,647.8,2,0.87,44.5,132.5,3.53,22.7,0
28.8,164.73,288.39,215.87,88.0,48.0,51.47,1427.1,2,3.94,122.9,113.7,1.17,100.0,1
1.1,9.83,18.63,32.75,35.99,0.0,43.93,475.7,5,3.18,197.8,14.7,2.35,71.3,1
3.58,41.28,100.54,81.77,40.17,10.27,29.66,1990.1,3,0.14,478.0,61.7,0.08,68.5,1
3.46,40.17,84.03,70.57,51.11,11.45,51.92,1321.5,2,7.65,19.3,97.7,14.8,100.0,1
9.44,42.62,61.38,49.39,34.32,2.02,24.34,632.8,2,0.47,250.6,310.9,13.95,45.6,0
3.46,19.19,43.44,70.01,34.25,0.95,44.57,1809.2,4,0.44,89.1,221.5,7.82,70.0,1
14.58,103.53,204.57,141.87,67.36,42.05,18.3,995.5,3,5.18,13.7,442.7,0.07,100.0,1
2.41,10.41,28.0,36.35,30.98,0.0,26.26,540.5,2,1.06,189.8,72.8,23.05,25.7,0
3.37,36.69,77.03,57.12,29.54,0.0,26.24,1268.3,4,2.95,48.3,66.6,0.22,73.7,1
4.64,18.83,45.05,69.45,34.5,0.0,29.62,794.0,3,0.61,243.2,112.0,0.32,34.7,0
4.06,21.99,37.52,31.16,32.05,0.0,36.1,2295.5,5,3.72,20.6,1.4,18.12,86.9,1
4.15,37.33,92.02,78.69,46.91,8.48,28.98,1058.9,2,3.21,149.0,41.8,43.71,91.9,1
3.95,20.22,48.71,62.46,29.23,0.0,18.69,1502.2,3,1.32,42.9,42.8,19.73,44.9,0
4.09,19.51,52.02,57.24,37.86,1.58,39.94,2291.6,2,2.2,35.7,11.3,1.67,68.1,1
1.9,12.4,17.95,29.37,27.37,0.0,36.42,1126.8,3,5.99,6.2,109.3,10.7,88.4,1
5.36,23.65,47.94,48.54,32.16,0.0,39.48,1052.1,2,1.08,78.9,424.7,14.95,50.7,0
5.97,56.49,132.8,127.22,61.21,30.93,37.46,641.1,3,1.23,59.6,0.7,1.51,94.6,1
10.92,85.74,131.45,134.27,56.23,28.72,44.11,2270.4,2,2.31,7.6,178.2,28.3,98.1,1
1.54,16.03,31.66,41.24,32.04,0.0,35.36,1981.6,2,0.88,30.8,380.6,48.87,63.6,1
3.64,31.42,85.43,62.29,43.16,4.16,44.61,764.1,5,5.85,80.2,20.5,0.0,97.2,1
0.99,8.25,16.58,17.42,25.94,0.0,29.41,998.6,1,0.07,198.2,448.6,5.62,10.8,0
3.2,13.54,37.65,63.64,33.99,0.0,29.89,2221.3,3,0.93,318.2,307.2,3.87,34.0,0
4.63,49.66,73.47,77.61,38.19,4.07,47.7,1428.3,3,2.25,86.9,43.5,1.38,86.2,1
7.06,46.25,111.22,112.56,43.74,11.99,47.52,1468.3,4,1.01,62.0,424.4,10.29,98.0,1
1.69,9.91,21.95,50.65,27.8,0.0,40.88,1661.1,4,0.54,371.5,293.3,0.61,33.2,0
4.18,17.98,37.76,70.38,37.71,0.0,28.44,1900.5,4,0.96,395.2,21.3,15.91,55.9,1
1.24,4.96,13.68,53.75,25.63,0.0,27.76,2272.5,5,3.84,25.3,319.6,46.8,82.8,1
15.69,75.41,119.27,118.0,55.3,29.76,47.29,1984.7,4,1.43,91.0,140.6,9.31,100.0,1
31.55,128.76,341.78,248.54,88.0,48.0,46.82,2262.6,4,0.73,206.4,304.7,14.88,100.0,1
2.9,13.57,32.12,39.75,33.43,0.0,35.46,2023.3,3,2.0,207.3,173.1,13.85,50.7,0
3.49,14.3,25.21,44.2,25.94,0.0,55.91,397.5,4,1.7,138.6,89.5,13.91,69.3,1
15.18,75.82,201.86,158.81,73.8,35.45,39.9,546.8,3,1.48,76.5,165.4,0.12,100.0,1
9.45,101.02,202.15,163.86,83.23,48.0,26.59,2158.3,2,0.89,62.0,182.0,22.2,100.0,1
4.72,31.82,80.81,65.9,39.44,4.6,33.66,358.2,3,0.13,197.0,261.6,0.0,58.0,1
2.08,10.96,21.3,48.35,31.3,0.0,36.05,1967.8,3,1.75,30.7,319.7,10.78,57.7,1
1.98,14.2,36.81,49.47,36.94,0.0,36.73,2084.7,3,0.98,67.1,195.9,0.59,43.3,0
4.28,33.83,77.52,83.29,45.11,2.27,46.63,1172.5,3,1.01,100.4,822.7,1.85,82.6,1
4.5,25.26,40.35,42.01,23.8,0.0,27.87,1045.2,2,0.48,213.9,271.4,2.25,14.7,0
1.86,7.78,17.96,36.22,25.19,0.0,24.68,708.2,3,0.52,56.2,435.0,11.4,17.6,0
2.65,30.81,51.39,47.86,33.18,4.01,41.12,402.7,5,2.79,95.5,69.3,4.58,86.0,1
1.84,8.75,17.3,55.63,21.87,0.0,31.69,1865.3,3,1.17,39.3,68.4,1.41,33.9,0
13.01,64.11,105.04,95.23,50.27,18.89,56.6,454.8,2,0.21,217.6,81.0,0.72,92.4,1
5.29,21.69,31.03,35.29,33.3,0.86,44.02,2283.8,3,0.08,184.8,104.3,0.02,36.8,0
2.97,12.48,21.18,20.62,23.18,0.0,31.53,923.2,4,0.46,205.8,585.8,8.19,18.3,0
8.31,39.64,85.25,90.82,42.84,10.39,46.31,1967.9,5,1.2,7.1,13.7,0.02,93.7,1
3.16,18.75,38.88,39.93,29.44,0.0,42.21,425.3,4,1.73,80.1,124.2,0.04,53.9,0
14.82,129.22,271.63,226.09,88.0,48.0,41.39,1426.2,2,0.28,17.5,31.6,0.0,99.4,1
6.29,36.45,63.66,70.4,36.28,0.0,34.96,1033.1,3,1.02,134.4,299.8,2.7,63.2,1
3.23,15.39,36.31,41.61,22.76,0.0,39.57,363.0,5,0.14,44.8,5.7,16.4,53.3,0
10.32,44.45,106.06,103.54,40.26,7.72,18.12,1677.2,3,0.07,178.8,109.3,0.76,62.5,0
3.76,17.53,33.33,39.05,31.51,0.0,47.2,2280.6,2,3.58,8.1,90.4,0.0,81.3,1
10.24,90.42,238.14,196.7,82.12,48.0,14.0,322.6,2,1.93,86.4,17.4,0.81,99.5,1
3.89,21.37,49.18,50.84,37.78,3.05,32.24,867.9,5,2.73,15.8,85.1,0.7,81.3,1
5.29,38.74,92.92,109.87,38.03,1.34,22.44,1777.6,3,0.36,97.9,298.0,2.07,62.0,1
0.94,11.47,20.52,45.57,22.51,0.0,31.74,2129.6,5,0.7,112.2,26.6,7.61,37.2,0
2.79,24.43,34.22,65.24,21.6,0.0,35.37,700.6,2,1.06,74.4,738.9,30.16,48.3,0
7.33,73.83,192.81,133.61,76.6,41.02,25.83,448.5,4,1.93,39.4,10.8,1.67,100.0,1
14.97,67.06,171.11,131.89,71.8,36.24,14.0,318.1,1,1.38,3.9,61.4,6.66,95.2,1
2.29,18.45,29.02,57.05,30.16,0.0,37.76,751.9,2,1.44,130.2,268.4,0.07,39.0,0
2.22,17.27,33.23,56.07,22.79,0.0,53.73,449.8,3,0.31,245.2,79.6,1.96,39.3,0
14.51,59.67,138.78,103.95,54.38,22.78,33.01,1054.7,3,1.16,158.8,117.8,34.52,100.0,1
14.98,103.72,239.9,176.97,88.0,48.0,44.15,1224.3,4,3.13,268.2,37.2,3.83,99.0,1
0.75,9.15,23.83,32.34,16.55,0.0,48.79,1307.8,5,1.28,318.3,226.3,0.44,40.0,0
4.5,35.07,55.98,68.99,34.23,0.0,19.85,598.9,1,0.4,71.6,35.6,1.78,29.7,0
2.68,26.68,53.41,55.22,44.06,3.86,32.11,1274.4,2,0.96,143.7,340.0,26.9,57.8,1
7.84,80.41,123.52,99.19,53.51,21.46,25.15,319.0,3,2.53,60.8,139.6,34.95,100.0,1
0.64,6.84,13.3,22.98,14.79,0.0,29.15,802.8,4,0.26,302.4,143.0,9.66,14.1,0
2.05,11.36,16.14,33.9,20.87,0.0,50.47,1075.1,4,1.56,99.3,487.9,2.76,49.7,0
6.06,53.97,143.44,107.03,56.38,22.53,37.9,548.5,3,6.05,167.5,266.9,5.33,100.0,1
1.27,8.99,19.22,60.81,38.22,0.0,42.71,2009.4,4,0.86,1.8,244.7,19.73,81.7,1
6.38,28.18,72.98,59.39,50.43,11.9,35.63,722.5,2,0.08,102.8,351.4,36.67,78.6,1
4.28,28.15,41.77,73.25,36.08,4.38,25.71,1885.3,1,1.8,162.6,17.3,12.88,49.7,0
3.94,16.73,28.75,42.97,25.99,0.0,41.76,1295.2,3,0.09,35.6,233.1,0.0,41.4,0
5.31,32.23,56.82,58.94,43.11,6.33,46.65,1307.5,4,0.38,1.7,47.8,3.81,91.6,1
4.14,28.04,54.44,50.79,28.44,0.0,38.7,1654.9,3,0.09,163.3,59.4,17.87,39.6,0
4.18,20.14,50.83,66.65,40.69,4.32,40.16,393.0,3,0.34,49.5,2.7,7.48,65.6,1
4.01,43.41,84.26,90.62,49.16,16.58,25.5,465.4,3,3.47,67.2,403.5,6.9,95.7,1
6.21,65.17,109.92,97.49,49.87,14.11,42.01,986.4,3,2.39,99.1,241.9,0.96,96.6,1
11.61,60.85,90.72,66.48,52.24,15.86,47.44,1175.3,4,0.75,14.0,27.0,1.46,94.1,1
2.02,12.39,18.72,58.5,22.56,0.0,39.44,1202.9,3,4.09,13.1,71.5,0.23,76.6,1
3.24,15.11,37.23,73.31,22.83,0.0,20.73,1721.5,1,1.97,388.9,117.7,2.04,16.0,0
3.78,16.04,32.44,45.48,34.95,0.0,49.9,301.5,4,1.07,49.7,122.6,21.38,74.9,1
2.95,20.2,48.81,64.34,33.15,0.0,27.97,2314.1,3,0.13,35.4,163.0,0.39,31.8,0
4.91,27.05,63.71,66.67,41.45,4.18,39.3,666.4,4,2.36,5.9,115.0,0.74,97.3,1
7.81,47.32,75.21,68.37,51.99,14.36,44.1,822.1,5,0.85,22.9,188.3,1.59,100.0,1
2.65,10.74,17.18,19.64,20.48,0.0,45.18,2201.8,2,0.65,67.6,387.5,1.28,17.2,0
1.22,5.53,13.6,34.36,22.95,0.0,20.7,311.5,3,0.61,50.2,91.4,30.55,17.8,0
5.38,22.91,55.22,77.72,44.88,4.03,37.0,2381.7,3,0.01,66.3,376.8,1.39,58.5,0
5.31,43.07,83.09,59.77,47.28,10.54,36.43,375.5,3,2.44,146.1,44.6,5.26,91.5,1
1.76,8.31,12.53,39.34,19.31,0.0,48.23,553.1,4,0.28,123.2,23.3,0.34,30.6,0
4.97,39.71,56.26,81.2,30.02,1.69,39.9,804.2,4,1.32,81.5,49.3,1.78,79.4,1
1.34,11.64,21.0,28.44,22.71,0.0,48.31,1221.3,4,0.03,202.4,41.7,0.07,33.6,0
18.66,77.59,109.62,84.5,46.26,16.58,40.59,1388.7,4,1.78,233.7,756.9,0.14,98.8,1
7.6,91.31,157.24,141.96,65.45,40.45,35.37,519.9,2,0.83,107.2,86.4,24.1,100.0,1
3.16,12.93,25.7,33.18,27.67,0.0,37.65,454.7,4,1.79,15.0,189.7,5.1,65.5,1
2.01,19.03,29.88,33.06,30.04,0.0,48.95,366.9,4,0.17,62.5,214.4,9.45,54.6,0
4.96,22.63,34.99,44.75,24.75,0.0,24.98,839.2,4,0.56,120.8,106.0,0.31,23.6,0
2.88,22.7,60.28,61.84,36.45,0.0,43.7,2235.2,3,0.21,7.8,45.5,0.59,72.7,0
6.47,46.33,102.84,111.18,36.46,1.08,30.67,1118.7,3,1.87,2.4,103.8,15.8,94.4,1
7.69,65.8,178.21,148.66,70.77,41.22,28.84,1904.4,1,0.21,355.6,115.6,33.94,100.0,1
8.42,46.9,88.36,80.7,51.79,14.04,44.7,699.4,4,1.73,157.1,554.3,4.16,99.1,1
9.27,66.6,156.39,130.7,55.24,25.55,28.49,435.8,3,0.26,19.9,151.3,13.62,95.7,1
5.02,26.17,44.13,76.62,35.26,1.97,39.21,1464.0,3,5.17,70.7,630.4,8.52,92.0,1
0.63,7.67,17.37,21.39,21.2,0.0,31.84,2026.4,2,0.97,25.8,154.7,3.66,22.4,0
5.62,61.83,97.78,77.9,52.19,25.07,15.97,2186.8,3,0.24,1.2,28.2,0.03,100.0,1
2.14,22.03,30.91,68.4,29.61,0.0,40.06,1447.0,1,0.08,59.6,87.3,4.3,28.2,0
6.68,44.16,119.42,125.7,55.87,19.87,37.07,917.5,5,0.72,125.4,282.9,18.58,97.6,1
4.74,21.7,47.24,43.68,33.61,0.0,19.76,530.0,4,4.0,369.8,98.6,10.8,62.2,1
1.95,8.42,22.72,26.3,34.33,0.0,30.06,1702.4,2,0.28,176.3,18.9,22.59,18.7,0
22.39,184.13,343.84,247.45,88.0,48.0,20.64,888.9,3,2.82,31.4,18.2,8.98,97.1,1
2.27,12.76,23.72,22.65,22.41,0.0,42.22,2072.3,3,0.97,49.2,48.7,1.43,26.2,0
35.14,166.84,327.17,247.13,88.0,48.0,47.8,1570.8,4,2.92,88.2,149.7,7.82,98.6,1
17.31,134.07,320.22,216.63,88.0,48.0,43.22,2103.6,4,3.73,25.5,319.1,11.8,95.1,1
10.16,67.96,148.97,104.44,62.69,26.37,44.41,1490.0,5,11.03,214.7,137.3,26.53,98.6,1
8.24,48.73,131.36,112.22,54.26,18.39,31.6,1920.7,3,0.13,22.1,246.7,3.09,98.5,1
3.43,33.36,47.89,79.23,29.35,0.0,40.65,918.0,2,2.86,41.1,186.7,12.89,85.7,1
6.12,72.55,173.51,136.99,69.78,35.68,35.92,1356.4,3,0.13,103.4,133.7,0.1,100.0,1
1.77,16.7,31.11,41.26,29.05,0.0,37.58,340.8,4,0.68,15.8,43.5,0.86,62.0,0
6.85,36.71,60.66,89.33,43.37,7.36,44.14,1576.4,2,1.87,117.6,386.5,3.13,91.5,1
3.48,37.66,79.64,80.7,39.81,4.14,45.99,1420.9,2,1.07,346.4,58.1,0.0,69.9,1
2.85,25.38,53.48,56.65,23.09,0.0,32.69,1886.1,4,1.5,141.1,52.5,0.11,47.2,0
2.74,19.97,31.79,43.03,26.72,0.0,24.04,1830.8,4,6.1,201.1,53.7,0.12,78.1,1
1.86,19.99,33.64,35.64,19.66,0.0,34.41,1618.0,2,3.07,69.3,18.1,0.01,42.7,0
4.24,37.64,74.21,76.29,43.27,8.52,34.14,419.0,4,0.81,54.6,124.3,0.56,87.8,1
18.99,80.83,159.42,128.37,54.6,19.13,38.42,2196.3,2,1.65,47.8,71.4,0.68,99.5,1
1.3,15.63,28.83,35.92,22.14,0.0,43.08,337.8,2,0.09,129.6,132.8,12.61,16.4,0
20.57,107.65,173.1,124.74,66.29,38.48,19.73,1986.9,3,1.09,87.7,108.6,2.54,100.0,1
7.14,49.1,69.03,63.88,48.59,15.88,30.3,1306.6,4,1.69,76.7,132.0,0.65,93.8,1
11.91,61.27,169.01,137.75,60.89,29.53,27.81,2017.8,4,2.26,12.7,63.6,0.75,96.6,1
5.97,33.16,90.22,66.27,45.34,12.65,46.63,1276.6,3,4.17,134.3,303.9,2.35,94.6,1
7.26,61.55,127.85,95.02,59.28,20.79,34.23,1658.6,2,0.6,155.1,137.5,10.83,96.9,1
3.32,14.83,41.42,74.57,40.5,2.48,31.64,1062.9,4,4.18,26.2,42.1,0.02,84.1,1
11.88,72.59,170.09,139.99,72.29,44.37,40.58,1861.7,3,1.95,171.1,417.7,0.5,100.0,1
1.07,4.86,7.27,12.58,28.6,0.0,30.96,833.8,5,0.15,253.8,20.9,1.09,16.1,0
12.0,80.53,126.01,118.1,60.47,26.98,35.87,1810.6,4,0.86,23.0,238.0,3.44,96.0,1
42.51,171.85,460.99,307.42,88.0,48.0,51.42,706.1,2,1.17,72.2,204.2,6.78,100.0,1
5.49,26.03,59.39,76.85,38.79,1.72,51.18,1816.6,4,0.78,250.7,13.6,7.37,75.3,1
5.14,21.05,54.33,74.06,40.3,0.0,32.54,916.7,2,0.22,80.2,417.2,0.11,35.9,0
10.44,62.36,165.74,142.03,60.67,29.53,34.45,885.1,5,1.44,202.7,68.4,14.51,99.5,1
2.58,16.1,32.64,59.16,25.66,0.0,30.74,2004.1,1,0.25,29.2,243.1,0.02,21.6,0
16.22,77.8,114.2,83.19,47.16,13.75,19.63,2008.8,2,4.44,7.9,58.4,31.95,98.6,1
2.47,10.76,17.91,49.34,29.65,0.0,44.81,1751.9,3,3.61,7.4,134.3,26.61,90.9,1
2.08,8.51,12.71,19.41,23.14,0.0,56.58,2240.2,1,1.16,430.6,645.8,14.57,26.3,0
19.34,143.04,238.06,175.01,84.73,48.0,32.23,628.0,3,0.13,21.6,169.8,0.71,96.5,1
8.56,39.67,78.34,98.34,34.24,0.0,29.06,865.6,3,1.45,240.2,63.3,3.57,75.3,1
7.84,67.66,105.92,96.47,49.25,14.22,33.68,917.4,3,1.61,45.5,110.4,38.91,100.0,1
4.67,27.02,44.14,77.22,28.95,0.0,36.72,941.1,3,3.95,4.9,202.9,17.17,92.9,1
5.61,50.77,102.77,75.8,50.24,14.94,26.35,988.9,4,0.13,33.1,106.0,0.19,87.8,1
5.27,37.91,71.13,72.73,33.06,0.0,32.1,1763.7,3,2.12,84.5,434.9,0.05,71.6,1
9.56,40.1,82.4,61.37,44.14,8.36,44.63,868.6,5,1.49,13.5,363.8,0.42,96.5,1
4.79,45.71,91.45,92.81,42.97,11.63,37.08,900.4,2,0.35,306.4,28.6,1.44,71.0,1
7.7,41.09,94.6,70.03,38.99,6.38,46.8,1497.9,2,0.23,276.2,276.6,11.18,72.0,1
5.67,31.38,85.1,68.21,35.87,4.2,39.1,706.1,4,2.13,19.4,513.8,12.76,84.4,1
2.29,22.75,35.28,39.58,22.82,0.0,26.74,1066.3,2,0.75,160.3,68.6,9.54,17.7,0
8.4,62.06,95.51,100.78,45.51,18.8,31.1,421.7,3,17.49,74.1,49.0,0.57,100.0,1
2.12,12.05,31.25,32.69,29.48,0.0,38.11,2300.3,5,4.04,482.9,1.7,1.37,68.9,1
5.18,46.33,97.7,106.61,48.98,13.11,26.46,966.3,3,1.5,6.8,22.1,25.62,91.8,1
3.53,16.35,40.43,37.21,33.16,0.0,25.36,2085.1,3,1.85,76.4,583.6,2.79,33.7,0
9.64,39.32,66.91,50.08,34.18,0.0,25.87,1412.9,4,0.31,40.3,89.3,4.07,57.5,1
6.93,59.44,152.18,121.7,68.96,32.61,40.38,779.2,1,4.04,155.5,88.2,0.04,100.0,1
1.52,13.58,36.57,72.85,27.59,0.0,32.89,706.2,3,1.11,14.1,55.8,2.13,56.6,1
0.67,4.24,9.7,16.27,25.42,0.0,46.05,1759.4,1,1.33,118.7,32.3,16.45,23.0,0
2.26,10.9,16.87,20.55,23.74,0.0,28.38,2326.2,2,3.72,354.9,128.0,0.0,23.8,0
6.05,47.3,125.5,120.38,57.39,30.08,15.11,684.4,1,0.01,72.6,231.2,6.49,88.2,1
5.81,69.66,174.81,132.67,67.66,33.44,34.89,542.4,5,1.23,72.7,144.0,0.06,97.5,1
1.86,10.79,26.46,54.48,29.77,0.0,50.0,1112.9,1,1.77,82.2,6.5,35.83,61.1,0
12.83,52.86,76.73,63.87,41.44,12.79,36.29,1127.0,3,0.31,64.5,292.8,2.27,80.4,1
2.3,15.68,39.49,51.37,35.94,0.72,24.34,1993.1,2,0.13,71.2,482.8,2.87,16.8,0
4.56,30.11,47.96,48.11,28.52,0.0,22.19,1284.7,3,1.38,74.7,104.5,1.53,38.2,0
25.22,103.04,176.34,139.94,58.76,30.0,46.18,431.2,3,1.43,749.8,82.2,0.11,98.6,1
4.32,21.82,48.17,70.92,27.65,0.0,29.14,2233.4,3,0.72,14.9,47.0,0.11,50.0,0
7.08,35.0,61.98,79.58,43.77,13.31,49.11,1083.7,4,3.85,40.3,64.7,0.02,98.1,1
0.85,4.82,11.2,35.49,22.21,0.0,41.56,1703.9,5,0.64,28.4,186.1,4.2,44.2,0
1.05,4.27,9.62,53.03,23.25,0.0,29.46,1701.7,3,1.31,94.3,264.7,8.22,26.3,0
4.83,24.52,38.04,41.6,24.33,0.0,45.92,418.3,1,0.37,0.3,72.7,16.78,68.9,1
1.55,6.66,15.44,25.85,24.72,0.0,28.15,307.6,4,0.02,304.7,74.7,2.43,12.1,0
8.67,43.58,117.37,108.91,46.73,9.3,23.7,484.9,5,1.0,90.9,108.0,14.91,89.3,1
6.42,31.33,50.93,66.07,29.01,0.0,28.63,2308.7,3,1.35,271.7,33.6,4.06,43.3,0
4.23,32.67,73.04,54.57,38.04,0.8,42.53,1967.4,3,2.6,50.8,471.6,1.93,79.0,1
2.3,17.46,32.8,53.67,31.86,0.0,45.67,577.2,2,1.07,19.5,220.0,2.11,55.2,1
3.05,14.31,29.25,40.86,31.5,0.0,32.63,1591.2,3,0.59,25.6,102.3,18.76,46.7,0
5.55,42.52,76.62,88.44,44.93,8.54,20.12,1585.1,3,1.67,76.4,23.5,2.2,81.1,1
21.05,119.81,227.13,189.0,74.07,48.0,22.77,301.2,5,0.86,4.9,340.1,10.34,100.0,1
1.71,13.98,20.14,42.94,25.6,0.0,26.93,1201.0,2,0.48,182.7,119.0,11.67,15.9,0
17.67,80.72,223.92,150.63,81.52,43.77,25.0,1794.7,3,4.34,187.6,286.9,6.84,99.1,1
4.04,40.86,92.96,94.06,36.83,0.22,38.26,692.3,3,1.38,145.3,6.1,0.54,74.4,1
9.55,43.2,90.76,97.69,45.51,12.3,52.47,2086.9,3,0.4,272.0,57.6,2.41,91.1,1
5.87,32.2,62.37,56.75,35.96,4.55,42.76,1686.6,3,2.0,95.7,175.2,1.63,77.9,1
1.19,10.62,22.88,40.78,29.48,0.0,26.41,314.5,5,2.92,78.3,120.5,1.29,53.6,0
1.76,10.21,19.73,61.28,26.01,0.0,30.1,2095.3,3,2.56,90.4,62.9,0.14,48.1,0
4.74,37.04,70.52,64.25,36.45,5.51,31.76,340.7,5,1.65,24.1,40.4,59.33,93.7,1
2.93,21.73,44.53,43.99,38.02,0.0,39.31,2164.7,1,1.32,86.2,64.7,0.65,32.2,0
13.45,96.27,171.97,126.27,54.82,26.43,49.36,1000.8,2,2.7,93.6,244.1,37.48,96.5,1
3.0,33.06,54.61,65.64,34.91,2.09,32.03,1767.2,5,2.22,173.6,36.5,30.82,91.8,1
4.82,19.48,42.45,75.33,21.31,0.0,49.08,1953.6,2,1.53,51.3,162.2,20.82,71.7,1
4.85,56.83,146.62,127.69,55.58,28.05,53.88,890.7,4,1.93,11.6,99.2,0.57,98.1,1
4.91,25.49,41.14,45.39,34.67,3.27,33.03,1048.5,3,0.33,109.2,259.2,3.92,41.6,0
4.74,33.11,47.87,64.85,25.76,0.0,32.81,1370.0,3,0.04,186.1,40.5,5.1,40.9,0
9.82,51.75,90.33,91.83,36.75,2.1,32.93,1523.7,4,4.82,419.0,56.7,0.66,98.5,1
13.23,94.11,260.83,201.4,88.0,48.0,36.53,913.3,4,4.93,11.4,91.6,15.59,92.3,1
11.84,60.88,155.88,113.5,55.49,24.67,32.96,2384.0,5,2.79,164.6,32.8,6.9,100.0,1
11.0,53.91,120.45,111.85,63.63,24.8,43.52,1847.7,2,0.84,108.7,111.3,0.56,100.0,1
9.1,46.08,124.45,105.25,53.81,18.11,22.83,875.7,4,0.29,1.9,96.8,14.92,99.4,1
11.04,111.12,224.85,151.99,79.81,48.0,31.46,1644.9,3,0.8,152.0,830.5,0.0,93.4,1
4.39,22.92,63.65,70.66,41.22,0.0,38.8,1214.3,4,2.33,3.2,162.2,36.65,100.0,1
1.82,14.3,25.95,66.38,35.29,0.0,43.4,2106.7,2,0.73,184.6,13.0,1.51,41.3,0
1.25,14.78,25.66,37.42,20.31,0.0,54.66,990.8,3,2.86,153.3,110.9,0.15,54.9,0
2.98,19.79,45.39,77.96,29.65,0.0,25.04,694.5,2,2.01,139.7,379.4,4.82,37.7,0
7.03,45.76,88.29,66.72,49.8,13.68,30.46,396.9,3,1.79,15.3,362.8,0.01,96.1,1
6.25,39.18,89.21,95.95,46.71,13.12,16.74,2367.0,4,4.79,301.6,587.7,0.68,93.2,1
8.62,43.15,78.84,61.39,48.69,11.75,26.57,1054.4,2,4.03,275.0,404.4,2.98,92.8,1
1.17,8.86,20.06,30.35,28.71,0.0,20.96,763.1,4,2.24,276.6,34.9,0.0,26.9,0
7.43,55.58,99.27,95.22,58.65,22.12,31.57,1332.7,3,0.4,53.6,0.6,12.04,98.2,1
1.67,18.52,27.26,49.39,28.7,0.0,34.06,912.4,1,5.03,81.3,172.4,49.23,79.4,1
8.95,45.5,121.81,119.06,55.44,23.7,39.99,789.1,3,0.46,14.6,218.2,0.44,99.3,1
6.66,37.72,99.46,97.34,49.78,10.52,33.46,1594.4,4,0.84,6.3,25.3,9.78,100.0,1
2.89,20.76,57.28,68.95,35.18,1.3,39.99,457.2,5,3.16,7.3,32.9,10.88,96.9,1
1.61,8.03,19.31,58.61,30.49,0.0,36.97,1368.9,3,0.42,100.9,593.8,58.88,61.9,1
3.07,17.9,42.16,52.75,33.23,0.0,27.22,1113.6,1,1.83,46.5,518.3,12.38,33.0,0
11.18,70.0,152.79,114.45,67.51,30.23,21.67,1418.3,2,1.1,104.0,30.7,4.86,97.2,1
16.48,98.72,155.61,113.42,69.24,36.22,40.96,972.9,4,1.76,107.8,51.1,2.31,99.2,1
8.07,42.89,71.41,69.41,42.56,6.4,50.0,1497.7,4,5.71,285.1,400.8,8.13,98.6,1
1.76,9.15,16.52,47.81,27.63,0.0,57.55,471.8,2,2.97,256.7,102.8,2.48,62.8,1
3.11,24.1,63.79,48.38,31.8,0.0,43.95,1089.9,3,0.63,152.2,288.0,25.14,55.6,0
5.39,51.83,85.11,66.13,40.53,7.32,48.39,798.7,4,0.11,204.8,90.7,12.8,90.1,1
6.52,61.13,164.56,116.74,71.14,34.94,39.92,1220.0,3,6.14,0.4,240.0,2.29,99.4,1
2.37,12.56,26.77,48.73,36.04,0.0,38.57,1136.5,4,1.58,1.9,91.0,0.15,84.8,1
1.7,7.46,17.91,27.57,13.37,0.0,36.94,1625.5,2,0.34,73.6,413.0,13.86,15.0,0
6.82,45.61,70.89,58.56,36.44,5.75,35.1,1620.4,4,1.78,127.3,70.9,25.6,87.2,1
2.49,22.88,40.64,58.09,31.52,0.0,41.16,1168.1,3,0.08,189.6,133.3,3.42,33.6,0
2.67,12.82,35.14,62.1,24.56,0.0,31.57,681.4,3,0.37,71.1,132.8,6.93,28.8,0
0.52,2.35,4.16,22.65,16.23,0.0,34.75,1522.0,3,1.8,337.9,188.4,4.58,16.6,0
9.46,41.19,74.77,79.62,43.78,5.45,25.99,2329.7,3,0.93,202.5,65.9,4.78,69.7,1
13.87,75.74,126.99,91.96,65.05,32.87,40.04,689.4,3,0.71,13.0,185.2,0.54,100.0,1
27.28,120.54,190.54,170.93,61.16,35.55,27.85,445.0,2,1.92,69.6,27.4,2.7,100.0,1
2.91,35.22,60.81,59.69,36.0,0.19,36.29,855.6,5,3.62,632.9,403.3,3.97,85.0,1
3.82,38.92,89.49,108.06,47.84,17.27,40.25,1167.1,5,2.04,63.3,28.0,5.12,96.3,1
1.21,12.68,25.84,65.83,31.92,0.0,40.98,943.0,3,1.12,58.6,330.2,1.49,51.1,0
7.92,39.4,85.7,95.75,45.91,15.47,42.56,2052.9,1,1.94,41.8,212.7,0.24,88.8,1
2.04,22.26,34.98,28.64,40.36,3.66,34.19,1335.4,2,2.14,80.0,75.1,64.94,79.7,1
7.74,47.1,118.83,106.7,53.45,19.88,40.13,816.9,4,2.69,157.1,71.4,22.1,98.9,1
4.74,29.53,73.77,56.86,48.53,9.95,31.86,2295.4,5,0.66,5.8,608.9,3.34,90.0,1
2.98,22.43,32.08,66.13,25.1,0.0,19.25,562.6,2,0.22,216.7,39.0,0.09,13.7,0
1.38,6.08,11.77,48.18,23.64,0.0,40.51,558.1,4,2.06,299.5,231.0,0.53,38.3,0
1.89,17.3,25.89,65.58,19.97,0.0,38.54,815.1,3,0.23,182.3,36.5,43.2,57.5,1
1.1,7.84,19.67,45.17,30.91,0.0,44.61,461.2,3,1.12,296.7,424.5,0.53,39.6,0
2.3,10.88,26.46,45.69,26.68,0.0,35.79,1878.5,3,0.47,12.0,243.8,0.05,41.1,0
14.12,165.75,441.35,315.23,88.0,48.0,22.37,956.9,4,0.73,71.8,485.8,3.89,96.0,1
4.09,21.03,36.4,46.05,28.31,0.0,35.22,1832.7,2,1.14,8.8,380.3,10.5,49.7,0
6.06,27.71,56.49,62.81,39.34,6.14,43.54,1901.7,2,4.08,217.6,143.5,49.49,89.9,1
18.25,76.5,126.87,116.06,57.91,20.82,40.05,798.8,1,2.05,365.8,29.7,4.72,100.0,1
44.12,192.67,369.87,287.4,88.0,48.0,34.75,1388.6,5,0.34,42.4,45.1,1.56,98.6,1
4.58,34.07,72.6,79.01,34.71,0.28,21.86,1391.1,3,3.81,92.0,40.6,4.76,77.3,1
12.68,70.55,104.04,111.2,48.97,20.75,27.28,2129.9,3,1.25,42.4,44.9,7.48,99.7,1
2.08,22.3,53.55,78.63,38.95,3.7,40.06,353.8,4,0.41,57.1,116.5,35.77,82.7,1
1.59,12.86,27.78,46.41,38.96,0.0,21.85,965.3,5,1.35,77.7,364.2,5.53,49.8,0
2.35,24.48,62.67,61.37,39.37,1.01,33.29,2153.2,2,0.38,187.7,4.2,0.07,36.7,0
6.04,45.19,80.46,86.08,48.57,12.5,36.33,797.3,2,0.82,19.1,49.0,1.19,90.8,1
9.57,41.83,111.46,97.51,41.53,9.32,45.77,587.4,2,2.95,20.5,163.5,1.21,95.9,1
3.25,23.4,65.47,51.22,50.41,5.45,41.22,1509.9,5,1.93,27.1,360.9,1.43,93.9,1
2.73,15.54,41.74,49.13,35.32,0.0,44.18,942.3,3,1.17,6.6,63.6,14.85,81.3,0
7.04,45.84,114.1,123.9,51.65,14.13,38.57,1281.3,4,0.46,123.8,86.8,2.24,90.8,1
2.49,15.73,39.92,33.13,30.19,0.0,28.81,2022.0,2,0.6,25.3,84.1,8.56,32.4,0
7.4,30.24,66.62,79.65,32.01,0.0,30.78,1393.5,3,6.89,69.1,62.6,5.9,94.5,1
7.26,55.69,92.79,103.17,41.05,4.26,28.07,1383.4,2,0.76,138.8,216.0,0.21,74.8,0
10.16,54.42,127.78,117.25,67.24,30.64,41.02,884.2,3,1.72,71.5,192.0,15.42,96.3,1
9.47,62.57,150.03,128.16,56.08,23.52,30.1,1965.0,2,1.25,283.8,333.6,17.62,97.1,1
6.55,72.42,201.3,167.68,70.31,36.89,32.65,1853.6,3,0.04,175.9,449.3,11.29,98.9,1
6.24,38.27,82.57,77.99,38.91,4.44,36.19,791.7,4,5.21,38.3,415.3,0.83,93.8,1
12.66,58.01,103.25,76.22,41.72,6.5,49.95,972.0,5,0.17,16.8,139.8,0.2,97.6,1
4.49,46.35,109.25,119.32,50.68,12.83,41.59,1956.1,2,1.94,269.8,37.0,1.53,90.8,1
0.79,8.63,23.91,40.0,33.23,0.0,29.43,1051.2,4,3.0,60.7,45.2,28.59,60.2,0
1.27,11.99,19.76,47.79,21.87,0.0,37.29,1147.5,4,2.49,57.9,160.6,5.23,56.0,0
5.48,26.12,48.49,60.42,25.34,0.0,50.04,1065.3,2,2.98,199.3,451.1,13.0,74.4,1
6.23,30.66,66.19,50.48,40.28,4.69,41.23,639.4,3,2.42,1.1,136.1,1.23,96.0,1
7.42,42.16,69.07,92.77,39.0,0.36,22.41,1015.9,3,1.06,72.0,494.0,7.86,72.9,1
12.86,80.57,115.31,115.62,58.3,27.54,28.22,1986.2,2,4.08,150.3,54.7,32.76,94.1,1
3.3,14.29,26.75,29.1,24.76,0.0,27.57,1331.3,1,4.38,226.6,16.3,9.01,35.3,0
2.88,13.69,35.74,72.4,28.45,0.0,48.25,1262.3,2,1.03,259.8,286.4,31.98,61.8,1
26.82,122.99,179.67,154.95,69.41,41.84,46.68,628.3,3,1.19,75.2,380.7,11.72,99.2,1
3.93,17.99,36.0,49.65,30.61,0.0,30.69,672.9,2,1.2,225.8,107.0,12.93,30.3,0
4.53,23.93,59.03,70.88,34.17,0.0,30.5,390.2,2,0.59,4.4,19.5,0.09,64.1,0
6.05,38.35,104.86,77.96,46.03,8.18,36.38,329.3,4,0.22,43.7,7.8,12.09,91.1,1
8.53,37.59,104.48,98.13,38.15,5.21,36.63,1324.8,3,0.55,1.3,11.6,0.38,92.4,1
3.57,15.03,29.92,27.76,24.98,0.0,27.82,1159.4,1,3.35,21.7,104.1,7.9,42.0,0
0.91,10.8,29.49,48.69,32.55,0.0,33.88,878.3,3,1.41,154.8,48.2,0.08,30.9,0
1.56,17.54,25.42,46.39,32.22,0.0,23.64,2379.1,5,3.42,0.5,111.6,3.03,85.6,1
10.92,44.96,109.9,115.78,47.94,14.51,46.81,1135.8,2,2.46,88.8,120.7,8.44,92.6,1
3.62,28.48,65.49,80.2,46.13,7.81,21.04,1956.6,2,0.77,64.1,110.3,0.34,50.4,0
3.51,15.35,26.86,33.69,27.35,0.0,20.94,742.1,2,0.37,15.7,174.1,2.98,22.3,0
5.24,35.89,75.75,94.21,33.18,2.09,39.7,818.8,2,1.51,138.9,204.8,0.02,69.5,0
6.51,64.97,102.75,97.58,38.85,12.5,25.49,1493.6,3,4.94,141.8,90.7,31.21,98.2,1
0.89,9.54,25.0,48.53,34.31,0.0,31.74,308.5,5,3.29,155.5,74.0,0.4,66.0,1
4.03,37.79,71.84,59.3,37.88,4.26,36.54,336.6,3,2.6,173.9,82.7,21.64,90.6,1
6.57,53.61,122.05,122.93,46.89,10.97,41.74,598.7,3,2.6,45.4,13.1,3.99,98.4,1
1.97,12.09,19.61,59.64,12.0,0.0,34.12,768.6,3,1.35,616.5,69.9,6.94,20.5,0
2.84,14.27,24.1,55.54,24.37,0.0,51.12,1408.5,1,0.33,9.1,40.1,13.76,56.6,0
10.43,42.12,117.47,123.69,55.32,25.42,36.0,1741.1,1,0.61,125.2,61.9,0.55,95.8,1
13.62,87.86,215.63,158.76,76.19,40.48,46.12,954.9,4,1.55,423.9,225.6,5.13,93.8,1
10.44,62.11,170.59,154.64,61.45,30.13,38.37,802.0,3,0.68,30.5,804.4,11.17,100.0,1
7.44,44.12,80.04,79.02,39.11,7.51,54.12,2027.9,1,2.74,39.1,462.8,1.34,90.3,1
10.26,59.77,97.44,75.71,54.74,20.47,45.0,641.8,2,0.84,103.0,310.3,4.49,100.0,1
3.68,21.92,46.13,65.08,24.56,0.0,36.37,1724.5,3,0.22,182.4,240.5,0.28,31.3,0
4.01,49.21,102.97,102.71,44.98,12.82,41.35,2255.8,4,2.75,47.9,521.9,8.3,95.3,1
2.23,27.73,45.61,47.56,40.04,1.38,33.78,787.6,3,2.16,217.5,251.0,0.99,61.1,0
1.78,18.42,44.71,35.3,35.48,0.0,33.7,482.6,4,0.53,33.1,114.6,0.18,44.0,0
4.81,49.48,94.34,75.31,47.49,10.94,24.92,2357.5,3,7.14,248.9,165.5,18.04,91.5,1
6.05,30.29,50.31,55.69,30.2,0.0,29.13,868.6,1,0.93,35.0,65.7,6.5,37.3,0
3.38,29.46,54.94,48.25,35.57,2.76,53.52,878.9,5,2.05,115.3,0.6,3.5,92.6,1
21.26,91.61,200.55,144.09,72.93,44.7,25.77,1315.9,2,4.34,53.1,78.5,7.79,96.6,1
2.8,11.76,28.42,41.09,22.8,0.0,30.43,785.2,2,0.31,46.6,93.4,0.88,11.3,0
4.62,18.79,38.98,73.62,24.43,0.0,35.2,2385.0,4,3.8,52.4,237.8,1.83,74.8,0
0.56,2.33,4.98,42.63,26.1,0.0,35.49,390.2,2,2.19,83.0,352.9,8.34,28.1,0
6.62,52.42,83.59,73.72,43.04,12.62,39.26,1248.1,3,0.33,223.8,591.8,11.3,92.2,1
8.3,49.83,133.57,134.64,59.29,17.95,32.01,1451.5,4,1.97,170.9,78.0,30.83,93.7,1
2.68,24.44,65.98,76.94,39.39,3.49,39.79,1280.6,3,3.74,71.6,568.0,20.41,90.1,1
9.64,44.43,104.71,93.56,51.97,16.26,45.71,1393.1,3,2.89,39.8,289.1,1.37,94.2,1
6.49,28.08,40.0,52.07,29.67,0.0,46.77,2373.9,3,2.57,231.1,5.6,2.35,70.5,0
13.46,59.89,128.87,107.25,53.19,21.35,33.73,2141.5,4,0.32,245.0,162.8,17.34,100.0,1
4.88,31.75,72.42,62.56,35.39,2.29,41.2,947.7,3,0.38,72.5,81.9,1.58,62.8,1
5.43,25.99,72.58,69.57,31.84,0.0,26.26,1458.1,3,1.43,142.8,6.2,6.85,47.4,0
10.55,109.25,305.29,227.19,88.0,48.0,29.87,300.7,5,1.56,55.3,136.5,9.89,95.5,1
1.52,17.45,45.38,58.26,30.51,0.0,26.02,1160.1,5,5.18,19.4,158.2,1.91,87.5,1
2.34,11.25,16.75,50.17,15.07,0.0,35.61,644.1,3,1.14,46.5,52.3,15.04,36.0,0
5.14,33.73,92.25,81.11,37.54,3.49,28.7,1793.9,1,0.65,137.5,506.1,39.15,67.7,1
31.54,126.56,285.74,222.99,88.0,48.0,23.07,764.3,4,0.38,176.1,169.7,4.81,95.3,1
1.66,17.24,43.48,59.27,33.52,0.0,32.72,1872.7,2,0.1,229.0,34.8,55.03,46.3,0
2.65,11.74,23.14,63.32,23.77,0.0,21.31,957.6,4,0.13,2.1,229.9,4.66,50.3,0
2.95,18.23,33.69,44.24,43.06,3.79,47.28,2244.2,3,1.54,80.0,124.5,0.05,72.2,1
6.45,29.24,59.9,84.49,26.88,0.0,31.26,1235.4,4,0.35,38.4,115.4,0.23,56.7,1
3.88,17.74,28.49,60.45,33.83,0.0,44.38,2063.0,3,3.43,138.2,323.8,6.34,82.2,1
10.01,42.47,80.69,86.14,41.92,5.01,31.82,1619.1,5,1.63,33.8,26.8,13.95,91.9,1
28.35,217.01,564.38,401.3,88.0,48.0,25.84,2352.5,2,3.6,100.2,121.6,0.02,95.6,1
5.69,23.57,34.25,31.07,30.24,0.0,45.99,1859.7,1,1.0,149.4,273.2,2.6,30.2,0
2.85,26.96,43.43,75.99,20.93,0.0,36.75,1828.2,4,1.63,176.4,194.4,17.93,64.4,1
1.87,19.87,31.29,30.15,29.33,0.0,52.04,856.2,3,1.34,37.7,1.0,0.02,60.1,1
1.7,11.09,21.78,44.5,28.11,0.0,32.03,1360.2,3,7.77,11.0,278.7,3.8,95.5,1
18.28,82.78,231.44,170.29,71.65,35.74,32.22,909.2,5,2.87,29.6,521.0,12.47,100.0,1
4.66,29.07,47.75,55.38,45.03,6.18,44.54,340.5,3,1.63,109.7,219.5,5.37,82.8,1
5.89,26.64,42.73,60.23,33.83,1.52,44.6,1792.2,4,1.68,5.0,375.6,62.28,96.0,1
10.18,49.89,133.75,132.84,61.48,31.37,37.3,795.3,1,0.51,20.8,80.6,29.8,99.3,1
2.44,21.09,55.58,61.71,28.57,0.0,58.0,1134.4,4,2.39,647.8,77.7,20.51,79.9,1
9.9,41.01,59.27,87.97,40.74,4.57,33.62,897.7,3,7.32,57.8,69.6,0.21,94.9,1
0.58,6.42,15.75,41.91,30.95,0.0,25.21,719.2,3,0.25,82.3,239.0,2.6,19.4,0
14.2,61.01,141.4,104.13,61.11,25.45,27.48,441.0,4,1.83,1.3,512.7,25.69,98.4,1
13.58,103.1,255.16,179.41,88.0,48.0,33.66,1009.6,3,1.31,107.6,389.9,7.09,98.8,1
6.81,41.27,86.34,93.35,38.81,3.59,48.91,471.7,5,3.42,47.2,29.3,5.4,98.8,1
17.61,116.03,323.49,217.53,88.0,48.0,34.42,1434.7,4,0.0,90.7,177.1,2.24,92.6,1
1.71,15.7,22.95,41.53,23.35,0.0,49.31,341.2,4,0.26,89.6,992.0,0.38,43.6,0
4.01,28.43,49.13,43.61,37.19,3.61,39.69,2274.0,3,0.07,411.0,63.0,0.01,41.6,0
4.85,43.02,84.11,79.17,38.45,8.1,45.21,2329.6,3,0.32,37.5,181.3,18.34,92.5,1
4.08,35.55,72.16,85.65,43.59,5.67,39.29,939.8,1,2.22,101.4,426.8,8.51,80.7,1
2.5,22.32,60.03,64.67,31.78,0.0,39.22,846.4,1,0.27,57.7,413.7,0.19,29.7,0
3.68,22.56,49.27,44.38,32.22,0.0,42.4,519.3,1,1.75,65.8,69.8,4.87,44.6,0
1.1,5.1,7.47,21.19,25.79,0.0,31.18,2200.3,5,3.65,6.9,17.8,6.96,72.7,1
3.29,18.6,36.66,45.37,26.04,0.0,31.28,1532.4,3,0.06,139.9,186.9,34.03,39.7,0
2.89,12.48,24.75,24.22,30.83,0.0,38.97,1581.3,4,0.05,26.1,528.6,45.02,63.1,0
11.39,60.54,166.59,139.58,69.96,33.46,52.5,2181.3,3,8.26,75.8,127.7,1.83,100.0,1
3.75,19.02,42.59,60.02,30.3,0.0,22.9,2212.7,3,2.01,68.4,110.2,5.81,45.9,0
0.66,3.43,7.86,12.91,29.17,0.0,18.75,2039.5,3,0.27,75.8,359.0,2.07,5.9,0
6.39,40.83,97.93,86.76,47.89,10.81,33.76,1924.2,3,0.66,56.5,99.5,1.74,86.4,1
8.41,42.64,105.66,92.31,56.2,22.49,44.76,2142.2,4,7.56,33.3,205.6,28.25,100.0,1
7.45,81.09,185.62,140.68,82.74,45.86,36.44,2139.5,5,0.46,71.5,88.6,0.63,100.0,1
9.59,42.42,73.47,77.85,39.12,5.9,26.06,1074.2,3,2.52,5.7,85.2,0.23,94.4,1
4.43,20.9,54.83,56.2,39.22,0.0,36.67,2344.1,4,0.5,33.3,37.4,1.53,59.8,0
7.32,60.18,145.94,118.6,57.04,23.08,21.27,1789.2,1,0.91,184.4,16.7,15.3,96.1,1
7.34,34.88,85.06,96.18,37.62,1.52,41.35,1077.4,2,3.83,222.0,389.6,64.48,97.4,1
0.91,11.12,31.09,32.51,27.53,0.0,33.37,1228.3,3,0.05,150.8,36.0,9.17,16.7,0
4.36,37.28,94.07,94.01,38.16,6.4,35.3,1743.0,4,0.66,120.1,11.6,12.3,82.0,1
8.38,91.99,235.57,180.87,80.34,48.0,39.63,1058.3,3,1.2,200.1,157.1,3.76,100.0,1
6.78,31.9,87.14,75.37,47.95,8.63,37.75,2035.8,3,1.77,16.4,142.1,2.97,91.4,1
5.39,25.83,41.63,64.8,28.58,0.0,31.4,610.9,1,0.05,89.4,151.0,0.62,22.0,0
4.05,18.56,38.91,55.09,35.16,0.0,44.79,2205.9,5,0.95,14.8,113.6,43.72,89.2,1
1.44,17.77,39.32,52.04,32.81,0.0,42.77,932.5,4,0.76,180.5,27.6,18.47,62.2,0
5.62,34.0,63.27,76.17,48.82,8.41,20.92,620.7,3,0.05,88.2,3.8,0.67,63.7,1
6.63,33.17,85.42,96.63,47.06,14.84,34.04,2101.9,5,0.79,199.3,8.6,33.38,93.3,1
0.74,6.92,17.07,59.87,31.47,0.0,26.82,802.9,1,4.83,192.6,516.1,4.45,47.7,0
20.12,105.64,254.52,198.76,88.0,48.0,25.22,2071.1,3,0.58,75.3,136.6,0.08,100.0,1
5.84,61.94,173.2,156.93,70.36,31.06,40.55,922.2,1,1.59,82.4,91.9,10.4,97.4,1
4.27,38.5,67.87,49.17,45.99,12.85,32.44,2261.1,3,0.64,3.4,95.2,2.52,89.1,1
11.73,72.92,177.17,144.02,73.62,38.58,34.79,760.1,2,0.2,89.0,190.1,0.6,100.0,1
0.96,5.01,10.88,21.73,24.31,0.0,30.31,446.3,3,0.62,135.8,85.1,9.17,9.7,0
2.77,26.46,48.64,40.86,34.85,5.16,39.15,2266.7,5,1.15,31.9,286.5,22.25,78.5,1
5.1,45.78,74.39,77.29,44.06,6.56,41.77,647.8,3,0.63,516.8,54.2,5.6,85.8,1
7.37,64.21,170.44,149.39,63.69,31.56,54.45,2282.7,3,1.76,441.8,82.4,2.66,99.1,1
7.09,58.82,131.39,108.95,52.51,21.11,34.46,2030.4,3,5.36,39.9,492.0,1.32,100.0,1
1.82,15.33,39.16,60.61,39.52,11.95,23.69,472.0,4,0.13,149.8,54.3,7.57,57.2,0
15.34,104.23,225.51,173.62,88.0,48.0,31.72,1234.8,5,2.27,3.7,195.0,6.58,99.7,1
2.92,15.27,26.08,41.62,21.73,0.0,43.2,454.1,3,0.0,131.5,81.6,0.37,26.0,0
12.1,78.34,146.69,113.41,57.06,28.7,29.43,992.6,4,0.0,117.4,114.7,17.2,98.4,1
28.01,132.17,255.64,188.38,88.0,48.0,23.4,1038.2,3,0.26,207.2,8.3,9.31,97.7,1
1.68,8.32,22.99,35.68,29.64,0.0,29.61,1559.2,2,1.18,43.6,32.9,6.71,20.9,0
5.77,56.89,80.09,86.14,46.48,16.92,31.47,2349.4,3,0.09,252.5,19.3,13.25,91.9,1
0.62,6.99,19.42,22.85,30.82,0.0,26.8,656.5,3,2.31,234.2,335.2,2.34,23.7,0
6.4,27.92,77.43,59.5,40.23,1.71,37.85,991.2,3,0.05,132.9,587.2,3.48,48.1,0
3.4,36.3,101.44,100.64,50.38,16.45,35.33,1532.9,4,1.23,76.7,12.7,13.94,98.2,1
3.53,33.56,69.38,74.68,40.94,6.96,42.71,660.0,3,2.03,115.6,14.4,1.28,83.2,1
9.17,109.45,300.9,219.95,88.0,48.0,32.21,1792.5,5,0.49,157.1,144.6,2.52,99.3,1
9.02,48.29,94.34,73.18,48.31,13.22,40.74,1147.7,5,1.56,443.9,126.2,17.53,98.0,1
5.26,29.4,42.25,50.96,39.26,1.03,31.82,2294.1,3,0.55,15.6,189.3,49.27,84.0,1
15.06,60.8,104.22,108.28,47.18,17.4,26.4,1622.7,3,0.43,45.1,240.3,9.84,94.5,1
27.55,119.36,325.07,256.33,88.0,48.0,31.38,1062.5,3,3.07,182.1,287.2,0.46,95.0,1
1.81,12.11,17.18,47.78,26.05,0.0,22.24,1810.9,3,0.73,63.1,29.1,0.0,20.1,0
20.72,144.76,313.31,211.35,88.0,48.0,51.2,2061.4,5,3.03,133.9,6.9,3.56,100.0,1
1.07,8.22,12.38,43.21,27.53,0.0,37.21,1981.0,1,0.44,17.1,395.9,4.68,23.1,0
7.53,71.09,128.03,99.06,51.77,19.14,29.24,851.8,3,0.79,148.2,114.1,17.39,93.1,1
2.27,21.95,33.44,40.92,37.36,0.0,32.79,1175.7,2,0.19,134.5,638.8,8.1,32.5,0
1.69,16.45,42.82,41.65,35.75,0.0,15.17,1249.6,4,1.24,105.8,137.0,0.48,23.7,0
2.67,26.9,59.93,78.86,31.16,0.0,48.19,1115.6,2,0.87,173.9,128.4,0.32,54.5,0
5.67,46.89,124.87,115.35,65.15,27.8,47.36,952.8,4,0.01,254.5,175.6,13.16,97.9,1
2.98,22.58,53.38,67.23,35.95,0.0,36.91,1880.8,3,1.13,212.1,33.6,12.0,58.6,1
1.25,5.13,14.16,44.27,19.63,0.0,38.72,325.7,5,0.14,16.4,52.8,34.88,57.7,1
7.4,41.51,87.75,72.69,51.2,11.32,25.22,916.4,5,3.26,163.7,425.2,0.44,93.2,1
23.82,96.08,220.43,168.29,84.69,48.0,25.84,597.4,4,1.23,71.7,43.0,11.64,95.6,1
3.09,21.57,47.61,64.44,22.7,0.0,21.57,570.4,3,2.11,48.8,47.7,0.03,46.5,0
2.44,15.45,32.1,54.51,25.83,0.0,34.63,881.6,2,3.1,254.1,128.4,1.62,40.3,0
4.13,30.57,78.99,91.98,43.79,9.54,45.02,1900.5,5,0.09,98.4,184.5,0.83,85.5,1
1.1,9.86,22.7,32.67,13.4,0.0,32.74,2335.8,4,0.74,83.5,0.2,18.63,24.8,0
7.59,72.76,183.5,158.94,71.89,40.74,38.96,1380.7,2,0.05,184.2,109.8,0.0,98.5,1
17.5,72.7,181.81,142.99,71.86,34.62,44.32,1011.8,3,0.09,96.7,91.7,0.44,99.5,1
7.91,31.91,53.21,69.74,27.8,0.0,22.2,2041.3,1,0.07,234.2,361.3,12.85,23.3,0
2.65,30.22,69.82,70.89,41.17,2.17,51.69,440.9,4,1.17,13.0,329.5,17.1,91.8,1
7.13,67.58,113.5,121.46,51.82,16.88,45.84,495.7,2,1.08,179.6,425.5,2.87,95.4,1
6.27,41.27,91.49,72.54,38.47,5.99,40.37,1025.3,4,0.11,21.5,332.2,17.91,83.7,1
7.92,70.96,166.64,143.69,72.18,40.83,43.85,1241.7,4,0.55,30.6,278.1,0.01,95.8,1
6.78,47.78,133.6,117.79,62.44,25.66,44.25,1975.5,3,0.5,23.7,352.6,12.58,97.2,1
5.65,55.39,79.91,64.72,40.64,13.8,38.49,2243.1,5,0.63,32.7,34.6,0.28,99.4,1
5.86,37.16,56.77,44.87,34.7,1.71,48.14,1415.7,4,1.84,157.9,75.0,0.5,79.3,1
4.02,31.86,48.04,72.19,37.81,0.59,32.15,1340.9,3,2.15,127.8,207.1,2.71,67.6,1
15.93,113.93,223.05,157.07,81.25,48.0,39.93,747.3,5,0.75,31.3,461.8,6.12,100.0,1
2.73,28.44,72.52,60.53,28.72,0.0,47.23,1247.5,4,2.79,37.8,197.9,6.48,85.8,1
6.77,44.34,114.47,123.44,54.97,19.76,14.0,2239.7,4,0.97,12.5,42.0,0.81,93.9,1
5.25,21.25,51.68,70.87,29.59,0.0,39.72,1125.1,2,1.33,64.2,521.0,22.69,58.9,1
5.01,36.83,97.81,79.85,45.05,1.84,42.16,742.4,3,0.28,57.1,257.1,5.73,75.2,1
9.73,42.49,78.68,82.74,50.78,16.27,21.48,1008.3,4,0.48,18.9,226.9,0.32,88.6,1
3.9,17.45,26.59,46.32,26.64,0.0,38.4,1380.6,3,2.34,215.9,258.8,18.94,55.7,1
2.41,9.95,14.74,52.58,24.14,0.0,29.25,1557.0,3,6.79,229.7,193.7,0.49,71.8,1
9.62,44.91,116.44,113.51,55.66,19.86,39.37,1208.1,5,2.2,13.9,4.0,1.9,100.0,1
10.91,56.78,137.56,131.84,61.55,30.11,35.19,1892.9,1,0.1,37.2,52.7,47.09,100.0,1
6.51,28.85,68.6,59.11,33.69,5.77,27.96,1527.4,1,0.28,159.9,564.6,7.2,34.1,0
1.23,13.27,24.9,49.99,26.61,0.0,45.43,1696.6,4,1.06,244.8,61.3,7.33,53.0,0
7.3,46.01,88.89,64.59,45.11,9.12,32.44,2112.1,1,2.37,8.9,265.8,0.0,92.7,1
2.7,10.89,29.86,27.51,29.99,0.0,38.29,2117.9,3,0.33,279.2,99.4,41.57,35.6,0
6.85,32.49,48.39,68.56,35.28,3.76,47.17,727.4,5,2.5,7.6,428.6,39.57,97.8,1
4.41,18.11,44.98,35.34,48.12,6.63,28.21,1609.0,4,1.46,120.5,146.8,5.67,64.0,1
3.37,15.86,29.07,49.99,21.09,0.0,36.07,1804.9,3,2.68,2.7,179.9,4.73,80.8,1
4.49,19.62,28.54,61.37,33.87,0.0,31.79,606.3,4,1.47,316.2,49.3,63.55,79.5,0
4.0,19.99,48.76,53.79,40.75,4.19,33.69,2069.8,3,1.66,52.4,10.7,18.17,77.3,1
0.54,2.59,4.82,10.15,24.31,0.0,54.33,679.0,3,0.51,125.6,254.3,21.21,31.7,0
5.21,30.85,74.39,85.48,36.93,0.95,39.88,1978.5,3,2.29,24.5,12.6,12.52,90.1,1
6.22,26.22,62.69,87.59,47.54,5.97,38.67,639.1,3,3.34,46.5,230.3,10.54,89.1,1
5.91,26.81,57.61,74.72,22.98,0.0,40.45,1857.7,4,3.69,165.1,145.9,0.87,80.1,1
6.1,27.32,67.98,75.22,34.93,2.54,39.66,611.1,3,0.05,433.4,308.7,37.6,71.1,1
13.63,70.1,155.15,116.2,70.47,40.11,20.48,1095.5,1,1.76,580.2,41.5,23.98,100.0,1
2.46,18.64,33.58,27.52,27.18,0.0,55.52,601.4,2,8.21,199.1,140.4,10.26,85.1,1
2.51,29.13,70.72,82.23,49.38,10.63,23.55,868.5,3,1.59,225.4,171.4,17.32,75.5,1
0.58,2.42,5.38,18.9,12.44,0.0,50.73,2367.5,5,0.34,418.4,13.9,15.13,28.0,0
1.27,7.09,10.06,50.15,16.14,0.0,41.25,526.1,3,3.78,4.9,241.7,1.44,69.9,1
5.03,38.53,102.57,92.66,45.53,7.07,37.54,1153.6,1,0.55,22.4,88.7,12.71,84.7,1
3.67,34.86,75.42,77.9,43.62,10.4,33.4,1721.5,2,0.08,6.5,24.8,3.81,90.0,1
18.05,81.66,213.64,177.79,78.49,46.34,58.0,498.7,3,1.01,83.5,88.1,13.31,98.1,1
9.27,41.71,109.95,111.54,47.84,11.3,41.14,529.0,2,0.19,381.8,18.6,1.18,86.4,1
27.56,126.17,255.23,199.82,88.0,48.0,36.15,600.9,1,0.22,104.8,394.1,15.07,99.1,1
1.09,5.74,12.11,55.1,32.47,0.0,31.45,1654.5,4,1.12,97.3,109.8,0.35,32.8,0
1.5,10.54,20.9,62.79,23.36,0.0,30.43,2209.6,4,1.71,210.3,26.7,3.74,34.2,0
1.29,9.81,19.92,60.56,15.32,0.0,36.43,2034.6,4,4.24,317.3,52.3,2.63,62.0,1
1.74,21.41,56.8,79.01,22.96,0.0,28.09,2364.4,4,2.2,143.9,232.1,24.93,68.2,1
9.37,42.25,105.78,105.51,51.05,17.31,41.78,1514.1,3,3.33,270.9,277.6,1.61,97.6,1
3.78,39.83,62.83,75.69,41.53,7.33,30.51,2319.1,4,0.96,23.1,7.6,3.51,87.9,1
2.35,12.54,28.27,28.04,28.29,0.0,44.54,940.4,3,0.69,84.0,11.1,6.18,40.6,0
17.86,107.81,301.25,213.03,88.0,48.0,44.35,1185.2,1,1.62,54.4,448.4,19.22,100.0,1
10.98,64.74,144.61,99.25,55.66,22.73,35.53,1131.7,3,2.14,48.5,72.4,15.62,95.1,1
2.96,12.45,31.14,31.42,32.65,0.0,40.93,399.5,1,1.51,28.9,38.7,0.34,30.3,0
0.83,9.72,24.07,40.41,36.81,0.0,41.36,2042.4,1,0.55,269.3,23.6,12.65,26.1,0
2.93,13.84,26.17,28.6,14.03,0.0,23.57,351.9,1,0.83,71.8,116.3,3.56,3.2,0
0.45,5.09,9.78,51.93,22.27,0.0,50.72,1832.7,5,1.07,90.7,265.4,0.33,54.9,0
1.29,14.91,35.99,64.65,24.25,0.0,33.83,1154.8,4,0.03,38.8,132.5,31.56,58.5,0
4.59,29.99,62.99,49.16,28.69,2.04,41.91,313.1,3,3.81,395.1,3.8,11.49,77.2,1
1.66,18.27,40.18,42.32,24.47,0.0,42.15,908.9,2,1.29,113.4,119.1,12.52,38.6,0
4.29,20.03,48.04,73.08,35.73,0.0,14.84,1026.9,1,2.5,0.1,67.2,0.27,65.9,0
27.54,162.0,403.15,303.18,88.0,48.0,30.42,2325.9,3,0.34,37.4,206.7,0.09,97.6,1
3.95,46.46,82.71,101.31,51.92,16.75,43.14,1688.3,3,1.46,880.2,133.4,30.29,100.0,1
9.35,107.63,172.8,162.21,68.44,37.87,36.53,1441.5,4,4.69,441.6,605.2,21.56,98.3,1
2.47,13.41,24.24,64.69,16.24,0.0,41.86,566.8,1,0.43,94.4,164.1,0.09,20.4,0
4.3,19.83,41.86,50.67,30.29,0.0,36.79,1121.3,3,0.76,99.6,180.2,10.61,38.7,0
5.55,35.94,67.54,60.16,30.59,0.56,46.45,375.1,5,0.88,278.2,132.2,0.03,74.5,1
0.9,5.16,11.32,46.49,15.93,0.0,36.97,1899.5,2,0.87,148.0,67.1,3.95,16.9,0
2.21,10.21,15.06,28.26,27.7,0.0,48.1,641.8,3,1.65,323.0,179.3,2.87,36.3,0
9.22,50.16,106.02,110.2,50.85,19.27,27.67,1548.3,2,0.9,78.3,72.9,9.13,90.9,1
4.44,37.59,71.99,75.82,43.68,5.89,34.92,1768.7,2,2.02,447.1,227.4,6.4,79.4,1
4.7,25.53,54.85,76.38,33.21,0.0,30.96,1069.7,4,1.19,93.1,48.7,7.84,64.7,0
4.6,24.61,49.0,49.27,38.46,2.38,39.3,1628.4,4,0.31,124.2,82.5,0.58,55.3,1
5.69,27.76,49.92,60.31,31.5,2.66,33.63,1904.9,3,5.34,10.3,157.7,14.12,96.6,1
0.89,4.82,12.84,38.73,30.3,0.0,34.05,686.7,3,0.49,113.5,178.2,0.63,15.1,0
5.44,22.21,36.84,71.39,32.38,0.0,30.01,1561.8,4,1.49,175.2,198.8,7.26,56.5,1
1.66,14.58,34.33,39.31,28.37,0.0,32.08,1841.2,1,0.11,69.4,216.9,0.02,11.0,0
4.23,17.49,47.13,77.79,34.47,0.0,35.91,1049.8,2,4.52,83.8,69.0,18.09,81.8,1
20.26,118.14,254.49,206.64,88.0,48.0,18.82,641.2,5,4.74,60.0,401.6,17.01,94.5,1
7.92,40.76,107.07,107.49,59.56,20.22,16.44,900.8,4,0.82,417.0,5.5,0.39,91.6,1
5.01,51.68,81.38,93.31,44.26,11.8,36.5,2259.5,4,0.23,77.7,37.6,16.85,90.2,1
3.98,27.5,57.5,69.62,36.09,6.04,14.0,1050.6,3,2.65,16.2,13.1,9.96,84.2,1
6.14,29.14,59.44,54.62,35.21,0.0,34.36,526.2,2,0.55,3.5,200.4,0.48,66.7,1
2.75,13.74,19.4,26.14,30.49,0.0,32.79,473.7,5,2.17,177.7,57.6,2.14,46.0,0
1.41,16.23,32.8,65.31,33.43,0.0,40.61,679.0,3,4.44,95.2,40.0,0.37,78.4,1
2.32,13.39,25.66,54.31,25.54,0.0,30.29,567.8,2,1.61,0.3,117.9,5.91,57.3,1
6.49,68.33,159.73,118.42,57.79,27.05,49.34,1339.6,3,3.55,57.9,173.7,3.39,98.6,1
12.95,51.96,140.99,124.32,54.07,19.97,43.21,1029.9,1,0.46,294.5,173.8,36.77,99.8,1
7.1,30.54,46.43,55.32,31.89,0.0,23.15,2067.0,2,4.34,354.2,146.7,0.12,58.8,1
2.76,33.08,61.47,52.09,45.31,10.48,33.58,2150.3,2,0.46,6.6,868.8,0.01,79.3,1
21.21,93.84,189.72,152.25,71.62,39.9,48.98,1293.9,2,0.46,15.8,354.2,7.67,100.0,1
1.68,7.11,14.48,27.08,20.49,0.0,30.07,2165.9,1,3.81,0.6,49.1,12.98,60.5,1
2.24,15.97,39.69,35.13,20.55,0.0,35.55,1246.0,2,1.46,243.6,255.9,2.63,20.1,0
5.25,25.96,52.45,60.11,43.77,9.33,47.94,1648.1,2,2.89,8.8,151.6,26.83,93.7,1
8.82,56.83,81.72,84.67,46.3,9.3,31.4,641.3,1,2.92,13.7,13.2,15.12,92.2,1
32.79,171.33,410.19,273.74,88.0,48.0,45.55,410.4,2,1.87,31.0,9.2,5.16,100.0,1
2.81,20.36,53.74,58.02,40.82,0.28,28.27,636.2,2,0.38,299.0,289.4,9.17,27.5,0
10.13,75.15,159.29,120.13,63.61,33.63,14.0,828.9,3,2.12,139.9,141.7,0.01,99.5,1
9.69,63.71,141.03,98.05,60.0,26.79,46.44,1877.1,3,0.12,115.1,152.5,1.88,96.7,1
1.31,12.47,20.3,23.85,34.62,0.0,39.73,664.4,3,0.4,184.3,73.8,4.47,30.2,0
5.21,23.54,40.23,37.4,32.34,0.0,40.29,574.4,2,1.85,141.8,479.6,13.13,52.7,0
3.56,25.59,44.24,41.99,35.91,0.0,26.71,2248.0,5,4.29,164.4,224.9,14.98,77.9,1
19.93,134.61,269.62,216.41,88.0,48.0,27.39,1746.5,3,2.66,9.2,473.0,2.69,99.8,1
5.0,21.54,58.15,62.58,40.14,1.22,45.78,1293.9,4,0.73,106.9,18.8,3.19,69.0,1
11.0,66.92,142.58,104.3,59.15,21.83,38.07,499.4,4,3.12,167.9,157.8,4.25,100.0,1
3.29,19.08,31.85,30.22,28.71,0.0,35.0,2088.8,2,6.12,100.1,182.7,3.77,73.8,1
12.3,50.72,89.9,76.84,49.84,16.51,37.88,527.3,3,0.73,1.4,24.2,8.26,100.0,1
5.95,25.79,49.98,73.4,38.65,5.32,48.82,1583.2,3,0.37,28.5,76.5,0.53,81.5,1
4.31,39.62,90.04,79.93,52.22,13.78,42.15,1702.1,3,0.4,395.3,43.5,8.27,89.6,1
10.39,64.76,130.55,97.05,59.86,20.92,31.97,1140.3,4,0.92,146.4,749.6,25.5,100.0,1
14.68,59.9,116.77,99.09,56.28,27.85,24.07,2213.6,4,0.1,140.0,141.1,3.23,94.9,1
11.94,83.35,182.59,148.67,68.45,36.66,41.0,406.5,3,1.2,129.5,68.2,8.64,98.0,1
0.86,6.0,10.42,13.11,19.43,0.0,28.15,2018.0,1,2.37,16.4,196.6,0.05,23.7,0
5.31,46.93,70.88,79.32,44.53,12.86,25.95,1463.0,3,1.36,0.5,193.9,1.69,99.0,1
1.82,18.35,26.31,39.88,23.92,0.0,47.18,1583.5,2,6.31,69.7,76.8,2.07,85.8,1
5.92,28.76,50.38,38.19,33.98,0.0,43.42,2372.3,2,1.11,70.5,918.6,7.83,54.3,0
6.95,32.96,50.38,68.07,42.38,11.75,39.28,1523.6,3,0.02,200.4,298.0,0.35,64.9,1
6.92,28.29,52.94,71.47,42.15,5.97,25.47,1973.8,2,1.14,24.0,92.0,1.21,66.6,1
5.49,25.96,64.43,75.17,39.85,6.59,51.21,622.4,5,4.78,38.6,194.2,0.68,97.2,1
25.39,209.22,502.72,347.16,88.0,48.0,44.75,1999.5,4,0.18,9.8,223.2,12.3,100.0,1
1.08,12.39,27.94,47.0,27.08,0.0,33.42,1898.3,3,0.45,61.3,34.4,7.94,29.1,0
12.77,51.58,133.78,109.38,62.67,22.44,31.62,2333.0,1,2.26,35.5,378.9,0.71,89.0,1
4.41,31.97,57.38,73.82,35.85,4.29,36.67,2265.0,2,0.63,36.6,314.8,0.0,65.3,0
2.51,18.88,49.83,63.65,30.6,0.0,31.93,749.4,4,2.61,35.2,253.7,2.67,69.8,1
4.61,19.69,38.57,33.75,38.09,1.05,54.8,1276.4,3,0.98,31.6,45.3,6.93,71.6,1
20.11,112.03,219.72,176.75,82.61,48.0,32.72,2214.1,1,2.86,46.2,26.4,6.37,99.0,1
9.26,79.5,156.41,137.59,60.33,28.45,26.92,1645.6,4,1.44,92.3,35.8,0.85,100.0,1
20.83,90.12,138.55,111.74,61.67,29.47,49.5,1273.8,3,0.15,69.1,17.6,2.69,100.0,1
44.14,177.35,490.5,363.24,88.0,48.0,31.16,528.8,3,0.88,7.9,507.3,0.76,99.1,1
2.03,21.44,34.17,65.14,23.52,0.0,42.68,1038.7,5,0.73,66.6,343.3,0.23,59.3,1
4.19,18.48,34.68,35.43,28.51,0.0,41.74,1697.0,1,2.99,224.7,17.1,3.78,33.7,0
7.68,52.49,96.96,108.71,45.67,10.08,35.5,1931.5,4,1.76,12.7,204.0,3.05,100.0,1
5.98,35.37,53.22,59.43,37.62,4.08,27.73,1239.1,5,2.7,346.7,50.7,42.46,97.3,1
7.93,33.65,54.28,72.85,38.99,4.48,35.59,417.3,1,0.84,44.3,3.1,1.01,55.7,1
7.05,28.7,41.99,68.93,28.45,0.0,26.06,1629.7,4,2.12,1.8,62.3,0.34,84.9,0
4.45,35.73,64.65,69.75,29.14,0.0,35.8,2235.3,3,0.12,35.0,104.4,1.26,57.6,1
3.67,31.59,82.55,76.61,49.3,13.98,42.57,1342.5,4,0.07,8.7,3.6,22.6,91.3,1
0.74,7.85,14.71,55.76,17.4,0.0,50.6,2249.7,3,0.61,100.3,70.4,33.68,52.5,0
4.69,26.7,42.01,42.7,33.39,0.0,26.75,1043.6,5,2.67,45.6,216.9,19.18,80.4,1
3.08,37.43,86.24,72.62,43.36,14.33,33.87,2161.4,3,1.37,197.3,46.7,8.13,83.8,1
6.25,41.63,116.36,96.91,53.55,22.33,31.54,1951.3,3,0.95,158.3,119.4,11.5,94.5,1
2.01,21.74,37.51,68.06,40.41,5.26,38.33,2319.7,4,4.09,75.9,393.4,2.15,91.5,1
8.46,56.81,101.77,113.4,66.73,27.54,23.06,1961.1,3,1.24,98.7,5.2,6.06,97.9,1
0.08,0.98,2.7,16.66,12.0,0.0,28.11,975.1,2,1.71,112.6,277.2,1.06,7.3,0
4.03,18.13,29.93,63.33,34.28,0.0,21.62,2191.2,2,7.66,37.9,87.2,29.47,91.4,1
6.31,54.52,115.36,91.6,51.36,19.38,23.77,1706.4,3,1.33,18.0,140.2,4.5,98.1,1
4.68,34.5,59.87,87.59,43.05,12.54,30.39,640.3,3,2.75,56.7,47.2,0.61,91.9,1
4.13,18.11,49.0,63.74,39.46,1.73,50.2,396.5,4,0.96,12.0,155.7,21.97,93.2,1
8.73,42.21,117.09,81.42,61.24,30.53,38.95,1068.3,3,0.07,45.4,236.1,5.0,97.7,1
4.05,34.55,87.79,63.6,46.29,11.75,36.55,1952.4,3,3.24,96.5,40.5,0.05,93.0,1
5.38,58.37,107.44,81.47,44.74,11.92,47.45,1598.3,4,5.2,93.2,75.7,0.55,100.0,1
11.33,56.19,110.41,85.21,56.48,29.63,39.26,1407.0,2,1.03,15.4,150.8,6.14,94.6,1
5.85,39.93,69.45,84.68,40.15,8.61,40.06,307.8,4,1.26,1.0,97.1,9.73,98.4,1
6.49,30.87,81.72,68.14,41.48,4.52,31.98,1214.6,2,0.99,11.2,62.4,28.82,85.8,1
1.78,11.42,30.6,68.5,25.71,0.0,30.58,631.2,2,10.4,4.4,108.2,2.72,95.4,1
3.46,24.94,49.55,65.83,39.91,5.57,24.86,1254.6,3,4.21,61.4,61.9,1.06,83.8,1
3.48,22.23,51.56,69.68,44.06,6.33,30.89,2382.7,1,0.08,59.3,64.7,8.64,44.5,0
8.24,39.76,64.88,56.97,30.99,0.0,33.62,2147.0,2,2.72,33.2,169.8,1.65,72.2,1
8.47,36.27,72.87,92.54,44.14,6.5,38.93,952.3,3,1.65,29.1,116.7,4.46,85.9,1
1.79,20.25,46.25,65.12,30.72,0.0,35.69,1546.4,3,0.05,60.6,203.5,15.57,46.6,0
2.39,14.16,27.47,61.75,18.89,0.0,32.9,1354.4,3,1.06,10.9,327.0,3.02,49.8,0
2.54,29.67,56.39,84.69,36.67,2.04,28.25,573.1,5,0.29,28.9,515.5,13.45,82.2,1
2.99,18.73,26.24,27.71,22.35,0.0,39.39,2378.6,3,3.72,62.4,29.5,10.87,67.2,1
11.01,47.76,120.63,87.76,44.31,9.1,31.77,1192.9,3,0.02,12.0,177.1,0.59,88.8,1
1.41,9.98,26.41,58.32,22.7,0.0,39.01,1361.9,3,3.72,220.5,157.2,1.41,57.1,1
8.37,35.09,96.75,106.87,40.92,3.15,19.74,1660.0,3,5.09,135.2,363.1,3.48,93.3,1
19.05,101.74,244.9,190.45,84.69,48.0,38.86,702.2,1,0.14,58.0,407.2,0.01,97.4,1
3.55,14.88,32.26,42.44,21.08,0.0,42.35,766.7,3,2.29,19.6,257.3,7.74,61.4,0
6.33,30.31,53.87,69.38,32.71,0.0,41.27,704.4,1,1.43,25.9,162.9,18.6,68.7,1
0.44,4.49,12.58,26.93,19.24,0.0,34.33,1107.4,2,5.55,15.4,40.0,0.35,64.5,1
5.35,44.87,99.86,80.63,50.21,13.55,43.78,719.3,3,2.88,20.9,58.3,0.0,96.2,1
5.49,37.35,87.9,84.1,48.17,10.47,25.18,2245.4,4,2.13,65.9,166.2,4.23,88.2,1
2.3,21.15,49.81,47.1,35.51,0.0,35.24,1800.1,3,4.67,33.8,27.0,23.71,84.8,1
5.39,32.83,84.81,81.9,42.34,11.11,34.36,2185.5,3,0.31,259.1,36.6,43.19,89.9,1
14.45,90.22,127.52,130.94,54.13,27.59,44.81,2081.8,3,0.85,389.1,436.3,6.27,99.3,1
3.78,15.59,26.63,60.1,22.43,0.0,18.83,1776.6,4,3.33,141.1,563.5,0.72,41.0,0
1.03,6.73,15.7,57.58,19.52,0.0,27.01,809.8,1,0.19,198.5,0.9,0.06,11.4,0
15.82,74.07,196.52,169.02,79.25,37.42,50.85,1592.2,3,4.93,35.3,357.1,2.55,100.0,1
9.43,39.28,92.68,81.2,35.39,3.01,15.34,691.2,1,2.46,131.2,500.6,44.89,66.4,1
20.97,91.55,181.17,159.3,70.24,37.68,42.92,578.2,3,1.04,7.2,134.3,27.63,98.9,1
4.84,41.88,79.83,98.42,40.41,9.98,30.05,1628.4,3,0.74,386.9,107.3,3.52,81.0,0
9.74,59.28,144.23,141.36,63.98,27.05,38.16,1611.7,1,0.29,133.1,452.0,7.29,94.0,1
3.7,26.56,64.76,77.84,29.58,0.0,48.02,628.9,3,0.18,45.7,1.4,49.02,79.9,1
9.15,61.86,139.18,104.98,59.05,21.17,38.49,1040.1,5,0.99,178.0,330.4,15.05,98.2,1
12.28,86.9,157.12,108.91,66.05,34.27,48.19,439.2,4,3.33,1.9,63.3,1.7,100.0,1
9.82,44.55,120.06,89.66,42.19,11.29,31.82,1803.0,4,1.37,56.6,184.5,27.43,98.3,1
3.33,21.22,46.09,78.41,26.46,0.0,32.94,2373.7,3,1.08,271.2,70.3,0.18,39.4,0
2.05,12.13,30.41,45.56,27.96,0.0,42.69,1853.8,4,0.69,36.7,133.2,5.29,49.2,0
5.37,21.75,36.98,67.51,33.44,4.14,32.26,2072.7,2,0.31,132.3,297.3,29.0,49.9,0
1.39,15.37,28.92,44.73,29.19,0.0,41.08,1300.3,3,8.31,53.6,36.0,2.03,90.0,1
4.15,25.48,66.86,78.2,42.08,7.92,46.06,500.7,3,0.05,59.8,196.3,31.01,86.5,1
7.33,34.63,50.9,39.17,27.78,0.0,43.38,1825.9,4,0.67,164.4,411.5,7.74,56.6,1
3.98,37.65,79.71,68.05,32.79,0.0,22.58,838.7,3,2.64,289.2,416.4,5.95,56.7,1
5.33,28.97,60.1,63.7,37.34,0.0,33.1,1115.4,1,1.32,21.9,404.2,0.57,56.4,1
5.44,45.06,110.48,105.19,43.56,12.25,38.4,1776.5,5,0.68,38.9,131.5,18.77,94.5,1
0.79,3.49,6.25,16.78,16.56,0.0,33.93,2200.0,1,8.87,80.3,262.8,18.48,70.8,1
1.64,12.11,20.67,52.84,31.38,0.0,36.67,1321.1,2,1.74,114.2,106.6,10.23,40.8,0
1.28,9.4,25.35,37.87,28.23,0.0,38.51,2319.4,3,0.63,75.7,111.0,7.32,26.5,0
5.58,30.74,67.64,85.75,35.53,0.0,31.52,1391.8,3,3.39,196.5,60.1,0.12,72.5,0
1.52,13.65,21.11,23.13,21.72,0.0,34.36,557.3,4,0.29,175.4,60.4,3.13,17.2,0
2.4,18.69,31.22,55.88,32.47,0.0,25.96,1388.7,3,1.12,62.4,6.9,6.54,42.4,0
3.46,22.91,64.11,59.87,39.22,4.96,31.94,2107.3,3,3.29,5.0,136.5,1.37,89.1,1
8.42,60.08,100.57,106.16,40.87,13.09,23.02,1429.9,2,7.41,26.0,66.5,1.45,100.0,1
0.45,2.67,6.03,27.02,12.0,0.0,36.99,1870.3,3,0.87,80.1,37.4,3.23,17.8,0
6.77,37.18,73.93,82.99,51.99,16.99,34.36,1450.7,3,0.27,314.9,23.4,7.9,84.6,1
8.07,45.74,120.74,125.53,46.47,13.34,28.22,1446.7,1,1.51,100.6,76.7,0.53,87.0,1
13.46,70.41,173.02,118.39,71.61,38.19,51.17,898.0,5,5.19,90.7,412.7,0.17,100.0,1
12.73,96.21,215.11,145.32,88.0,48.0,33.91,722.6,1,1.97,154.5,130.8,0.05,99.2,1
1.51,14.91,21.09,53.37,26.79,0.0,38.44,885.7,4,1.66,19.8,146.5,8.93,67.9,1
3.53,16.84,44.33,62.9,28.81,0.0,30.57,1225.8,5,0.67,19.1,10.1,2.63,62.2,1
19.23,85.62,173.17,130.74,59.93,28.81,32.48,2000.1,2,1.68,50.8,132.1,0.02,97.9,1
3.85,31.15,84.24,82.0,34.95,0.0,38.76,2040.9,2,3.89,632.3,198.3,1.37,75.5,1
6.19,41.5,86.9,63.37,46.59,13.07,33.18,643.1,3,0.85,250.4,29.4,20.75,84.0,1
6.54,39.68,94.11,74.83,55.06,19.35,36.03,1461.0,2,0.5,136.8,739.4,4.08,85.0,1
8.08,47.35,70.88,70.18,37.47,5.88,42.86,1173.7,4,1.18,59.5,444.0,2.73,91.6,1
20.06,104.41,255.1,208.35,88.0,48.0,31.6,1499.0,3,0.85,97.1,895.8,11.22,94.0,1
18.42,211.54,396.25,284.15,88.0,48.0,24.68,1660.0,5,1.14,43.4,80.4,0.0,100.0,1
11.56,57.07,107.96,101.56,46.11,13.73,23.03,887.2,4,0.18,134.6,311.0,30.78,100.0,1
1.17,12.93,20.26,57.49,27.32,0.0,48.23,2230.4,4,0.74,65.1,71.7,0.22,54.9,0
13.49,84.5,135.67,107.08,58.24,29.73,43.91,2264.4,1,3.15,15.4,248.9,8.93,98.8,1
2.16,9.78,16.23,47.08,22.09,0.0,41.57,521.3,2,0.92,29.1,531.6,3.83,32.0,0
2.33,14.88,27.68,61.77,27.66,0.0,32.29,1776.3,2,6.19,112.6,30.3,2.04,70.2,1
8.93,84.79,224.59,160.1,88.0,48.0,24.67,369.8,4,2.22,142.3,27.2,12.2,97.9,1
4.87,19.67,37.68,45.53,34.18,0.0,33.6,397.8,1,0.82,12.1,19.8,0.02,40.5,0
5.11,22.09,53.33,83.75,41.49,4.87,35.21,2311.4,4,0.52,198.2,288.2,5.82,62.2,1
2.67,12.65,19.17,61.7,19.85,0.0,26.38,1759.2,3,2.08,208.7,197.7,1.48,25.9,0
12.14,80.96,180.35,132.27,77.07,42.15,23.51,981.5,3,0.65,154.1,133.0,5.0,96.0,1
3.37,30.3,62.85,48.85,41.43,8.47,21.29,1706.7,3,4.71,138.1,267.6,19.27,89.7,1
9.81,40.86,113.15,90.74,42.69,5.52,41.59,2076.3,3,0.22,31.7,341.4,0.02,86.6,1
1.79,10.48,27.1,40.51,30.83,0.0,25.75,2128.9,2,0.05,302.5,537.5,10.36,11.8,0
11.34,50.43,102.72,91.62,45.68,11.94,38.63,343.1,2,0.45,37.5,40.4,9.35,91.9,1
7.69,55.65,138.31,122.75,49.45,24.97,32.62,2018.3,3,1.68,24.2,104.9,3.82,98.1,1
2.49,18.18,30.36,65.21,29.28,0.0,41.01,2091.7,4,3.24,122.1,461.5,12.03,83.0,1
7.25,29.28,64.04,61.49,41.16,6.13,38.85,1550.7,2,0.34,54.3,111.4,9.15,65.4,1
3.27,19.38,29.15,62.2,29.07,0.0,34.03,1307.8,4,1.58,324.4,120.4,28.99,63.0,0
13.73,132.13,249.37,171.3,88.0,48.0,37.11,533.1,4,0.28,74.0,513.9,0.72,96.5,1
4.65,39.62,68.0,51.09,37.06,6.63,35.06,803.2,2,1.49,21.5,238.8,10.85,83.1,1
16.12,99.54,239.53,183.38,88.0,48.0,30.77,1330.0,3,0.03,379.1,144.6,3.34,90.4,1
1.82,20.87,43.53,35.98,25.09,0.0,44.33,2116.7,3,1.47,86.9,79.6,1.16,41.9,0
8.8,55.46,135.97,111.04,63.31,29.89,32.4,1986.6,2,1.33,87.7,444.5,0.28,100.0,1
7.99,52.82,112.06,118.19,51.47,19.91,35.26,1341.5,4,0.08,58.5,1.6,11.29,91.0,1
11.76,55.34,84.17,70.58,38.44,2.8,23.97,1949.8,5,2.1,216.9,69.7,0.04,82.5,1
18.25,130.04,315.94,242.13,88.0,48.0,38.33,1908.0,3,1.53,40.7,525.6,0.92,100.0,1
4.99,20.21,51.88,52.33,26.17,0.0,30.81,1515.9,5,1.76,1.7,124.1,3.32,83.2,1
1.22,11.0,29.32,26.08,24.64,0.0,31.95,762.7,3,1.36,82.5,176.0,16.29,28.9,0
8.0,44.32,97.54,93.45,47.03,10.26,28.86,1030.8,3,2.3,312.3,136.9,0.02,86.4,1
5.49,57.6,141.41,134.49,50.29,11.29,34.95,644.5,3,1.34,38.3,91.2,14.91,94.7,1
7.7,37.61,92.24,83.38,48.87,18.33,18.94,315.0,2,4.6,37.2,197.0,12.39,96.7,1
2.5,10.03,16.22,43.32,18.76,0.0,41.8,469.1,1,5.17,160.8,261.8,0.01,48.5,0
7.82,35.66,58.12,83.28,27.56,0.0,35.67,1895.2,3,2.33,179.3,81.6,1.75,62.9,1
3.32,19.05,28.56,59.1,21.52,0.0,32.03,370.3,3,4.37,68.6,160.7,5.5,64.8,1
3.81,23.46,43.36,41.91,45.2,6.21,22.84,1139.7,3,4.62,215.2,15.5,5.56,78.7,1
9.3,41.9,86.44,94.19,32.33,2.51,39.68,2370.1,4,0.55,22.6,142.8,2.53,91.3,1
13.23,55.32,154.74,128.17,65.94,28.86,30.61,1970.0,2,9.19,54.9,247.9,13.81,99.0,1
3.57,14.4,28.84,57.31,23.57,0.0,47.1,1876.3,3,0.56,62.2,158.4,5.95,43.6,0
3.22,21.82,52.73,61.53,32.66,0.0,40.13,876.9,3,0.03,45.0,379.3,40.57,69.1,1
4.21,16.95,40.19,36.88,34.88,0.0,49.04,1647.6,2,5.9,29.5,60.7,1.76,88.2,1
0.86,8.04,13.55,39.46,27.12,0.0,37.16,1347.3,5,0.46,49.5,121.8,7.55,45.5,0
8.02,65.13,96.51,89.88,42.94,14.96,45.16,1610.0,4,1.58,2.2,16.5,0.63,100.0,1
8.23,86.55,187.34,150.07,64.31,33.97,39.93,1215.2,1,6.35,145.8,216.7,0.39,96.9,1
2.13,16.84,40.09,70.61,34.96,1.32,32.17,1415.0,4,0.09,138.2,105.3,3.55,50.0,0
12.32,58.51,163.67,151.65,69.14,28.67,37.59,2375.6,3,0.56,71.8,136.0,0.54,95.9,1
20.51,91.16,173.4,138.12,66.84,32.8,28.91,991.6,3,1.69,46.8,24.7,0.66,93.2,1
16.51,77.71,206.32,159.62,80.42,47.44,53.58,754.6,5,2.59,68.3,1068.1,8.97,98.3,1
2.71,14.47,27.99,46.38,25.16,0.0,35.14,1241.8,3,2.96,330.8,266.1,1.45,38.5,0
18.85,112.64,266.41,201.55,88.0,48.0,36.22,1401.1,4,3.88,111.0,92.1,14.22,97.3,1
5.53,27.6,61.76,87.91,37.32,0.0,39.31,479.8,5,0.33,157.7,151.9,0.0,66.7,0
3.66,25.0,36.85,58.18,33.43,0.0,26.76,1992.5,2,0.83,31.3,173.6,0.0,38.0,0
1.33,5.95,8.98,23.32,24.37,0.0,47.23,1186.3,1,2.25,11.9,582.9,5.12,47.1,0
7.19,36.86,52.67,63.16,37.8,10.94,27.28,1167.7,3,2.26,10.4,263.3,7.77,89.5,1
1.11,5.61,10.76,40.22,18.45,0.0,25.36,1683.6,4,0.66,76.6,77.4,0.01,17.0,0
4.23,24.74,60.47,73.1,46.42,13.9,34.58,1923.8,4,0.65,151.3,684.6,3.56,79.1,1
6.05,26.24,43.09,59.35,30.01,0.0,25.13,2370.5,4,0.7,178.5,64.7,0.87,33.4,0
8.38,68.23,153.39,112.7,62.24,30.13,49.28,664.4,3,4.01,152.9,154.8,5.48,96.9,1
12.6,87.0,156.98,108.55,56.04,23.58,34.04,1025.7,4,4.32,292.7,217.1,0.05,95.7,1
4.97,23.44,58.97,58.54,35.35,2.42,14.0,653.3,4,0.03,6.4,56.9,28.45,65.7,1
11.68,71.35,179.63,141.0,73.49,38.95,37.7,2149.8,3,0.71,232.0,563.7,23.48,98.2,1
17.28,74.76,185.82,128.57,76.61,44.41,40.7,1451.8,2,0.9,129.7,43.8,3.54,99.8,1
7.18,51.71,110.38,113.42,60.28,25.08,32.42,2090.1,3,7.27,23.2,104.9,5.17,95.2,1
1.63,11.4,20.5,33.81,28.86,0.0,24.47,2369.0,4,5.19,137.6,35.7,15.22,68.2,1
12.05,52.15,132.11,131.99,58.65,23.41,35.12,1455.4,3,1.78,86.0,374.3,12.16,96.4,1
17.06,107.33,178.22,127.79,67.22,39.91,31.91,548.1,2,0.08,53.4,45.1,10.67,99.3,1
7.57,45.11,81.46,60.51,38.84,8.78,27.71,1058.7,2,0.38,34.2,6.4,1.72,66.8,0
3.15,23.03,38.18,51.52,36.51,0.0,26.96,376.0,4,1.03,74.9,7.1,12.67,55.9,0
4.75,37.38,87.62,70.47,50.24,9.83,37.33,2083.5,5,5.75,32.8,96.1,0.22,98.3,1
7.09,37.03,87.42,104.01,38.02,5.15,43.68,337.6,5,0.18,10.4,133.2,14.07,87.4,1
3.09,30.79,71.23,51.77,44.28,12.58,39.92,1543.6,3,2.82,224.6,7.7,7.74,88.5,1
1.57,6.85,13.57,32.39,27.7,0.0,21.31,522.9,4,0.38,107.8,17.5,1.14,10.3,0
5.0,23.52,36.23,70.25,23.46,0.0,41.23,315.9,1,1.28,54.2,18.5,10.24,48.7,0
6.56,58.34,156.09,123.76,66.95,30.45,42.57,837.9,4,2.62,71.0,198.7,14.82,97.5,1
15.67,79.14,167.06,117.78,60.48,24.84,47.85,1458.9,3,2.12,240.1,64.2,0.29,98.7,1
1.73,9.46,18.64,30.74,12.0,0.0,27.93,457.7,4,2.69,46.3,148.8,13.61,43.4,0
12.2,109.55,243.67,185.8,87.27,48.0,35.52,1591.3,1,3.02,57.4,13.8,0.0,99.7,1
3.54,28.0,46.76,43.72,34.64,0.0,40.82,1711.2,4,0.66,174.3,400.8,19.38,63.2,0
5.72,38.28,60.69,65.44,36.3,1.48,31.52,2336.4,3,0.81,26.9,65.3,14.09,76.1,1
11.01,55.34,108.9,113.42,67.69,33.48,40.69,2189.0,2,3.04,129.2,271.1,5.18,95.4,1
11.09,58.81,101.04,109.95,50.57,15.42,35.8,1490.3,3,0.07,68.4,315.5,26.27,100.0,1
18.62,109.25,190.31,130.92,74.17,48.0,28.81,1966.1,2,1.3,83.2,794.7,0.07,97.5,1
4.35,20.65,54.72,47.81,37.9,1.33,29.53,1063.6,3,4.56,185.5,243.2,0.5,70.6,1
15.3,73.27,157.02,119.45,61.32,27.9,46.62,1530.0,3,3.89,597.7,105.3,0.44,98.2,1
1.28,6.92,14.38,41.12,29.6,0.0,27.53,1147.0,3,2.94,213.7,29.8,14.06,35.2,0
10.34,48.38,114.43,95.62,54.21,22.15,26.07,1007.8,4,0.04,21.0,8.8,16.53,90.9,1
7.87,57.5,157.1,145.09,65.88,35.41,38.93,1828.0,5,3.94,30.5,391.3,2.02,98.3,1
11.81,51.37,79.98,89.24,38.65,5.93,35.74,923.0,2,4.37,63.3,106.5,2.58,97.5,1
3.35,18.14,46.56,39.78,23.65,0.0,24.85,1099.2,2,1.96,152.4,249.5,43.89,42.7,0
17.82,81.08,179.81,149.98,67.34,35.71,31.58,1071.1,3,0.64,85.4,123.5,2.68,100.0,1
1.64,9.48,15.22,19.98,25.96,0.0,29.06,2127.8,2,1.21,278.5,381.1,14.68,21.5,0
0.73,6.24,11.33,23.84,20.5,0.0,30.55,657.8,4,2.59,6.0,249.3,5.7,58.3,0
8.04,46.67,96.85,75.96,48.87,11.25,57.46,1101.1,3,3.02,35.9,16.1,4.47,96.8,1
3.77,26.32,62.33,53.3,36.06,0.0,33.43,2164.5,3,0.76,29.7,251.1,1.39,53.9,0
13.81,69.56,121.01,111.4,56.47,27.78,28.51,332.1,2,0.71,163.6,55.9,4.18,96.9,1
3.98,24.72,53.11,64.88,29.01,0.0,53.19,2290.5,4,2.4,75.0,266.9,2.06,84.1,1
3.31,14.89,35.12,35.75,30.99,0.0,43.55,2187.7,5,2.09,1.8,534.0,16.25,87.2,1
15.14,77.54,157.28,151.79,60.19,23.56,42.16,1177.5,3,1.3,178.2,479.0,28.29,96.3,1
6.05,30.8,80.32,76.19,33.26,0.0,28.92,1671.4,5,0.98,53.9,24.0,2.9,69.8,1
1.98,16.97,44.4,38.23,31.44,0.0,46.13,2381.2,1,1.93,36.2,10.1,3.6,51.3,0
14.06,56.86,117.07,86.52,62.0,26.32,42.94,1465.4,1,0.06,24.2,270.1,2.66,96.8,1
7.46,33.45,92.39,91.33,37.12,6.09,37.25,503.5,5,0.14,350.3,222.8,9.86,83.2,1
7.77,36.27,54.62,84.56,36.01,0.41,21.41,2092.6,4,1.53,341.8,34.9,0.24,61.2,1
3.48,25.56,35.91,54.08,34.84,4.49,35.83,581.7,2,0.42,9.6,207.7,2.34,63.6,0
10.66,62.34,120.5,126.03,67.54,27.72,50.7,840.3,3,2.68,31.8,2.8,10.14,99.8,1
6.87,66.51,149.09,121.89,58.79,24.9,37.87,2134.4,3,2.66,124.7,179.5,8.84,98.8,1
9.34,54.42,124.13,105.3,50.96,19.84,32.8,837.7,4,2.23,133.2,321.4,22.2,97.9,1
0.48,4.61,9.53,33.7,15.67,0.0,34.06,1864.7,4,4.21,64.9,184.8,1.76,55.1,1
11.69,67.18,105.8,105.15,56.47,23.07,34.65,1240.1,1,0.27,100.9,12.2,19.47,99.7,1
9.42,49.5,81.12,74.27,37.51,8.31,29.2,1895.5,4,0.54,145.5,847.3,0.45,77.4,1
7.83,53.53,138.81,134.1,56.64,24.61,35.65,787.9,3,0.52,360.7,79.2,19.22,97.4,1
3.73,22.61,59.14,44.76,25.46,0.0,48.26,1181.1,3,2.75,155.0,86.2,6.37,70.2,1
19.33,84.47,197.95,153.46,80.73,48.0,47.3,968.1,3,1.33,14.0,15.9,1.54,98.4,1
5.03,51.05,118.94,105.31,60.25,26.98,29.59,823.0,3,0.52,151.8,32.9,6.2,98.4,1
1.41,6.58,14.72,41.88,29.2,0.0,46.85,960.3,2,0.26,8.4,56.9,5.59,50.2,0
2.65,24.31,40.94,44.03,21.83,0.0,42.47,978.3,3,4.02,83.8,289.0,3.04,75.4,1
7.31,84.82,169.6,134.48,71.13,36.68,41.38,2306.3,2,2.12,89.8,211.8,9.48,100.0,1
1.78,15.91,37.78,51.36,20.54,0.0,39.67,1419.8,1,1.35,180.8,157.7,2.77,22.7,0
24.15,114.95,247.4,196.72,88.0,48.0,28.09,1270.3,3,6.06,1.4,359.0,37.92,100.0,1
7.06,47.4,67.59,83.74,40.16,7.55,32.55,1357.0,1,3.41,249.3,1101.9,0.4,86.4,1
9.1,39.86,109.02,109.07,52.39,13.31,43.08,2391.9,3,0.35,130.8,87.4,2.83,90.5,1
3.16,18.67,48.21,51.71,36.71,0.0,25.74,1672.5,1,1.28,3.8,89.3,29.77,66.9,0
0.87,10.37,18.3,61.87,25.08,0.0,27.15,1777.3,3,1.2,20.9,239.8,2.87,42.4,0
21.07,104.39,236.23,196.74,74.37,47.27,38.6,958.6,5,3.35,4.8,186.1,2.74,96.6,1
2.44,24.7,66.49,59.92,41.83,6.33,29.29,1290.2,1,0.29,174.3,2.4,15.2,40.8,0
12.98,60.6,92.98,74.22,46.62,17.98,43.0,686.5,3,1.08,22.5,191.8,12.42,100.0,1
2.63,24.24,51.0,52.28,28.87,0.0,29.59,1738.9,4,1.82,5.6,228.9,1.58,73.8,1
1.32,9.53,19.43,37.99,16.02,0.0,38.08,1023.4,2,5.23,17.8,767.6,40.08,85.8,1
1.02,4.85,9.57,49.51,31.92,0.0,38.79,1871.4,3,4.13,98.4,159.1,12.38,64.5,0
8.05,33.25,85.45,95.57,51.31,14.94,31.9,747.6,2,1.37,82.1,207.6,3.43,82.2,1
20.43,142.75,275.93,222.66,88.0,48.0,33.96,1147.4,2,1.68,33.9,279.8,1.32,99.8,1
6.77,30.63,45.61,46.89,28.71,0.0,30.22,1289.5,4,3.44,343.6,18.2,1.47,64.8,1
2.48,22.05,32.9,53.09,14.11,0.0,35.84,649.7,2,2.46,231.6,238.8,0.09,38.4,0
4.49,20.66,30.16,37.35,33.03,0.0,27.83,446.1,3,3.81,45.3,142.5,37.46,75.1,1
7.37,38.43,75.81,59.18,43.43,6.96,34.1,965.8,2,4.07,77.2,19.0,13.3,90.1,1
3.02,26.74,64.33,77.6,35.76,0.0,42.36,1444.3,2,3.22,87.3,199.5,0.01,75.6,0
10.84,82.46,138.97,101.77,65.66,31.08,26.34,1670.6,2,0.02,169.4,48.1,1.27,97.0,1
2.88,28.11,64.8,77.17,43.23,10.36,31.86,1193.1,3,0.67,67.0,139.0,13.07,83.8,0
5.22,35.96,84.93,89.37,44.84,14.71,40.41,1350.6,3,0.93,94.9,59.4,3.62,86.9,1
1.51,13.19,23.18,56.53,26.7,0.0,18.34,1440.7,4,2.04,63.8,19.9,26.72,47.3,0
29.22,154.21,345.56,235.89,88.0,48.0,51.77,1375.0,3,0.66,172.7,52.0,22.87,100.0,1
5.42,21.78,51.37,73.65,38.46,4.29,44.88,489.7,3,0.7,97.4,104.0,3.76,62.1,0
0.48,5.89,12.1,57.83,18.24,0.0,22.92,1150.5,4,0.92,211.1,122.7,2.04,17.9,0
8.39,48.82,91.36,102.68,48.14,17.54,18.11,729.1,5,5.6,6.6,28.9,35.04,94.0,1
7.75,43.67,98.99,103.17,42.19,9.29,36.25,1420.8,3,1.03,281.6,69.7,20.36,84.1,1
5.64,23.97,66.36,77.93,46.6,9.61,26.48,1892.0,5,0.27,205.4,353.1,2.45,70.3,1
3.62,21.79,43.52,52.27,35.38,0.0,44.17,1516.9,3,0.01,204.8,434.2,11.67,40.7,0
9.29,53.85,104.92,106.07,45.25,9.7,39.35,765.8,4,0.49,18.1,137.9,17.04,94.0,1
2.3,14.39,29.49,56.76,28.74,0.0,37.05,736.3,3,5.03,36.7,121.3,8.57,80.7,1
8.22,65.35,98.47,97.42,42.45,15.59,31.15,377.7,4,5.58,471.0,156.8,7.55,100.0,1
4.02,44.94,97.72,104.35,56.39,20.23,49.6,1195.4,3,1.36,360.1,43.5,33.11,99.3,1
3.26,21.82,40.6,51.58,41.1,3.01,42.4,1209.0,4,1.87,30.8,908.5,1.18,80.6,1
3.05,34.33,53.9,45.49,39.27,0.0,41.13,796.5,3,2.86,68.1,246.2,46.18,94.1,1
2.47,14.25,29.25,49.17,37.53,0.0,46.2,1904.9,4,0.1,20.3,49.1,7.85,57.4,1
6.9,52.21,73.35,64.6,41.45,6.75,27.34,1111.6,5,0.84,36.6,57.2,23.28,87.1,1
5.53,32.38,63.55,63.61,42.38,4.49,46.92,1705.7,2,1.85,24.5,188.2,0.04,80.5,1
2.16,21.02,32.55,26.94,36.46,1.14,33.75,1644.1,3,4.11,10.1,70.2,2.48,86.4,1
8.34,34.95,50.12,54.81,34.0,0.51,38.85,1570.0,1,2.34,104.0,79.0,4.53,61.7,1
45.27,195.08,498.28,365.28,88.0,48.0,34.67,2206.9,2,0.78,33.1,273.3,13.77,99.4,1
2.53,22.54,60.48,68.74,42.54,1.64,20.04,333.4,5,4.33,583.1,55.9,13.49,88.3,1
13.77,99.48,168.2,114.77,70.97,37.35,44.14,442.9,3,1.97,86.9,219.9,4.38,100.0,1
4.86,26.36,56.81,63.07,31.37,2.05,20.49,1816.5,3,3.19,53.4,491.7,2.97,65.3,0
0.86,8.9,15.93,28.47,12.0,0.0,27.78,1042.4,4,0.88,293.2,23.9,4.6,10.9,0
2.62,18.71,39.12,51.92,29.9,0.0,32.15,2371.7,3,0.0,116.3,28.0,5.16,29.4,0
3.68,30.03,60.39,62.46,24.33,0.0,19.39,754.5,2,0.33,16.3,515.2,0.01,34.9,0
2.53,10.75,19.11,59.36,19.4,0.0,26.64,685.2,2,4.72,82.7,41.0,13.69,58.7,0
3.26,14.5,34.52,29.29,24.42,0.0,38.08,1535.3,3,0.06,69.8,3.8,32.56,37.4,0
17.61,98.59,155.49,136.83,60.13,32.85,33.05,886.8,2,1.63,173.8,365.2,3.94,96.8,1
11.47,68.07,100.35,108.52,53.02,23.5,33.75,1015.0,2,0.95,142.0,59.7,4.93,96.3,1
11.97,50.25,124.36,129.0,61.05,26.78,28.22,2234.2,3,1.01,55.6,63.8,25.02,100.0,1
1.98,8.31,19.39,25.6,28.48,0.0,36.39,355.1,4,0.92,76.1,46.3,0.87,31.3,0
1.61,6.56,13.77,37.86,27.65,0.0,33.24,1415.6,1,0.13,87.8,449.5,0.44,7.5,0
1.39,13.67,28.1,25.22,31.8,0.0,22.05,1003.3,4,0.23,65.9,268.0,0.86,20.5,0
5.59,52.11,109.23,98.47,35.6,1.91,34.29,1026.6,3,0.12,13.7,163.5,4.57,82.4,1
20.33,104.23,209.69,146.94,78.77,48.0,25.44,820.4,1,0.1,283.0,108.7,8.76,99.4,1
5.32,30.9,60.26,81.87,26.09,0.0,43.63,583.2,3,0.16,134.0,27.9,4.19,61.6,0
1.12,13.51,28.36,28.56,31.0,0.36,32.67,372.4,3,2.15,76.1,468.6,14.14,47.4,0
3.21,35.43,75.83,77.38,28.67,0.0,57.43,2374.2,4,0.22,101.2,249.3,0.0,76.7,1
3.53,15.29,36.22,51.99,29.06,0.0,44.22,1686.8,5,0.55,28.8,58.9,26.57,85.3,1
4.81,21.12,50.59,81.61,37.45,0.0,34.89,1932.1,2,1.93,90.7,530.4,1.78,54.6,0
6.13,43.56,84.0,89.08,36.81,9.21,40.93,436.5,4,0.21,164.5,492.5,4.23,81.1,1
10.31,44.53,88.13,75.24,50.45,12.14,18.24,331.2,3,4.34,91.5,193.9,0.09,90.1,1
0.83,4.6,8.84,21.58,25.52,0.0,44.18,1560.6,2,1.17,78.6,756.0,0.7,19.7,0
3.05,14.05,30.22,30.41,30.75,0.0,29.03,1820.0,2,5.94,74.5,37.3,11.35,73.4,1
29.2,191.3,389.24,292.05,88.0,48.0,36.76,1129.2,4,0.38,172.1,236.6,4.36,98.7,1
1.32,13.25,35.06,58.87,27.66,0.0,29.82,1114.3,2,0.06,168.0,29.7,0.92,12.9,0
1.88,12.26,29.11,51.36,29.06,0.0,30.72,1107.4,3,1.61,166.4,211.8,4.76,30.4,0
3.04,19.26,51.19,40.11,34.39,0.0,34.46,620.8,4,0.72,33.9,454.3,16.96,62.4,1
1.04,5.99,14.34,48.65,23.94,0.0,36.65,1883.2,4,1.53,115.4,138.3,30.53,50.7,0
1.76,17.94,49.52,66.07,29.83,0.0,35.77,751.9,4,1.16,181.1,259.2,21.24,57.0,1
17.58,70.74,162.01,153.68,57.91,23.78,35.98,981.3,2,1.1,99.0,27.8,17.15,96.2,1
2.4,19.79,54.39,66.78,33.21,0.0,22.18,1709.6,3,3.43,181.1,180.5,2.95,54.8,0
2.52,22.15,35.92,42.03,27.71,0.0,55.82,300.2,5,0.38,231.2,11.7,8.44,63.9,1
7.93,46.78,68.93,66.97,34.88,0.93,37.97,1909.1,1,1.25,22.9,6.8,0.0,71.3,1
6.24,36.42,80.51,65.24,47.65,13.13,39.72,2188.1,4,0.97,43.9,181.0,7.95,90.5,1
11.22,72.5,201.33,168.4,69.34,37.46,33.11,408.4,2,2.02,110.3,153.1,1.13,98.4,1
15.71,74.4,147.66,132.82,60.31,26.38,28.57,1542.4,4,0.09,41.0,71.9,16.66,100.0,1
0.67,3.99,6.77,18.43,28.89,0.0,37.28,1157.8,4,1.36,340.4,129.5,15.43,28.0,0
12.41,67.56,143.91,105.68,65.75,33.98,38.46,464.8,5,1.17,25.9,207.6,3.89,100.0,1
4.99,24.58,56.73,45.34,43.18,8.56,47.07,1732.7,3,6.54,53.0,186.3,5.43,92.0,1
13.98,165.97,305.6,244.68,88.0,48.0,53.66,1585.9,4,2.54,620.2,13.8,2.05,100.0,1
6.55,36.98,88.79,73.2,49.57,16.02,48.55,1649.6,1,0.3,25.2,204.0,9.21,89.6,1
35.45,153.92,425.62,297.14,88.0,48.0,20.98,2008.3,3,1.28,71.5,193.9,10.77,100.0,1
5.29,63.73,169.25,127.63,65.73,33.35,32.09,902.5,3,2.76,45.2,199.3,2.52,100.0,1
3.61,24.22,43.79,52.08,31.17,1.16,38.85,1721.8,3,1.34,199.2,338.3,1.35,53.5,0
9.58,40.33,74.9,85.82,37.52,4.92,32.6,1861.0,3,0.79,43.5,154.7,0.52,77.4,1
24.2,172.81,331.82,259.86,88.0,48.0,35.63,654.5,5,0.85,21.1,500.2,0.56,100.0,1
12.28,77.71,151.72,111.84,59.52,24.92,17.77,2309.8,1,0.82,324.6,704.2,1.08,96.7,1
3.7,15.0,23.1,50.91,20.57,0.0,43.77,1014.0,2,0.04,45.8,250.9,61.58,55.3,1
6.57,57.68,142.28,113.35,64.98,30.96,20.06,1798.8,5,2.36,162.5,80.0,15.07,100.0,1
1.6,17.55,33.54,70.92,28.3,0.0,22.63,1883.4,3,1.7,41.2,27.8,16.64,51.8,0
2.65,11.74,30.89,38.53,29.86,0.0,27.38,1358.5,3,0.56,23.6,308.8,27.86,41.7,0
5.27,23.16,62.49,45.94,38.48,4.91,35.17,570.3,1,1.79,194.6,28.5,1.36,43.1,0
1.92,12.0,17.21,39.39,25.15,0.0,22.21,878.9,2,0.66,6.9,28.4,0.14,24.5,0
11.07,66.12,184.07,131.43,72.1,36.14,26.99,791.9,1,0.5,48.4,452.5,3.89,100.0,1
5.84,26.31,62.99,47.94,35.8,0.0,45.77,1389.1,2,2.43,181.7,147.7,0.58,61.2,1
14.08,68.49,145.77,131.18,69.33,37.9,35.04,848.7,3,2.98,86.1,62.5,0.04,96.3,1
1.01,8.08,15.73,48.17,28.97,0.0,39.69,1448.2,4,1.77,140.4,593.4,1.78,39.8,0
2.3,27.8,59.11,64.15,36.66,0.0,25.49,905.2,4,2.76,8.3,221.2,22.32,92.5,1
2.53,15.65,29.01,54.32,25.44,0.0,35.54,302.1,2,0.82,166.3,137.8,5.85,27.0,0
4.19,18.54,42.12,56.6,31.08,0.0,34.85,1062.8,3,0.13,22.6,71.9,2.63,45.3,0
1.85,7.95,12.17,41.25,25.91,0.0,29.24,1574.4,3,1.67,198.5,203.2,0.43,24.5,0
3.19,13.14,29.83,51.24,37.35,3.04,35.57,1924.8,1,0.53,99.7,236.3,3.43,29.0,0
8.91,38.82,69.31,80.01,31.17,0.0,19.92,359.6,4,2.7,161.3,224.1,2.25,72.0,1
4.67,26.12,37.22,38.17,34.38,0.0,39.73,842.5,3,0.8,28.7,39.1,10.4,60.2,1
4.21,27.04,58.79,55.3,43.22,7.35,32.6,2369.5,5,2.0,60.4,215.1,9.68,81.6,1
5.95,28.08,62.05,65.13,28.45,0.0,33.81,849.8,2,1.45,194.4,156.8,3.88,40.2,0
15.3,74.37,148.54,121.62,60.5,29.52,43.24,1932.1,2,3.06,290.0,341.6,7.45,100.0,1
14.69,85.66,128.6,123.44,49.62,24.35,39.67,1369.7,3,3.21,30.8,176.4,2.24,98.3,1
2.97,31.3,82.97,75.47,45.82,3.78,33.29,556.6,2,0.13,189.2,28.5,18.01,63.5,1
3.4,14.33,32.32,33.32,26.9,0.0,26.51,1651.1,4,0.63,13.8,69.0,0.22,41.9,0
1.22,7.75,12.1,24.18,22.61,0.0,47.29,2329.3,5,3.68,66.6,245.1,21.25,78.5,1
16.31,115.08,243.43,172.89,85.69,48.0,24.61,2162.3,1,0.93,335.1,242.4,13.83,96.7,1
0.45,2.4,5.03,41.19,25.73,0.0,41.35,1749.6,2,1.3,348.3,45.4,31.67,31.4,0
3.18,16.33,24.25,41.93,28.16,0.0,22.42,1375.5,2,0.36,42.2,78.8,4.25,18.2,0
2.33,20.1,45.21,66.28,34.04,0.0,43.8,970.6,3,1.45,25.7,2.8,1.53,72.0,1
4.92,22.12,55.99,60.12,36.64,0.0,44.59,1049.6,3,0.55,19.4,72.5,10.98,76.7,1
2.61,20.17,49.38,77.14,37.26,0.26,19.74,1027.0,4,3.18,78.7,4.8,3.3,68.9,1
7.06,63.18,106.41,118.42,48.22,19.26,39.82,2236.4,4,0.4,11.6,371.3,0.93,99.4,1
1.61,10.79,28.14,53.44,38.08,2.04,39.12,743.8,3,0.8,53.0,197.7,3.21,44.0,0
10.05,49.22,92.51,104.01,38.5,4.45,41.98,1093.9,3,0.18,2.1,626.1,23.7,99.4,1
4.0,16.4,44.69,56.91,22.16,0.0,39.1,1207.1,4,1.6,36.0,400.5,15.1,64.6,1
1.21,5.56,8.34,52.48,12.0,0.0,27.82,1158.7,3,5.12,276.6,166.5,5.76,40.4,0
20.63,86.02,178.98,158.76,57.64,26.61,34.15,308.8,1,0.34,71.1,125.8,20.73,92.6,1
1.82,17.52,39.17,75.09,35.01,0.0,50.15,869.0,2,0.04,9.2,387.3,5.26,69.7,1
6.32,68.66,119.93,110.99,56.89,30.86,26.58,1347.0,1,0.99,124.9,63.8,16.22,99.8,1
6.88,39.38,97.65,103.54,54.59,15.74,38.74,1897.0,3,2.48,373.8,45.5,4.31,91.9,1
1.8,13.92,31.7,50.04,22.54,0.0,45.79,1495.9,3,6.65,74.7,95.0,0.3,86.7,1
26.11,118.27,168.57,126.23,71.67,48.0,27.58,1108.2,1,0.09,117.5,9.8,0.19,94.2,1
4.8,24.72,55.67,57.15,35.93,0.9,23.96,1696.8,4,2.77,302.2,64.7,1.74,57.2,0
18.8,76.73,160.22,149.37,65.86,33.19,25.24,1698.4,3,0.83,65.2,15.7,13.42,96.4,1
1.01,8.17,13.68,16.41,27.58,0.0,39.36,820.6,2,0.3,131.1,9.7,8.65,13.5,0
12.97,79.76,222.84,176.46,77.86,42.63,25.17,517.9,4,0.38,69.7,144.3,23.49,100.0,1
0.7,4.24,11.27,29.09,38.68,4.33,34.85,1986.7,4,4.64,392.8,221.7,17.71,75.2,1
4.43,36.75,66.51,65.63,46.61,12.19,47.66,1412.5,2,2.98,84.1,138.5,5.1,95.0,1
11.85,65.71,141.77,136.96,56.51,23.97,35.56,670.7,5,0.67,260.2,13.2,6.49,100.0,1
16.47,106.01,195.39,170.42,68.16,43.78,29.39,850.3,2,5.07,84.9,90.4,17.33,100.0,1
14.49,92.91,230.94,182.06,84.14,48.0,37.07,1909.5,4,0.2,132.5,21.2,4.95,97.9,1
9.47,66.85,180.66,134.71,71.68,36.51,35.42,1671.9,5,0.7,58.6,189.0,4.39,100.0,1
6.81,82.15,156.28,127.98,70.15,38.6,39.85,2284.8,4,1.9,299.5,315.2,1.93,98.9,1
2.21,13.07,33.04,44.85,22.24,0.0,49.76,1276.4,4,13.41,124.9,22.3,6.81,98.0,1
2.91,21.25,44.57,49.88,34.19,0.0,39.37,409.6,5,1.13,2.4,12.5,24.58,98.7,1
1.86,23.21,45.37,39.12,23.53,0.0,53.29,1770.9,2,3.0,1.9,93.7,29.66,91.9,1
3.54,26.74,72.58,76.61,42.94,8.18,39.87,835.3,2,4.46,135.3,65.1,21.89,95.3,1
2.61,20.47,43.28,46.71,31.47,0.0,29.48,980.1,3,0.02,14.6,54.4,0.08,39.8,0
5.13,34.94,71.77,81.39,51.72,15.43,55.45,713.0,4,0.61,151.1,42.7,13.0,100.0,1
1.84,17.97,42.08,46.72,22.51,0.0,34.94,948.8,3,0.19,46.6,68.6,36.63,44.2,0
8.03,48.27,85.23,79.8,52.09,14.81,27.03,2041.9,5,2.69,92.9,605.4,13.12,100.0,1
2.86,14.47,26.83,24.8,17.29,0.0,55.75,1511.1,2,1.51,23.0,350.9,4.91,45.5,0
4.6,24.57,66.46,92.86,30.65,0.0,29.77,529.2,4,0.18,33.9,165.5,1.73,56.2,1
7.46,34.41,80.87,80.41,32.58,0.0,29.43,1531.9,5,0.98,68.9,290.1,1.01,73.8,1
9.7,61.85,158.18,108.91,65.79,27.9,31.31,1630.5,3,1.3,131.4,2.7,2.19,100.0,1
10.18,60.51,107.68,99.34,43.11,10.88,37.4,2158.1,5,2.15,20.3,21.3,6.57,95.8,1
8.44,38.74,83.73,98.59,35.35,0.0,43.91,2105.3,2,2.72,39.6,62.3,44.9,93.9,1
3.19,20.86,57.57,77.19,37.34,1.44,14.0,432.0,5,0.17,27.8,185.9,0.33,53.2,0
5.88,29.5,54.47,71.94,37.96,5.42,43.88,2120.1,5,1.2,238.2,386.8,51.76,97.8,1
0.53,3.43,5.57,14.89,21.8,0.0,31.29,406.9,1,0.32,125.3,47.3,0.0,6.7,0
4.52,29.93,63.32,75.75,36.76,3.23,32.49,623.7,3,2.52,75.8,27.0,3.04,75.9,1
4.68,22.35,43.43,67.71,43.13,4.48,50.58,534.3,3,1.93,352.4,339.0,9.7,85.2,1
1.36,12.37,20.08,43.81,26.5,0.0,37.81,681.6,1,2.31,159.7,94.7,7.68,29.1,0
3.22,23.37,61.79,85.34,42.14,5.33,39.81,1986.9,1,0.14,323.0,216.4,28.51,59.6,0
14.4,121.93,339.83,238.35,88.0,48.0,35.59,1740.9,1,1.29,109.2,142.9,5.68,96.9,1
17.26,122.36,268.71,190.56,88.0,48.0,42.49,1742.6,3,3.31,17.8,34.8,0.31,94.9,1
2.34,19.61,48.73,75.81,36.94,0.0,49.75,2236.5,3,2.25,135.0,217.1,0.15,77.0,1
2.18,12.2,31.74,53.77,24.95,0.0,14.96,1122.9,5,3.56,27.0,98.3,2.91,60.8,1
1.86,8.64,20.57,18.44,25.21,0.0,45.22,306.9,3,0.42,51.0,61.1,3.73,29.8,0
5.03,23.53,34.4,43.25,31.46,0.0,49.15,1643.5,4,0.61,85.5,419.4,3.46,61.9,1
16.47,116.05,188.08,165.86,61.01,29.55,40.26,2123.0,1,1.05,20.5,1.1,0.12,100.0,1
2.69,10.84,16.26,16.8,14.89,0.0,30.24,2350.1,4,1.33,2.5,93.4,16.14,57.5,0
10.74,59.33,83.89,59.67,48.94,18.69,26.21,1064.2,5,0.52,47.5,64.3,28.76,95.7,1
1.71,11.58,21.18,31.42,21.95,0.0,56.08,2026.5,3,0.86,208.7,10.1,0.62,36.7,0
33.06,148.88,290.22,234.77,88.0,48.0,28.31,2083.4,3,2.09,1.9,15.1,9.47,97.9,1
6.41,31.42,54.58,81.05,36.28,0.53,48.9,603.3,3,1.87,13.9,34.0,5.97,90.6,1
11.01,53.08,79.11,79.77,39.84,9.12,39.32,1626.1,3,0.21,197.3,126.6,21.89,89.2,1
2.64,23.29,49.88,62.32,36.47,0.0,53.39,663.6,3,7.65,43.8,59.8,2.06,99.6,1
7.59,47.52,84.72,75.01,43.41,2.4,33.29,1237.9,2,1.49,334.1,327.5,5.06,77.0,1
3.33,14.68,36.92,39.97,31.53,0.0,22.34,2146.5,3,1.19,57.4,49.4,9.58,33.9,0
1.11,6.7,9.46,47.83,18.44,0.0,36.02,1957.9,4,6.15,191.2,229.3,0.0,72.5,0
20.75,105.77,272.83,187.12,88.0,48.0,23.37,1497.7,5,0.27,35.9,42.5,1.21,96.9,1
16.62,92.37,252.78,191.24,88.0,48.0,58.0,1998.3,3,1.41,7.7,7.8,3.32,99.8,1
17.58,78.78,189.28,156.58,69.59,37.34,41.35,620.9,1,2.94,256.0,55.3,5.19,97.5,1
6.05,47.11,114.33,83.98,57.5,24.51,42.61,709.3,2,0.92,314.6,327.1,1.09,96.8,1
11.67,65.63,177.67,143.86,69.44,38.08,42.62,738.6,5,2.4,147.8,15.4,5.45,100.0,1
1.67,16.5,27.93,49.15,32.23,0.0,30.1,1929.6,5,4.13,176.4,76.0,4.9,76.4,1
5.2,26.36,73.6,86.25,41.38,5.68,34.88,2171.0,2,0.55,0.9,1.4,28.69,92.1,1
4.82,23.57,58.52,53.61,36.19,2.15,36.94,1482.0,5,0.5,168.2,179.1,0.54,60.5,1
3.09,35.41,85.6,73.84,46.07,11.86,52.52,2311.7,5,0.81,76.7,514.9,0.08,93.7,1
4.25,21.82,41.57,57.65,38.92,0.0,26.16,1828.9,3,0.98,72.4,87.3,0.34,38.6,0
1.29,8.59,18.59,61.32,26.62,0.0,29.81,1483.7,4,0.21,93.2,154.8,0.52,27.6,0
4.59,45.42,105.18,83.15,52.32,10.96,32.92,1584.3,3,0.47,38.0,108.4,39.72,98.9,1
9.32,61.56,139.65,140.14,56.89,25.89,30.27,2084.0,3,3.72,143.0,652.4,0.59,97.6,1
2.39,21.14,50.47,69.95,43.56,5.01,23.6,489.4,2,1.5,42.0,239.7,14.21,60.9,1
1.92,12.72,19.27,54.7,29.24,0.0,14.0,652.8,3,0.56,98.1,8.1,0.09,17.2,0
1.69,11.62,22.05,23.36,26.64,0.0,20.47,859.2,5,5.18,17.7,20.7,0.91,74.4,1
2.6,12.64,25.37,35.01,26.37,0.0,45.34,2179.0,4,2.68,134.9,114.4,2.09,58.5,0
4.54,21.46,37.88,32.22,36.47,0.0,35.93,2284.4,3,0.81,25.2,179.8,0.58,47.1,0
6.84,37.36,61.34,61.59,33.54,0.0,43.1,1048.0,3,2.61,22.4,61.7,0.73,88.0,1
2.77,33.03,52.66,83.39,24.05,0.0,31.05,2240.1,3,1.63,2.9,202.1,24.31,88.1,1
11.26,47.27,90.42,68.51,45.75,14.73,35.16,1448.4,3,2.07,15.6,154.7,2.32,91.4,1
5.22,26.57,55.55,66.41,42.69,13.81,49.71,1293.9,4,0.7,31.8,102.8,0.41,92.5,1
5.93,69.13,102.87,72.14,58.35,29.32,49.2,2048.8,3,0.42,30.2,157.1,0.01,100.0,1
3.14,14.33,39.06,62.46,30.29,0.0,44.01,1446.8,2,0.53,47.6,446.8,33.0,57.7,0
3.49,30.64,75.73,63.1,41.47,9.62,37.72,1254.4,2,0.16,6.7,50.2,13.55,87.2,1
11.06,61.98,150.18,108.45,65.17,35.83,40.4,333.5,3,1.15,328.4,282.0,2.3,95.4,1
3.35,20.99,34.47,42.57,28.07,0.0,39.15,327.1,4,0.94,15.2,2.2,5.81,63.2,1
0.74,4.9,11.0,46.84,26.18,0.0,34.58,1617.9,3,0.0,145.3,15.9,6.67,17.1,0
19.75,85.4,182.9,128.68,70.7,41.21,32.56,454.2,3,3.49,91.9,538.1,2.14,99.2,1
4.33,28.07,77.9,65.98,47.88,14.47,45.54,1847.6,4,2.06,96.6,215.4,0.01,93.5,1
4.86,52.36,128.12,88.66,60.21,27.47,24.99,1606.9,3,1.07,13.4,180.6,10.55,96.9,1
0.88,3.66,8.07,53.83,27.12,0.0,48.64,1261.2,5,6.14,33.4,73.2,1.52,94.9,1
10.75,45.44,117.73,108.17,51.73,22.89,33.66,1790.6,2,5.08,181.6,36.7,2.75,97.0,1
4.72,24.05,38.9,62.68,42.45,6.71,24.83,2385.4,5,0.18,74.8,86.0,13.95,61.1,1
0.52,3.27,4.65,37.33,24.21,0.0,31.36,817.3,2,1.72,73.3,164.2,2.26,15.6,0
4.32,45.12,106.76,80.89,51.38,17.96,28.57,1469.8,3,3.06,94.7,181.1,0.73,99.8,1
4.38,20.43,31.41,52.19,24.23,0.0,31.11,2070.0,3,0.34,68.3,33.4,0.56,25.8,0
2.61,28.06,43.82,39.4,31.69,0.0,30.95,335.4,3,0.25,196.9,106.1,1.28,26.9,0
0.41,4.44,10.85,30.11,23.73,0.0,30.61,727.4,5,0.54,165.7,150.6,29.16,29.1,0
2.8,16.34,29.06,49.49,23.41,0.0,33.38,1394.0,2,0.59,45.8,579.2,0.07,26.4,0
2.42,22.58,51.48,63.61,32.66,0.0,35.45,1459.7,4,6.03,200.6,143.5,37.35,93.3,1
1.28,15.76,42.29,37.85,30.85,0.0,42.49,481.3,4,2.73,87.7,156.4,7.42,67.3,1
12.95,85.22,157.07,108.65,64.32,29.24,33.92,1155.6,2,0.11,118.6,260.8,2.64,98.4,1
0.06,0.56,0.95,41.54,12.0,0.0,38.77,1391.5,5,2.78,241.3,97.7,0.48,33.9,0
3.08,28.74,44.53,66.61,31.66,0.0,36.06,1188.2,3,0.33,77.6,87.2,0.47,46.1,0
0.64,6.84,10.82,15.71,20.76,0.0,40.59,1771.3,5,0.8,169.4,160.9,10.25,35.1,0
2.44,21.25,31.59,31.27,28.72,0.0,36.4,1919.9,4,0.69,118.7,275.3,0.99,37.5,0
21.15,104.92,159.76,149.01,70.94,43.17,30.5,1266.5,3,0.57,66.8,182.7,23.01,93.4,1
2.62,12.05,24.15,55.31,39.08,0.0,28.2,1193.9,3,0.66,186.7,37.1,0.39,27.4,0
20.53,130.85,241.97,207.11,88.0,48.0,37.79,1781.3,4,2.53,13.3,91.3,0.12,97.7,1
1.34,8.07,19.28,28.96,17.99,0.0,46.82,1466.1,1,0.56,104.4,129.4,47.27,30.6,0
4.27,49.89,130.62,111.85,54.5,17.58,34.05,2127.9,3,2.9,5.7,133.5,2.32,97.2,1
2.58,28.15,70.33,61.35,43.27,10.64,30.04,1310.4,1,0.17,20.4,74.7,5.83,59.6,0
9.96,80.46,172.42,145.1,71.18,38.12,33.82,1506.1,3,1.63,109.6,133.0,1.76,98.6,1
7.22,41.88,64.64,52.21,44.02,8.42,31.23,570.5,1,3.58,44.1,201.2,3.58,82.9,1
5.81,28.22,67.55,54.64,38.33,6.18,30.33,2055.6,5,0.15,36.5,113.6,0.09,71.8,1
3.06,16.71,31.88,28.96,26.74,0.0,23.73,1186.8,3,1.81,374.4,108.1,12.79,23.5,0
1.93,13.14,19.96,49.19,36.1,0.0,33.92,1810.0,4,1.29,54.7,291.1,7.5,50.5,0
10.11,100.97,260.46,196.53,88.0,48.0,38.0,1201.9,4,0.73,99.8,254.5,4.27,100.0,1
3.35,15.74,29.49,51.97,22.16,0.0,26.8,302.1,4,0.19,91.7,98.8,7.79,24.9,0
2.76,19.47,33.2,66.15,38.15,0.0,28.53,1140.9,2,2.03,7.7,994.5,6.93,70.1,1
10.33,50.37,131.96,124.09,47.97,20.42,27.94,609.8,3,0.67,134.6,12.4,2.14,88.3,1
3.51,20.99,55.9,62.11,14.68,0.0,24.21,1137.1,5,0.74,86.3,71.0,5.68,30.3,0
22.71,110.49,207.12,183.93,82.61,48.0,27.88,974.8,2,2.28,57.6,6.8,10.14,98.9,1
14.04,59.92,113.65,99.4,57.29,20.31,34.32,725.3,3,5.23,8.2,329.3,0.73,100.0,1
9.68,40.92,90.49,68.88,47.82,15.57,24.59,559.9,3,0.73,41.6,253.6,25.65,93.0,1
14.31,83.68,203.08,181.67,69.05,35.3,34.83,1830.0,3,2.47,258.6,207.2,11.48,98.6,1
1.63,9.76,14.53,15.47,23.71,0.0,30.02,1885.2,5,5.65,22.9,43.5,11.17,82.5,1
1.47,11.78,26.27,46.82,25.69,0.0,28.1,856.5,3,0.19,29.7,221.4,13.02,28.1,0
6.83,28.57,78.11,69.68,38.65,3.35,39.21,1339.9,1,1.36,27.6,79.0,7.04,71.1,1
3.79,24.0,42.41,55.23,40.35,1.99,30.56,1274.5,5,0.02,265.8,365.3,26.18,64.0,1
6.12,60.21,160.89,134.72,58.77,24.04,32.0,1046.0,4,3.14,144.5,40.1,6.39,97.0,1
15.58,101.46,277.0,195.86,88.0,48.0,47.03,883.0,3,0.61,256.3,44.2,0.06,97.6,1
3.21,31.64,56.22,66.6,42.91,10.29,28.18,690.7,2,0.73,294.1,582.1,11.28,56.3,1
2.68,16.2,39.79,64.89,33.43,0.0,49.31,2133.1,5,2.09,315.7,131.0,9.91,77.8,1
20.6,117.46,203.7,149.4,84.48,48.0,33.04,2050.0,2,2.8,79.8,106.4,9.71,99.9,1
2.84,20.65,50.22,54.9,37.44,0.64,26.34,1176.1,3,0.92,77.6,78.0,1.4,39.8,0
2.59,28.05,70.6,62.96,42.34,11.04,31.29,1814.5,2,1.97,211.9,320.2,2.12,65.5,1
4.04,16.8,29.33,60.99,30.41,0.0,36.58,1346.5,5,5.64,48.4,78.3,7.73,87.7,1
19.28,91.19,219.07,180.02,85.02,48.0,46.66,479.3,4,3.92,2.7,79.3,29.29,98.2,1
8.82,39.61,100.49,109.52,45.82,6.16,42.79,2027.0,3,2.17,48.3,23.7,5.56,100.0,1
9.02,63.39,120.56,91.02,45.95,12.59,36.54,760.5,4,5.16,151.2,132.4,0.92,99.9,1
14.59,69.7,113.94,82.37,57.63,29.0,46.71,1784.3,5,3.76,15.8,463.3,12.13,95.4,1
4.67,28.72,43.91,38.91,39.26,0.17,20.01,1407.5,5,2.35,184.3,568.7,2.81,57.8,0
2.36,20.71,45.68,41.94,34.3,0.0,38.12,1750.1,4,4.49,202.8,973.3,4.19,76.5,1
6.7,66.23,183.41,148.2,68.06,30.59,38.63,1289.5,4,3.06,12.8,115.3,14.29,100.0,1
3.57,25.72,65.64,91.36,29.03,0.0,38.74,1775.4,3,1.26,12.4,268.5,0.83,74.3,1
6.16,59.63,119.86,98.98,54.07,25.95,22.31,368.9,3,1.26,26.6,144.7,4.31,100.0,1
25.68,102.86,221.27,191.96,73.86,46.37,27.36,385.8,4,0.02,52.9,142.9,7.99,99.0,1
3.46,39.13,70.09,52.28,30.69,0.91,34.58,2182.3,4,0.06,91.3,295.4,11.42,59.5,1
7.97,51.41,83.72,101.13,43.32,12.88,45.48,1874.4,5,2.47,79.8,324.7,2.54,95.1,1
10.18,64.91,134.67,100.69,53.13,20.47,52.28,2039.8,2,1.46,230.2,3.6,2.94,96.0,1
9.42,71.86,147.24,141.77,63.3,28.51,30.35,1258.8,4,2.58,18.4,515.0,0.94,92.7,1
4.48,25.28,53.86,42.54,34.12,0.0,24.87,1265.3,3,5.38,143.5,311.7,13.24,77.2,1
1.26,11.93,32.62,68.87,25.49,0.0,42.93,1421.4,4,1.08,95.5,229.8,0.0,54.1,0
5.07,23.8,53.43,48.77,24.73,0.0,58.0,811.7,1,0.17,160.2,343.9,0.01,33.1,0
5.87,42.97,96.61,81.42,41.93,4.08,45.41,1840.4,4,1.77,50.2,138.7,7.25,92.9,1
4.23,23.44,37.02,51.15,25.47,0.0,29.64,2041.9,3,0.19,76.5,267.1,6.95,27.8,0
10.81,53.62,149.87,119.55,54.61,17.72,58.0,2205.2,4,1.75,3.5,164.3,4.86,96.5,1
6.14,26.58,65.98,77.92,36.5,4.18,41.84,1385.8,3,1.35,14.8,140.9,19.59,86.0,1
10.35,46.6,122.47,128.47,47.41,18.85,29.28,1170.6,3,2.24,56.4,42.8,6.49,99.5,1
3.16,17.22,34.1,54.46,28.57,0.0,52.44,2045.0,4,0.78,78.8,338.4,0.1,60.7,1
7.59,51.94,109.23,108.47,52.03,19.19,28.61,1880.6,5,0.28,10.8,387.5,51.77,95.8,1
6.03,36.44,77.64,59.43,36.78,3.0,30.72,2121.3,3,0.49,209.1,638.5,19.58,62.1,0
3.49,16.55,27.66,51.23,30.3,0.0,42.18,1677.0,4,2.07,350.4,23.1,9.08,57.7,1
4.43,19.35,45.76,55.17,24.64,0.0,35.79,2155.0,3,1.17,108.9,62.0,0.06,37.8,0
5.52,56.58,150.73,142.83,55.53,22.96,36.31,487.0,4,1.4,6.6,208.2,15.63,98.4,1
4.43,30.44,49.59,54.7,33.21,0.29,36.33,1727.1,3,0.7,161.1,347.9,16.0,57.8,1
3.6,17.0,25.85,52.38,31.36,0.0,45.47,486.5,3,3.26,29.4,250.5,13.31,82.8,1
20.0,130.42,317.37,221.55,88.0,48.0,16.24,1872.7,4,13.53,158.8,109.5,16.96,100.0,1
6.22,45.59,81.27,69.5,52.43,17.41,38.42,1619.7,3,0.67,68.4,233.0,0.68,90.2,1
18.21,121.48,276.18,201.44,88.0,48.0,33.53,333.6,2,2.28,6.6,13.5,30.61,100.0,1
3.93,21.54,51.13,51.91,33.55,0.0,29.6,1558.4,5,0.34,39.2,195.5,6.13,54.5,0
5.89,23.56,43.6,44.76,26.01,0.0,29.58,607.2,3,2.44,66.8,1.4,39.15,68.8,0
15.48,94.52,240.2,163.37,79.73,48.0,14.0,599.1,3,1.01,159.9,8.8,0.07,100.0,1
4.67,40.41,87.7,99.66,45.93,8.94,29.21,616.0,3,1.67,17.1,254.9,0.02,97.9,1
4.73,43.91,114.88,82.57,47.51,7.65,46.97,1316.0,4,0.49,40.6,116.9,0.08,84.8,1
1.47,16.82,41.52,71.92,39.02,4.64,43.07,542.6,2,3.43,10.5,11.1,0.87,86.9,1
4.11,23.51,61.5,50.62,28.45,0.0,34.37,563.9,1,0.34,114.8,118.4,13.83,21.4,0
2.05,11.89,16.98,18.98,27.67,0.0,24.0,838.0,3,4.75,77.2,11.7,2.8,45.2,0
2.36,20.53,35.73,53.56,23.97,0.0,42.99,301.8,3,0.11,317.4,76.4,0.04,31.3,0
2.83,14.29,21.81,41.79,21.18,0.0,47.13,879.2,2,0.61,161.9,30.8,5.68,27.7,0
2.25,10.92,22.04,41.43,29.41,0.0,44.79,1598.7,4,1.49,180.5,44.6,0.44,50.5,0
17.09,137.77,364.54,267.8,88.0,48.0,27.77,1563.3,1,3.52,21.6,39.2,0.1,100.0,1
2.6,18.76,38.55,42.98,27.7,0.0,28.65,2336.0,4,1.55,37.2,83.7,0.74,47.7,0
10.63,42.78,110.79,106.84,46.15,18.11,50.08,551.2,4,0.44,86.4,20.6,7.81,100.0,1
11.14,77.59,144.17,121.32,71.08,39.27,25.72,2117.7,2,3.53,1.6,135.0,8.09,97.3,1
8.59,41.06,76.99,70.11,37.85,3.2,40.06,1121.5,2,1.63,244.9,94.1,2.11,74.3,1
2.23,14.19,37.66,66.67,30.85,0.0,20.89,1112.8,4,0.48,180.5,329.7,1.71,24.0,0
10.84,50.46,100.72,103.21,46.99,8.79,33.45,1032.5,4,1.49,7.2,314.7,0.12,93.0,1
7.69,36.49,91.44,82.15,46.93,11.51,40.97,561.9,4,2.02,226.9,313.0,5.89,91.3,1
9.0,46.49,80.49,95.46,38.85,11.98,35.75,1304.9,3,2.05,0.5,114.2,12.87,100.0,1
14.34,63.64,173.62,159.27,67.41,33.32,40.45,1953.5,5,2.32,14.6,61.8,30.53,97.3,1
32.7,136.45,300.78,224.67,88.0,48.0,25.58,2138.4,4,4.07,6.8,96.6,17.49,99.4,1
6.2,34.71,85.49,70.24,38.76,4.21,29.03,2322.0,1,3.14,78.3,209.3,4.25,68.8,1
2.61,21.7,33.09,67.72,35.8,0.0,40.1,1949.1,3,1.68,183.9,135.8,1.66,58.8,1
7.22,48.87,102.13,79.91,55.71,21.63,41.92,1608.5,4,0.06,23.6,176.2,1.71,100.0,1
0.91,4.35,11.58,14.71,26.88,0.0,37.87,1344.8,2,2.49,177.1,213.0,0.06,21.0,0
17.65,92.56,243.22,177.83,88.0,48.0,44.05,2137.3,5,6.64,24.5,451.0,0.84,100.0,1
1.97,17.91,26.25,54.78,12.0,0.0,21.91,1853.0,4,0.66,559.2,518.8,14.48,16.5,0
2.49,28.1,51.3,79.89,36.91,2.98,32.04,638.6,1,1.68,230.5,330.4,6.12,43.8,0
12.78,65.16,131.67,119.26,54.52,28.52,51.49,1733.4,5,2.64,160.4,12.1,0.43,95.3,1
4.31,35.09,57.59,85.27,34.65,0.0,46.91,1205.2,3,1.83,107.5,698.3,5.6,83.3,1
